rule_id,scheme_id,parent_product_id,field,operator,value,value_type,rule_type,priority,condition_group,error_message,source_document,source_page,source_section,effective_from,effective_to,active
RULE-0001,SIH26092-001,NOT_APPLICABLE,new_unit_required,=,TRUE,BOOLEAN,ELIGIBILITY,HIGH,BASE,PMEGP assistance is only for new projects sanctioned under PMEGP,https://pmegp.msme.gov.in/Home/Notifications,WEB,Notification search result,UNKNOWN,UNKNOWN,TRUE
RULE-0002,SIH26092-005,NOT_APPLICABLE,activity_type,IN,TRADITIONAL_TRADE_18,ENUM,ELIGIBILITY,HIGH,BASE,Applicant must be engaged in a listed PM Vishwakarma trade,https://pmvishwakarma.gov.in/Home/FAQ,WEB,Eligibility,UNKNOWN,UNKNOWN,TRUE
RULE-0003,SIH26092-005,NOT_APPLICABLE,collateral_required,=,FALSE,BOOLEAN,FINANCIAL,HIGH,BASE,Scheme provides collateral-free credit,https://pmvishwakarma.gov.in/Home/FAQ,WEB,Scheme overview,UNKNOWN,UNKNOWN,TRUE
RULE-0004,SIH26092-015,NOT_APPLICABLE,social_category,IN,BACKWARD_CLASS,ENUM,ELIGIBILITY,HIGH,BASE,Applicant must be a notified Backward Class member,https://nbcfdc.gov.in/nbcfdc/web/individual-loan-scheme,WEB,Eligibility,UNKNOWN,UNKNOWN,TRUE
RULE-0005,SIH26092-015,NOT_APPLICABLE,income_limit,<=,500000,INR_PER_YEAR,ELIGIBILITY,HIGH,BASE,Annual family income exceeds NBCFDC limit,https://nbcfdc.gov.in/nbcfdc/web/individual-loan-scheme,WEB,Eligibility,UNKNOWN,UNKNOWN,TRUE
RULE-0006,SIH26092-015,NOT_APPLICABLE,max_loan_amount,<=,2500000,INR,FINANCIAL,HIGH,BASE,Loan exceeds individual scheme maximum,https://nbcfdc.gov.in/nbcfdc/web/individual-loan-scheme,WEB,Salient Features,UNKNOWN,UNKNOWN,TRUE
RULE-0007,SIH26092-015,NOT_APPLICABLE,financing_percentage,=,85,PERCENT,FINANCIAL,HIGH,BASE,NBCFDC financing share is 85 percent,https://nbcfdc.gov.in/nbcfdc/web/individual-loan-scheme,WEB,Pattern of Finance,UNKNOWN,UNKNOWN,TRUE
RULE-0008,SIH26092-015,NOT_APPLICABLE,beneficiary_contribution_percentage,=,15,PERCENT,FINANCIAL,HIGH,BASE,Channel Partner/beneficiary share is 15 percent,https://nbcfdc.gov.in/nbcfdc/web/individual-loan-scheme,WEB,Pattern of Finance,UNKNOWN,UNKNOWN,TRUE
RULE-0009,SIH26092-015,NOT_APPLICABLE,interest_rate_max,=,7,PERCENT_PER_ANNUM,FINANCIAL,HIGH,LOAN_LTE_125000,Beneficiary rate for loan up to INR 125000 is 7 percent,https://nbcfdc.gov.in/nbcfdc/web/individual-loan-scheme,WEB,Rate of Interest & Repayment Period,UNKNOWN,UNKNOWN,TRUE
RULE-0010,SIH26092-015,NOT_APPLICABLE,interest_rate_max,=,8,PERCENT_PER_ANNUM,FINANCIAL,HIGH,LOAN_GT_125000,Beneficiary rate for loan above INR 125000 is 8 percent,https://nbcfdc.gov.in/nbcfdc/web/individual-loan-scheme,WEB,Rate of Interest & Repayment Period,UNKNOWN,UNKNOWN,TRUE
RULE-0011,SIH26092-015,NOT_APPLICABLE,repayment_period_max_months,=,48,MONTHS,FINANCIAL,HIGH,LOAN_LTE_125000,Repayment period is four years for loan up to INR 125000,https://nbcfdc.gov.in/nbcfdc/web/individual-loan-scheme,WEB,Rate of Interest & Repayment Period,UNKNOWN,UNKNOWN,TRUE
RULE-0012,SIH26092-015,NOT_APPLICABLE,repayment_period_max_months,=,84,MONTHS,FINANCIAL,HIGH,LOAN_GT_125000,Repayment period is seven years for loan above INR 125000,https://nbcfdc.gov.in/nbcfdc/web/individual-loan-scheme,WEB,Rate of Interest & Repayment Period,UNKNOWN,UNKNOWN,TRUE
RULE-0013,SIH26092-052,NOT_APPLICABLE,sc_required,=,TRUE,BOOLEAN,ELIGIBILITY,HIGH,BASE,Applicant must belong to Scheduled Caste community,https://nsfdc.nic.in/index.php/faqs,WEB,Community Requirement,2026-01-07,UNKNOWN,TRUE
RULE-0014,SIH26092-052,NOT_APPLICABLE,income_limit,<=,500000,INR_PER_YEAR,ELIGIBILITY,HIGH,BASE,Annual family income exceeds NSFDC loan income ceiling,https://nsfdc.nic.in/index.php/faqs,WEB,Income Ceiling,2026-01-07,UNKNOWN,TRUE
RULE-0015,SIH26092-052,NOT_APPLICABLE,application_route,IN,PM_SURAJ; AUTHORISED_SCA; AUTHORISED_CA,ENUM,APPLICATION,MEDIUM,BASE,Direct application to NSFDC is not accepted,https://nsfdc.nic.in/index.php/faqs,WEB,Application route,UNKNOWN,UNKNOWN,TRUE
RULE-0016,SIH26092-053,NOT_APPLICABLE,sc_required,=,TRUE,BOOLEAN,ELIGIBILITY,HIGH,BASE,Applicant must belong to Scheduled Caste community,https://nsfdc.nic.in/index.php/faqs,WEB,Community Requirement,2026-01-07,UNKNOWN,TRUE
RULE-0017,SIH26092-053,NOT_APPLICABLE,income_limit,<=,500000,INR_PER_YEAR,ELIGIBILITY,HIGH,BASE,Annual family income exceeds NSFDC loan income ceiling,https://nsfdc.nic.in/index.php/faqs,WEB,Income Ceiling,2026-01-07,UNKNOWN,TRUE
RULE-0018,SIH26092-053,NOT_APPLICABLE,application_route,IN,PM_SURAJ; AUTHORISED_SCA; AUTHORISED_CA,ENUM,APPLICATION,MEDIUM,BASE,Direct application to NSFDC is not accepted,https://nsfdc.nic.in/index.php/faqs,WEB,Application route,UNKNOWN,UNKNOWN,TRUE
RULE-0019,SIH26092-054,NOT_APPLICABLE,sc_required,=,TRUE,BOOLEAN,ELIGIBILITY,HIGH,BASE,Applicant must belong to Scheduled Caste community,https://nsfdc.nic.in/index.php/faqs,WEB,Community Requirement,2026-01-07,UNKNOWN,TRUE
RULE-0020,SIH26092-054,NOT_APPLICABLE,income_limit,<=,500000,INR_PER_YEAR,ELIGIBILITY,HIGH,BASE,Annual family income exceeds NSFDC loan income ceiling,https://nsfdc.nic.in/index.php/faqs,WEB,Income Ceiling,2026-01-07,UNKNOWN,TRUE
RULE-0021,SIH26092-054,NOT_APPLICABLE,application_route,IN,PM_SURAJ; AUTHORISED_SCA; AUTHORISED_CA,ENUM,APPLICATION,MEDIUM,BASE,Direct application to NSFDC is not accepted,https://nsfdc.nic.in/index.php/faqs,WEB,Application route,UNKNOWN,UNKNOWN,TRUE
RULE-0022,SIH26092-055,NOT_APPLICABLE,sc_required,=,TRUE,BOOLEAN,ELIGIBILITY,HIGH,BASE,Applicant must belong to Scheduled Caste community,https://nsfdc.nic.in/index.php/faqs,WEB,Community Requirement,2026-01-07,UNKNOWN,TRUE
RULE-0023,SIH26092-055,NOT_APPLICABLE,income_limit,<=,500000,INR_PER_YEAR,ELIGIBILITY,HIGH,BASE,Annual family income exceeds NSFDC loan income ceiling,https://nsfdc.nic.in/index.php/faqs,WEB,Income Ceiling,2026-01-07,UNKNOWN,TRUE
RULE-0024,SIH26092-055,NOT_APPLICABLE,application_route,IN,PM_SURAJ; AUTHORISED_SCA; AUTHORISED_CA,ENUM,APPLICATION,MEDIUM,BASE,Direct application to NSFDC is not accepted,https://nsfdc.nic.in/index.php/faqs,WEB,Application route,UNKNOWN,UNKNOWN,TRUE
RULE-0025,SIH26092-056,NOT_APPLICABLE,sc_required,=,TRUE,BOOLEAN,ELIGIBILITY,HIGH,BASE,Applicant must belong to Scheduled Caste community,https://nsfdc.nic.in/index.php/faqs,WEB,Community Requirement,2026-01-07,UNKNOWN,TRUE
RULE-0026,SIH26092-056,NOT_APPLICABLE,income_limit,<=,500000,INR_PER_YEAR,ELIGIBILITY,HIGH,BASE,Annual family income exceeds NSFDC loan income ceiling,https://nsfdc.nic.in/index.php/faqs,WEB,Income Ceiling,2026-01-07,UNKNOWN,TRUE
RULE-0027,SIH26092-056,NOT_APPLICABLE,application_route,IN,PM_SURAJ; AUTHORISED_SCA; AUTHORISED_CA,ENUM,APPLICATION,MEDIUM,BASE,Direct application to NSFDC is not accepted,https://nsfdc.nic.in/index.php/faqs,WEB,Application route,UNKNOWN,UNKNOWN,TRUE
RULE-0028,SIH26092-052,NOT_APPLICABLE,max_project_cost,<=,140000,INR,FINANCIAL,HIGH,MFS_PROJECT,Does not meet documented NSFDC financial condition,https://nsfdc.nic.in/index.php/scheme,WEB,Named scheme section,UNKNOWN,UNKNOWN,TRUE
RULE-0029,SIH26092-052,NOT_APPLICABLE,max_loan_amount,<=,125000,INR,FINANCIAL,HIGH,MFS_LOAN,Does not meet documented NSFDC financial condition,https://nsfdc.nic.in/index.php/scheme,WEB,Named scheme section,UNKNOWN,UNKNOWN,TRUE
RULE-0030,SIH26092-052,NOT_APPLICABLE,financing_percentage,<=,90,PERCENT,FINANCIAL,HIGH,MFS_FINANCE,Does not meet documented NSFDC financial condition,https://nsfdc.nic.in/index.php/scheme,WEB,Named scheme section,UNKNOWN,UNKNOWN,TRUE
RULE-0031,SIH26092-052,NOT_APPLICABLE,interest_rate_max,=,6.5,PERCENT_PER_ANNUM,FINANCIAL,HIGH,MFS_RATE,Does not meet documented NSFDC financial condition,https://nsfdc.nic.in/index.php/scheme,WEB,Named scheme section,UNKNOWN,UNKNOWN,TRUE
RULE-0032,SIH26092-052,NOT_APPLICABLE,repayment_period_max_months,<=,36,MONTHS,FINANCIAL,HIGH,MFS_REPAY,Does not meet documented NSFDC financial condition,https://nsfdc.nic.in/index.php/scheme,WEB,Named scheme section,UNKNOWN,UNKNOWN,TRUE
RULE-0033,SIH26092-052,NOT_APPLICABLE,moratorium_max_months,=,3,MONTHS,FINANCIAL,HIGH,MFS_MOR,Does not meet documented NSFDC financial condition,https://nsfdc.nic.in/index.php/scheme,WEB,Named scheme section,UNKNOWN,UNKNOWN,TRUE
RULE-0034,SIH26092-053,NOT_APPLICABLE,project_cost,>,140000,INR,FINANCIAL,HIGH,TERM_PROJECT_MIN,Does not meet documented NSFDC financial condition,https://nsfdc.nic.in/index.php/scheme,WEB,Named scheme section,UNKNOWN,UNKNOWN,TRUE
RULE-0035,SIH26092-053,NOT_APPLICABLE,max_project_cost,<=,5000000,INR,FINANCIAL,HIGH,TERM_PROJECT_MAX,Does not meet documented NSFDC financial condition,https://nsfdc.nic.in/index.php/scheme,WEB,Named scheme section,UNKNOWN,UNKNOWN,TRUE
RULE-0036,SIH26092-053,NOT_APPLICABLE,max_loan_amount,<=,4500000,INR,FINANCIAL,HIGH,TERM_LOAN,Does not meet documented NSFDC financial condition,https://nsfdc.nic.in/index.php/scheme,WEB,Named scheme section,UNKNOWN,UNKNOWN,TRUE
RULE-0037,SIH26092-053,NOT_APPLICABLE,financing_percentage,<=,90,PERCENT,FINANCIAL,HIGH,TERM_FINANCE,Does not meet documented NSFDC financial condition,https://nsfdc.nic.in/index.php/scheme,WEB,Named scheme section,UNKNOWN,UNKNOWN,TRUE
RULE-0038,SIH26092-053,NOT_APPLICABLE,interest_rate_max,=,8,PERCENT_PER_ANNUM,FINANCIAL,HIGH,TERM_RATE,Does not meet documented NSFDC financial condition,https://nsfdc.nic.in/index.php/scheme,WEB,Named scheme section,UNKNOWN,UNKNOWN,TRUE
RULE-0039,SIH26092-053,NOT_APPLICABLE,repayment_period_max_months,<=,84,MONTHS,FINANCIAL,HIGH,TERM_REPAY,Does not meet documented NSFDC financial condition,https://nsfdc.nic.in/index.php/scheme,WEB,Named scheme section,UNKNOWN,UNKNOWN,TRUE
RULE-0040,SIH26092-053,NOT_APPLICABLE,moratorium_min_months,=,6,MONTHS,FINANCIAL,HIGH,TERM_MOR,Does not meet documented NSFDC financial condition,https://nsfdc.nic.in/index.php/scheme,WEB,Named scheme section,UNKNOWN,UNKNOWN,TRUE
RULE-0041,SIH26092-054,NOT_APPLICABLE,max_project_cost,<=,140000,INR,FINANCIAL,HIGH,AMY_PROJECT,Does not meet documented NSFDC financial condition,https://nsfdc.nic.in/index.php/scheme,WEB,Named scheme section,UNKNOWN,UNKNOWN,TRUE
RULE-0042,SIH26092-054,NOT_APPLICABLE,max_loan_amount,<=,125000,INR,FINANCIAL,HIGH,AMY_LOAN,Does not meet documented NSFDC financial condition,https://nsfdc.nic.in/index.php/scheme,WEB,Named scheme section,UNKNOWN,UNKNOWN,TRUE
RULE-0043,SIH26092-054,NOT_APPLICABLE,financing_percentage,<=,90,PERCENT,FINANCIAL,HIGH,AMY_FINANCE,Does not meet documented NSFDC financial condition,https://nsfdc.nic.in/index.php/scheme,WEB,Named scheme section,UNKNOWN,UNKNOWN,TRUE
RULE-0044,SIH26092-054,NOT_APPLICABLE,interest_rate_max,=,15,PERCENT_PER_ANNUM,FINANCIAL,HIGH,AMY_RATE,Does not meet documented NSFDC financial condition,https://nsfdc.nic.in/index.php/scheme,WEB,Named scheme section,UNKNOWN,UNKNOWN,TRUE
RULE-0045,SIH26092-054,NOT_APPLICABLE,repayment_period_max_months,<=,36,MONTHS,FINANCIAL,HIGH,AMY_REPAY,Does not meet documented NSFDC financial condition,https://nsfdc.nic.in/index.php/scheme,WEB,Named scheme section,UNKNOWN,UNKNOWN,TRUE
RULE-0046,SIH26092-055,NOT_APPLICABLE,max_project_cost,<=,500000,INR,FINANCIAL,HIGH,UNY_PROJECT,Does not meet documented NSFDC financial condition,https://nsfdc.nic.in/index.php/scheme,WEB,Named scheme section,UNKNOWN,UNKNOWN,TRUE
RULE-0047,SIH26092-055,NOT_APPLICABLE,max_loan_amount,<=,450000,INR,FINANCIAL,HIGH,UNY_LOAN,Does not meet documented NSFDC financial condition,https://nsfdc.nic.in/index.php/scheme,WEB,Named scheme section,UNKNOWN,UNKNOWN,TRUE
RULE-0048,SIH26092-055,NOT_APPLICABLE,financing_percentage,<=,90,PERCENT,FINANCIAL,HIGH,UNY_FINANCE,Does not meet documented NSFDC financial condition,https://nsfdc.nic.in/index.php/scheme,WEB,Named scheme section,UNKNOWN,UNKNOWN,TRUE
RULE-0049,SIH26092-055,NOT_APPLICABLE,interest_rate_max,=,13,PERCENT_PER_ANNUM,FINANCIAL,HIGH,UNY_COOP_RATE,Does not meet documented NSFDC financial condition,https://nsfdc.nic.in/index.php/scheme,WEB,Named scheme section,UNKNOWN,UNKNOWN,TRUE
RULE-0050,SIH26092-055,NOT_APPLICABLE,interest_rate_max,=,15,PERCENT_PER_ANNUM,FINANCIAL,HIGH,UNY_SFB_RATE,Does not meet documented NSFDC financial condition,https://nsfdc.nic.in/index.php/scheme,WEB,Named scheme section,UNKNOWN,UNKNOWN,TRUE
RULE-0051,SIH26092-055,NOT_APPLICABLE,repayment_period_max_months,<=,60,MONTHS,FINANCIAL,HIGH,UNY_REPAY,Does not meet documented NSFDC financial condition,https://nsfdc.nic.in/index.php/scheme,WEB,Named scheme section,UNKNOWN,UNKNOWN,TRUE
RULE-0052,SIH26092-056,NOT_APPLICABLE,max_loan_amount,<=,4000000,INR,FINANCIAL,HIGH,ELS_LOAN,Does not meet documented NSFDC financial condition,https://nsfdc.nic.in/index.php/scheme,WEB,Named scheme section,UNKNOWN,UNKNOWN,TRUE
RULE-0053,SIH26092-056,NOT_APPLICABLE,financing_percentage,<=,90,PERCENT,FINANCIAL,HIGH,ELS_FINANCE,Does not meet documented NSFDC financial condition,https://nsfdc.nic.in/index.php/scheme,WEB,Named scheme section,UNKNOWN,UNKNOWN,TRUE
RULE-0054,SIH26092-056,NOT_APPLICABLE,interest_rate_max,=,6.5,PERCENT_PER_ANNUM,FINANCIAL,HIGH,ELS_RATE,Does not meet documented NSFDC financial condition,https://nsfdc.nic.in/index.php/scheme,WEB,Named scheme section,UNKNOWN,UNKNOWN,TRUE
RULE-0055,SIH26092-056,NOT_APPLICABLE,repayment_period_min_months,>=,120,MONTHS,FINANCIAL,HIGH,ELS_REPAY_STARTED,Does not meet documented NSFDC financial condition,https://nsfdc.nic.in/index.php/scheme,WEB,Named scheme section,UNKNOWN,UNKNOWN,TRUE
RULE-0056,SIH26092-056,NOT_APPLICABLE,repayment_period_max_months,<=,144,MONTHS,FINANCIAL,HIGH,ELS_REPAY_NOT_STARTED,Does not meet documented NSFDC financial condition,https://nsfdc.nic.in/index.php/scheme,WEB,Named scheme section,UNKNOWN,UNKNOWN,TRUE
RULE-0057,SIH26092-056,NOT_APPLICABLE,moratorium,=,COURSE_DURATION_PLUS_1_YEAR_OR_UPTO_6_MONTHS_IF_REPAYMENT_STARTED,TEXT,FINANCIAL,HIGH,ELS_MORATORIUM,Moratorium depends on disbursement/repayment condition,https://nsfdc.nic.in/index.php/scheme,WEB,Educational Loan Scheme,UNKNOWN,UNKNOWN,TRUE
