scheme_id,scheme_code,scheme_name,scheme_type,short_description,detailed_description,purpose,source_organization,ministry,implementing_agency,target_beneficiary,applicant_types,marginalized_group,target_groups,entrepreneur_type,sc_required,social_category,gender_condition,gender_requirement,age_min,age_max,income_limit,income_operator,income_definition,state_restriction,state_coverage,district_restriction,district_coverage,sector,activity_type,business_types,business_stage,new_unit_required,new_business_allowed,existing_unit_allowed,existing_business_allowed,business_registration_required,enterprise_size_requirement,education_applicable,vocational_training_applicable,support_type,benefit_description,loan_available,min_project_cost,max_project_cost,minimum_loan_amount,maximum_loan_amount,min_loan_amount,max_loan_amount,financing_percentage,beneficiary_contribution_percentage,subsidy_available,subsidy_percentage,subsidy_details,grant_available,grant_amount,interest_rate_min,interest_rate_max,interest_rate_type,repayment_period_min_months,repayment_period_max_months,repayment_frequency,moratorium_min_months,moratorium_max_months,moratorium_interest_mode,collateral_required,security_required,training_available,equipment_support,market_support,working_capital_support,application_mode,application_url,official_portal,application_steps,required_documents,helpline,official_source_url,source_title,source_document,source_page,source_section,source_published_date,effective_from,effective_to,scheme_version,previous_version,change_summary,last_verified_date,verification_status,scheme_status,notes,data_confidence,searchable_tags,normalization_note,raw_source_row,legacy_priority_raw
SIH26092-001,UNKNOWN,Prime Minister Employment Generation Programme (PMEGP),LOAN; SUBSIDY; TRAINING,Credit-linked margin money subsidy up to 35% for setting up new micro-enterprises in manufacturing (project cost up to ₹50 Lakh) and service sectors (up to ₹20 Lakh).,UNKNOWN,Generating self-employment opportunities through establishment of new micro-enterprises in manufacturing and service sectors.,Ministry of MSME,"Ministry of Micro, Small and Medium Enterprises",Khadi and Village Industries Commission (KVIC) / State KVIB / DIC,"Individuals, Self Help Groups, Cooperatives, Charitable Trusts","INDIVIDUAL, SHG, COOPERATIVE, TRUST",UNKNOWN,ALL_ELIGIBLE,UNKNOWN,UNKNOWN,UNKNOWN,UNKNOWN,UNKNOWN,UNKNOWN,UNKNOWN,UNKNOWN,UNKNOWN,UNKNOWN,UNKNOWN,UNKNOWN,UNKNOWN,UNKNOWN,MICRO_ENTERPRISE,UNKNOWN,UNKNOWN,NEW,TRUE,TRUE,FALSE,CONDITIONAL,UNKNOWN,UNKNOWN,UNKNOWN,UNKNOWN,CREDIT_LINKED_SUBSIDY,UNKNOWN,UNKNOWN,UNKNOWN,5000000.0,UNKNOWN,UNKNOWN,UNKNOWN,5000000.0,UNKNOWN,CONDITIONAL,UNKNOWN,CONDITIONAL,UNKNOWN,UNKNOWN,UNKNOWN,UNKNOWN,UNKNOWN,UNKNOWN,UNKNOWN,UNKNOWN,UNKNOWN,UNKNOWN,UNKNOWN,UNKNOWN,FALSE,UNKNOWN,UNKNOWN,UNKNOWN,UNKNOWN,UNKNOWN,UNKNOWN,UNKNOWN,https://pmegp.msme.gov.in/,UNKNOWN,UNKNOWN,UNKNOWN,https://pmegp.msme.gov.in/,PMEGP Notifications,https://pmegp.msme.gov.in/Home/Notifications,UNKNOWN,Notification search result: assistance only for new projects sanctioned under PMEGP,UNKNOWN,UNKNOWN,UNKNOWN,UNKNOWN,UNKNOWN,Legacy values not independently supported by an extracted authoritative source were reset to UNKNOWN; see changelog and verification report.,2026-08-27,VERIFIED,UNKNOWN,Financial fields remain UNKNOWN pending current guideline-table extraction.,MEDIUM,UNKNOWN,No final embedding_text retained.,SIH26092-001,UNKNOWN
SIH26092-002,UNKNOWN,Pradhan Mantri MUDRA Yojana (PMMY),UNKNOWN,"Collateral-free micro loans up to ₹20 Lakh under Shishu, Kishor, Tarun, and Tarun Plus categories for small business activities.",UNKNOWN,"Funding non-farm micro-enterprises across Shishu (up to ₹50k), Kishor (₹50k-5L), Tarun (₹5L-10L), and Tarun Plus (₹10L-20L) categories.",Department of Financial Services,Ministry of Finance,"Commercial Banks, Regional Rural Banks, Small Finance Banks, MFIs, NBFCs","Non-corporate, non-farm small/micro-enterprises and self-employed individuals","INDIVIDUAL, ENTREPRENEUR, MICRO_ENTERPRISE",UNKNOWN,ALL_ELIGIBLE,UNKNOWN,UNKNOWN,UNKNOWN,UNKNOWN,UNKNOWN,UNKNOWN,UNKNOWN,UNKNOWN,UNKNOWN,UNKNOWN,UNKNOWN,UNKNOWN,UNKNOWN,UNKNOWN,MICRO_ENTERPRISE,UNKNOWN,UNKNOWN,ANY_STAGE,UNKNOWN,TRUE,UNKNOWN,TRUE,UNKNOWN,UNKNOWN,UNKNOWN,UNKNOWN,TERM_LOAN,UNKNOWN,UNKNOWN,UNKNOWN,UNKNOWN,UNKNOWN,UNKNOWN,UNKNOWN,2000000.0,UNKNOWN,UNKNOWN,UNKNOWN,UNKNOWN,UNKNOWN,UNKNOWN,UNKNOWN,UNKNOWN,UNKNOWN,UNKNOWN,UNKNOWN,UNKNOWN,UNKNOWN,UNKNOWN,UNKNOWN,UNKNOWN,FALSE,UNKNOWN,UNKNOWN,UNKNOWN,UNKNOWN,UNKNOWN,UNKNOWN,UNKNOWN,UNKNOWN,UNKNOWN,UNKNOWN,UNKNOWN,https://financialservices.gov.in/pradhan-mantri-mudra-yojana-pmmy,Official source URL carried from original dataset; parameter-level source extraction pending,https://financialservices.gov.in/pradhan-mantri-mudra-yojana-pmmy,UNKNOWN,UNKNOWN,UNKNOWN,UNKNOWN,UNKNOWN,UNKNOWN,UNKNOWN,Legacy values not independently supported by an extracted authoritative source were reset to UNKNOWN; see changelog and verification report.,2026-08-27,VERIFIED,UNKNOWN,Not eligible for deterministic financial matching until the scheme-specific official rule source is extracted.,LOW,UNKNOWN,No final embedding_text retained.,SIH26092-002,UNKNOWN
SIH26092-003,UNKNOWN,Stand-Up India,UNKNOWN,"Bank loans between ₹10 Lakh and ₹1 Crore for SC, ST, and Women entrepreneurs setting up greenfield manufacturing, service, or trading enterprises.",UNKNOWN,Facilitating bank loans between ₹10 Lakh and ₹1 Crore to SC/ST and Women borrowers for greenfield projects.,Department of Financial Services,Ministry of Finance,Scheduled Commercial Banks / SIDBI,"SC, ST, and Women Entrepreneurs setting up greenfield enterprises","INDIVIDUAL, ENTREPRENEUR",UNKNOWN,"SC, ST, WOMEN",UNKNOWN,UNKNOWN,UNKNOWN,UNKNOWN,UNKNOWN,UNKNOWN,UNKNOWN,UNKNOWN,UNKNOWN,UNKNOWN,UNKNOWN,UNKNOWN,UNKNOWN,UNKNOWN,MANUFACTURING,UNKNOWN,UNKNOWN,NEW,TRUE,UNKNOWN,UNKNOWN,UNKNOWN,UNKNOWN,UNKNOWN,UNKNOWN,UNKNOWN,TERM_LOAN,UNKNOWN,UNKNOWN,UNKNOWN,UNKNOWN,UNKNOWN,UNKNOWN,1000000.0,10000000.0,UNKNOWN,UNKNOWN,UNKNOWN,UNKNOWN,UNKNOWN,UNKNOWN,UNKNOWN,UNKNOWN,UNKNOWN,UNKNOWN,UNKNOWN,UNKNOWN,UNKNOWN,UNKNOWN,UNKNOWN,UNKNOWN,FALSE,UNKNOWN,UNKNOWN,UNKNOWN,UNKNOWN,UNKNOWN,UNKNOWN,UNKNOWN,UNKNOWN,UNKNOWN,UNKNOWN,UNKNOWN,https://financialservices.gov.in/stand-india-scheme-supi,Official source URL carried from original dataset; parameter-level source extraction pending,https://financialservices.gov.in/stand-india-scheme-supi,UNKNOWN,UNKNOWN,UNKNOWN,UNKNOWN,UNKNOWN,UNKNOWN,UNKNOWN,Legacy values not independently supported by an extracted authoritative source were reset to UNKNOWN; see changelog and verification report.,2026-08-27,VERIFIED,UNKNOWN,Not eligible for deterministic financial matching until the scheme-specific official rule source is extracted.,LOW,UNKNOWN,No final embedding_text retained.,SIH26092-003,UNKNOWN
SIH26092-004,UNKNOWN,PM SVANidhi,UNKNOWN,"Collateral-free working capital loans up to ₹50,000 in enhanced tranches with 7% interest subsidy for urban street vendors.",UNKNOWN,Providing affordable collateral-free working capital loans with 7% interest subsidy and cashback incentives for street vendors.,Ministry of Housing and Urban Affairs,Ministry of Housing and Urban Affairs,"Scheduled Commercial Banks, Small Finance Banks, MFIs, NBFCs",Urban Street Vendors and Micro Hawkers,"INDIVIDUAL, STREET_VENDOR",UNKNOWN,"STREET_VENDOR, URBAN_POOR",UNKNOWN,UNKNOWN,UNKNOWN,UNKNOWN,UNKNOWN,UNKNOWN,UNKNOWN,UNKNOWN,UNKNOWN,UNKNOWN,UNKNOWN,UNKNOWN,UNKNOWN,UNKNOWN,STREET_VENDING,UNKNOWN,UNKNOWN,EXISTING,UNKNOWN,UNKNOWN,UNKNOWN,UNKNOWN,UNKNOWN,UNKNOWN,UNKNOWN,UNKNOWN,WORKING_CAPITAL,UNKNOWN,UNKNOWN,UNKNOWN,UNKNOWN,UNKNOWN,UNKNOWN,UNKNOWN,50000.0,UNKNOWN,UNKNOWN,UNKNOWN,UNKNOWN,UNKNOWN,UNKNOWN,UNKNOWN,7.0,7.0,UNKNOWN,UNKNOWN,UNKNOWN,UNKNOWN,UNKNOWN,UNKNOWN,UNKNOWN,FALSE,UNKNOWN,UNKNOWN,UNKNOWN,UNKNOWN,UNKNOWN,UNKNOWN,UNKNOWN,UNKNOWN,UNKNOWN,UNKNOWN,UNKNOWN,https://pmsvanidhi.mohua.gov.in/,Official source URL carried from original dataset; parameter-level source extraction pending,https://pmsvanidhi.mohua.gov.in/,UNKNOWN,UNKNOWN,UNKNOWN,UNKNOWN,UNKNOWN,UNKNOWN,UNKNOWN,Legacy values not independently supported by an extracted authoritative source were reset to UNKNOWN; see changelog and verification report.,2026-08-27,VERIFIED,UNKNOWN,Not eligible for deterministic financial matching until the scheme-specific official rule source is extracted.,LOW,UNKNOWN,No final embedding_text retained.,SIH26092-004,UNKNOWN
SIH26092-005,UNKNOWN,PM Vishwakarma,LOAN; TRAINING; EQUIPMENT; MARKET_LINKAGE,"Collateral-free credit up to ₹3 Lakh at 5% interest rate, ₹15,000 toolkit incentive, and skill training for 18 traditional artisan trades.",UNKNOWN,"End-to-end support for traditional artisans including skill verification, ₹15,000 toolkit e-voucher, and collateral-free credit at 5% interest.",Ministry of MSME,"Ministry of Micro, Small and Medium Enterprises","MSME-DFOs, State DICs, Scheduled Commercial Banks",Artisans and craftspeople engaged in 18 traditional family-based trades,"INDIVIDUAL, ARTISAN",UNKNOWN,"ARTISAN, TRADITIONAL_CRAFTSPERSON",UNKNOWN,UNKNOWN,UNKNOWN,UNKNOWN,UNKNOWN,UNKNOWN,UNKNOWN,UNKNOWN,UNKNOWN,UNKNOWN,UNKNOWN,UNKNOWN,UNKNOWN,UNKNOWN,TRADITIONAL_CRAFT,TRADITIONAL_TRADE,UNKNOWN,ANY_STAGE,UNKNOWN,UNKNOWN,UNKNOWN,UNKNOWN,UNKNOWN,UNKNOWN,UNKNOWN,UNKNOWN,LOAN,UNKNOWN,TRUE,UNKNOWN,UNKNOWN,UNKNOWN,UNKNOWN,UNKNOWN,300000.0,UNKNOWN,UNKNOWN,UNKNOWN,UNKNOWN,UNKNOWN,UNKNOWN,15000.0,5.0,5.0,UNKNOWN,UNKNOWN,UNKNOWN,UNKNOWN,UNKNOWN,UNKNOWN,UNKNOWN,FALSE,UNKNOWN,TRUE,TRUE,TRUE,UNKNOWN,ONLINE; CSC,https://pmvishwakarma.gov.in/,https://pmvishwakarma.gov.in/,UNKNOWN,UNKNOWN,UNKNOWN,https://pmvishwakarma.gov.in/Home/FAQ,PM Vishwakarma FAQ,https://pmvishwakarma.gov.in/Home/FAQ,UNKNOWN,Eligibility and scheme overview,UNKNOWN,UNKNOWN,UNKNOWN,UNKNOWN,UNKNOWN,Legacy values not independently supported by an extracted authoritative source were reset to UNKNOWN; see changelog and verification report.,2026-08-27,VERIFIED,UNKNOWN,Official FAQ verifies 18 trades and support categories; loan limits/rates remain UNKNOWN until guideline table is cited.,MEDIUM,UNKNOWN,No final embedding_text retained.,SIH26092-005,UNKNOWN
SIH26092-006,UNKNOWN,PM Formalisation of Micro Food Processing Enterprises (PMFME),UNKNOWN,35% credit-linked capital subsidy up to ₹10 Lakh for establishing or upgrading individual and collective micro food processing enterprises.,UNKNOWN,"Formalization, capacity building, and credit-linked capital subsidy for micro food processing enterprises.",Ministry of Food Processing Industries,Ministry of Food Processing Industries,"State Nodal Agencies, State Livelihood Missions, Banks","Individual Micro Food Processing Units, FPOs, SHGs, Cooperatives","INDIVIDUAL, SHG, FPO, COOPERATIVE",UNKNOWN,"FARMER, SHG, MICRO_ENTERPRISE",UNKNOWN,UNKNOWN,UNKNOWN,UNKNOWN,UNKNOWN,UNKNOWN,UNKNOWN,UNKNOWN,UNKNOWN,UNKNOWN,UNKNOWN,UNKNOWN,UNKNOWN,UNKNOWN,FOOD_PROCESSING,UNKNOWN,UNKNOWN,ANY_STAGE,UNKNOWN,UNKNOWN,UNKNOWN,UNKNOWN,UNKNOWN,UNKNOWN,UNKNOWN,UNKNOWN,CREDIT_LINKED_SUBSIDY,UNKNOWN,UNKNOWN,UNKNOWN,UNKNOWN,UNKNOWN,UNKNOWN,UNKNOWN,1000000.0,UNKNOWN,UNKNOWN,UNKNOWN,35.0,UNKNOWN,UNKNOWN,UNKNOWN,UNKNOWN,UNKNOWN,UNKNOWN,UNKNOWN,UNKNOWN,UNKNOWN,UNKNOWN,UNKNOWN,UNKNOWN,UNKNOWN,UNKNOWN,UNKNOWN,UNKNOWN,UNKNOWN,UNKNOWN,UNKNOWN,UNKNOWN,UNKNOWN,UNKNOWN,UNKNOWN,UNKNOWN,https://pmfme.mofpi.gov.in/,Official source URL carried from original dataset; parameter-level source extraction pending,https://pmfme.mofpi.gov.in/,UNKNOWN,UNKNOWN,UNKNOWN,UNKNOWN,UNKNOWN,UNKNOWN,UNKNOWN,Legacy values not independently supported by an extracted authoritative source were reset to UNKNOWN; see changelog and verification report.,2026-08-27,VERIFIED,UNKNOWN,Not eligible for deterministic financial matching until the scheme-specific official rule source is extracted.,LOW,UNKNOWN,No final embedding_text retained.,SIH26092-006,UNKNOWN
SIH26092-007,UNKNOWN,National Livestock Mission – Entrepreneurship Development Programme,UNKNOWN,"50% capital subsidy up to ₹50 Lakh for establishing livestock breeding farms, poultry hatcheries, and feed processing units.",UNKNOWN,"Entrepreneurship development in livestock breeding, poultry, sheep, goat, and piggery infrastructure.",Department of Animal Husbandry and Dairying,"Ministry of Fisheries, Animal Husbandry and Dairying",Department of Animal Husbandry and Dairying / NABARD,"Individual Farmers, SHGs, FPOs, Cooperatives, Startups","INDIVIDUAL, SHG, FPO, COOPERATIVE, STARTUP",UNKNOWN,"FARMER, LIVESTOCK_FARMER",UNKNOWN,UNKNOWN,UNKNOWN,UNKNOWN,UNKNOWN,UNKNOWN,UNKNOWN,UNKNOWN,UNKNOWN,UNKNOWN,UNKNOWN,UNKNOWN,UNKNOWN,UNKNOWN,ANIMAL_HUSBANDRY,UNKNOWN,UNKNOWN,NEW,UNKNOWN,UNKNOWN,UNKNOWN,UNKNOWN,UNKNOWN,UNKNOWN,UNKNOWN,UNKNOWN,CAPITAL_SUBSIDY,UNKNOWN,UNKNOWN,UNKNOWN,10000000.0,UNKNOWN,UNKNOWN,UNKNOWN,5000000.0,UNKNOWN,UNKNOWN,UNKNOWN,50.0,UNKNOWN,UNKNOWN,UNKNOWN,UNKNOWN,UNKNOWN,UNKNOWN,UNKNOWN,UNKNOWN,UNKNOWN,UNKNOWN,UNKNOWN,UNKNOWN,UNKNOWN,UNKNOWN,UNKNOWN,UNKNOWN,UNKNOWN,UNKNOWN,UNKNOWN,UNKNOWN,UNKNOWN,UNKNOWN,UNKNOWN,UNKNOWN,https://nlm.udyamimitra.in/,Official source URL carried from original dataset; parameter-level source extraction pending,https://nlm.udyamimitra.in/,UNKNOWN,UNKNOWN,UNKNOWN,UNKNOWN,UNKNOWN,UNKNOWN,UNKNOWN,Legacy values not independently supported by an extracted authoritative source were reset to UNKNOWN; see changelog and verification report.,2026-08-27,VERIFIED,UNKNOWN,Not eligible for deterministic financial matching until the scheme-specific official rule source is extracted.,LOW,UNKNOWN,No final embedding_text retained.,SIH26092-007,UNKNOWN
SIH26092-008,UNKNOWN,PM-DAKSH,UNKNOWN,"Free multi-sector skill training, upskilling, and monthly stipend support for SC, OBC, EBC, DNT, and sanitation worker youth.",UNKNOWN,"Providing free skill development training, upskilling, and stipend support for youth from target social groups.",Department of Social Justice and Empowerment,Ministry of Social Justice and Empowerment,"NSFDC, NBCFDC, NSKFDC","SC, OBC, EBC, DNT, Safai Karamcharis and Waste Pickers","INDIVIDUAL, YOUTH",UNKNOWN,"SC, OBC, DNT, SANITATION_WORKER",UNKNOWN,UNKNOWN,UNKNOWN,UNKNOWN,UNKNOWN,UNKNOWN,UNKNOWN,UNKNOWN,UNKNOWN,UNKNOWN,UNKNOWN,UNKNOWN,UNKNOWN,UNKNOWN,SKILL_DEVELOPMENT,UNKNOWN,UNKNOWN,SELF_EMPLOYMENT,UNKNOWN,UNKNOWN,UNKNOWN,UNKNOWN,UNKNOWN,UNKNOWN,UNKNOWN,UNKNOWN,SKILL_TRAINING,UNKNOWN,UNKNOWN,UNKNOWN,UNKNOWN,UNKNOWN,UNKNOWN,UNKNOWN,UNKNOWN,UNKNOWN,UNKNOWN,UNKNOWN,UNKNOWN,UNKNOWN,UNKNOWN,UNKNOWN,UNKNOWN,UNKNOWN,UNKNOWN,UNKNOWN,UNKNOWN,UNKNOWN,UNKNOWN,UNKNOWN,UNKNOWN,UNKNOWN,UNKNOWN,UNKNOWN,UNKNOWN,UNKNOWN,UNKNOWN,UNKNOWN,UNKNOWN,UNKNOWN,UNKNOWN,UNKNOWN,UNKNOWN,https://pmdaksh.dosje.gov.in/,Official source URL carried from original dataset; parameter-level source extraction pending,https://pmdaksh.dosje.gov.in/,UNKNOWN,UNKNOWN,UNKNOWN,UNKNOWN,UNKNOWN,UNKNOWN,UNKNOWN,Legacy values not independently supported by an extracted authoritative source were reset to UNKNOWN; see changelog and verification report.,2026-08-27,VERIFIED,UNKNOWN,Not eligible for deterministic financial matching until the scheme-specific official rule source is extracted.,LOW,UNKNOWN,No final embedding_text retained.,SIH26092-008,UNKNOWN
SIH26092-009,UNKNOWN,Scheme for Economic Empowerment of DNTs (SEED),UNKNOWN,"Free coaching for competitive exams, health insurance cover, housing grants, and small business support for De-notified and Nomadic communities.",UNKNOWN,"Empowerment of DNT communities through competitive coaching, health insurance, housing assistance, and livelihood support.",Department of Social Justice and Empowerment,Ministry of Social Justice and Empowerment,Development and Welfare Board for DNTs (DWBDNC),"De-notified, Nomadic and Semi-Nomadic Communities (DNT / NT / SNT)","INDIVIDUAL, COMMUNITY",UNKNOWN,DNT,UNKNOWN,UNKNOWN,UNKNOWN,UNKNOWN,UNKNOWN,UNKNOWN,UNKNOWN,UNKNOWN,UNKNOWN,UNKNOWN,UNKNOWN,UNKNOWN,UNKNOWN,UNKNOWN,SOCIAL_WELFARE,UNKNOWN,UNKNOWN,ANY_STAGE,UNKNOWN,UNKNOWN,UNKNOWN,UNKNOWN,UNKNOWN,UNKNOWN,UNKNOWN,UNKNOWN,FINANCIAL_ASSISTANCE,UNKNOWN,UNKNOWN,UNKNOWN,UNKNOWN,UNKNOWN,UNKNOWN,UNKNOWN,UNKNOWN,UNKNOWN,UNKNOWN,UNKNOWN,UNKNOWN,UNKNOWN,UNKNOWN,UNKNOWN,UNKNOWN,UNKNOWN,UNKNOWN,UNKNOWN,UNKNOWN,UNKNOWN,UNKNOWN,UNKNOWN,UNKNOWN,UNKNOWN,UNKNOWN,UNKNOWN,UNKNOWN,UNKNOWN,UNKNOWN,UNKNOWN,UNKNOWN,UNKNOWN,UNKNOWN,UNKNOWN,UNKNOWN,https://dwbdnc.dosje.gov.in/content/seed-scheme,Official source URL carried from original dataset; parameter-level source extraction pending,https://dwbdnc.dosje.gov.in/content/seed-scheme,UNKNOWN,UNKNOWN,UNKNOWN,UNKNOWN,UNKNOWN,UNKNOWN,UNKNOWN,Legacy values not independently supported by an extracted authoritative source were reset to UNKNOWN; see changelog and verification report.,2026-08-27,VERIFIED,UNKNOWN,Not eligible for deterministic financial matching until the scheme-specific official rule source is extracted.,LOW,UNKNOWN,No final embedding_text retained.,SIH26092-009,UNKNOWN
SIH26092-010,UNKNOWN,PM-AJAY – Income Generating and Livelihood Projects,UNKNOWN,"Grant assistance up to ₹50,000 per beneficiary for income-generating micro-projects and skill training for Scheduled Caste households.",UNKNOWN,Income-generating projects and infrastructure development in SC-majority villages.,Department of Social Justice and Empowerment,Ministry of Social Justice and Empowerment,State Scheduled Castes Development Corporations (SCDCs),Scheduled Caste (SC) families living below double poverty line,"INDIVIDUAL, SC_BENEFICIARY",UNKNOWN,SC,UNKNOWN,UNKNOWN,UNKNOWN,UNKNOWN,UNKNOWN,UNKNOWN,UNKNOWN,UNKNOWN,UNKNOWN,UNKNOWN,UNKNOWN,UNKNOWN,UNKNOWN,UNKNOWN,INCOME_GENERATION,UNKNOWN,UNKNOWN,ANY_STAGE,UNKNOWN,UNKNOWN,UNKNOWN,UNKNOWN,UNKNOWN,UNKNOWN,UNKNOWN,UNKNOWN,SUBSIDY,UNKNOWN,UNKNOWN,UNKNOWN,UNKNOWN,UNKNOWN,UNKNOWN,UNKNOWN,UNKNOWN,UNKNOWN,UNKNOWN,UNKNOWN,50.0,UNKNOWN,UNKNOWN,UNKNOWN,UNKNOWN,UNKNOWN,UNKNOWN,UNKNOWN,UNKNOWN,UNKNOWN,UNKNOWN,UNKNOWN,UNKNOWN,UNKNOWN,UNKNOWN,UNKNOWN,UNKNOWN,UNKNOWN,UNKNOWN,UNKNOWN,UNKNOWN,UNKNOWN,UNKNOWN,UNKNOWN,UNKNOWN,https://pmajay.dosje.gov.in/content/income-generating-schemes,Official source URL carried from original dataset; parameter-level source extraction pending,https://pmajay.dosje.gov.in/content/income-generating-schemes,UNKNOWN,UNKNOWN,UNKNOWN,UNKNOWN,UNKNOWN,UNKNOWN,UNKNOWN,Legacy values not independently supported by an extracted authoritative source were reset to UNKNOWN; see changelog and verification report.,2026-08-27,VERIFIED,UNKNOWN,Not eligible for deterministic financial matching until the scheme-specific official rule source is extracted.,LOW,UNKNOWN,No final embedding_text retained.,SIH26092-010,UNKNOWN
SIH26092-011,UNKNOWN,NMDFC Term Loan Scheme,UNKNOWN,Concessional term loans up to ₹20 Lakh at 6% to 8% p.a. interest rate for small business activities among minority communities.,UNKNOWN,Concessional credit for income-generating activities for notified minority community members.,National Minorities Development and Finance Corporation,Ministry of Minority Affairs,National Minorities Development and Finance Corporation (NMDFC) / SCAs,"Notified Minority Communities (Muslim, Christian, Sikh, Buddhist, Jain, Parsi)","INDIVIDUAL, ENTREPRENEUR",UNKNOWN,MINORITY,UNKNOWN,UNKNOWN,UNKNOWN,UNKNOWN,UNKNOWN,UNKNOWN,UNKNOWN,UNKNOWN,UNKNOWN,UNKNOWN,UNKNOWN,UNKNOWN,UNKNOWN,UNKNOWN,MICRO_ENTERPRISE,UNKNOWN,UNKNOWN,ANY_STAGE,UNKNOWN,UNKNOWN,UNKNOWN,UNKNOWN,UNKNOWN,UNKNOWN,UNKNOWN,UNKNOWN,TERM_LOAN,UNKNOWN,UNKNOWN,UNKNOWN,UNKNOWN,UNKNOWN,UNKNOWN,UNKNOWN,2000000.0,90.0,UNKNOWN,UNKNOWN,UNKNOWN,UNKNOWN,UNKNOWN,UNKNOWN,UNKNOWN,UNKNOWN,UNKNOWN,UNKNOWN,UNKNOWN,UNKNOWN,UNKNOWN,UNKNOWN,UNKNOWN,UNKNOWN,UNKNOWN,UNKNOWN,UNKNOWN,UNKNOWN,UNKNOWN,UNKNOWN,UNKNOWN,UNKNOWN,UNKNOWN,UNKNOWN,UNKNOWN,https://www.myscheme.gov.in/schemes/tls-nmdfc,Official source URL carried from original dataset; parameter-level source extraction pending,https://www.myscheme.gov.in/schemes/tls-nmdfc,UNKNOWN,UNKNOWN,UNKNOWN,UNKNOWN,UNKNOWN,UNKNOWN,UNKNOWN,Legacy values not independently supported by an extracted authoritative source were reset to UNKNOWN; see changelog and verification report.,2026-08-27,VERIFIED,UNKNOWN,Not eligible for deterministic financial matching until the scheme-specific official rule source is extracted.,LOW,UNKNOWN,No final embedding_text retained.,SIH26092-011,UNKNOWN
SIH26092-012,UNKNOWN,NSTFDC Term Loan Scheme,UNKNOWN,Concessional term loans up to ₹50 Lakh at 6% p.a. interest rate for Scheduled Tribe individuals establishing business units.,UNKNOWN,Financial assistance to ST individuals for setting up viable income-generating self-employment units.,National Scheduled Tribes Finance and Development Corporation,Ministry of Tribal Affairs,National Scheduled Tribes Finance and Development Corporation (NSTFDC) / ST SCAs,Scheduled Tribe (ST) individuals and ST-owned micro-enterprises,"INDIVIDUAL, ST_BENEFICIARY",UNKNOWN,ST,UNKNOWN,UNKNOWN,UNKNOWN,UNKNOWN,UNKNOWN,UNKNOWN,UNKNOWN,UNKNOWN,UNKNOWN,UNKNOWN,UNKNOWN,UNKNOWN,UNKNOWN,UNKNOWN,MICRO_ENTERPRISE,UNKNOWN,UNKNOWN,ANY_STAGE,UNKNOWN,UNKNOWN,UNKNOWN,UNKNOWN,UNKNOWN,UNKNOWN,UNKNOWN,UNKNOWN,TERM_LOAN,UNKNOWN,UNKNOWN,UNKNOWN,UNKNOWN,UNKNOWN,UNKNOWN,UNKNOWN,5000000.0,UNKNOWN,UNKNOWN,UNKNOWN,UNKNOWN,UNKNOWN,UNKNOWN,UNKNOWN,6.0,6.0,UNKNOWN,UNKNOWN,UNKNOWN,UNKNOWN,UNKNOWN,UNKNOWN,UNKNOWN,UNKNOWN,UNKNOWN,UNKNOWN,UNKNOWN,UNKNOWN,UNKNOWN,UNKNOWN,UNKNOWN,UNKNOWN,UNKNOWN,UNKNOWN,UNKNOWN,https://nstfdc.tribal.gov.in/,Official source URL carried from original dataset; parameter-level source extraction pending,https://nstfdc.tribal.gov.in/,UNKNOWN,UNKNOWN,UNKNOWN,UNKNOWN,UNKNOWN,UNKNOWN,UNKNOWN,Legacy values not independently supported by an extracted authoritative source were reset to UNKNOWN; see changelog and verification report.,2026-08-27,VERIFIED,UNKNOWN,Not eligible for deterministic financial matching until the scheme-specific official rule source is extracted.,LOW,UNKNOWN,No final embedding_text retained.,SIH26092-012,UNKNOWN
SIH26092-013,UNKNOWN,NSTFDC – Adivasi Mahila Sashaktikaran Yojana (AMSY),UNKNOWN,Concessional term loan up to ₹2 Lakh at 4% p.a. interest rate exclusively for Scheduled Tribe women starting income-generating activities.,UNKNOWN,Highly concessional term loan scheme for economic empowerment of Scheduled Tribe women.,National Scheduled Tribes Finance and Development Corporation,Ministry of Tribal Affairs,NSTFDC / State Channelizing Agencies,Scheduled Tribe (ST) Women entrepreneurs,"INDIVIDUAL, FEMALE",UNKNOWN,"ST, WOMEN",UNKNOWN,UNKNOWN,UNKNOWN,FEMALE,UNKNOWN,UNKNOWN,UNKNOWN,UNKNOWN,UNKNOWN,UNKNOWN,UNKNOWN,UNKNOWN,UNKNOWN,UNKNOWN,MICRO_ENTERPRISE,UNKNOWN,UNKNOWN,ANY_STAGE,UNKNOWN,UNKNOWN,UNKNOWN,UNKNOWN,UNKNOWN,UNKNOWN,UNKNOWN,UNKNOWN,TERM_LOAN,UNKNOWN,UNKNOWN,UNKNOWN,UNKNOWN,UNKNOWN,UNKNOWN,UNKNOWN,200000.0,UNKNOWN,UNKNOWN,UNKNOWN,UNKNOWN,UNKNOWN,UNKNOWN,UNKNOWN,4.0,4.0,UNKNOWN,UNKNOWN,UNKNOWN,UNKNOWN,UNKNOWN,UNKNOWN,UNKNOWN,UNKNOWN,UNKNOWN,UNKNOWN,UNKNOWN,UNKNOWN,UNKNOWN,UNKNOWN,UNKNOWN,UNKNOWN,UNKNOWN,UNKNOWN,UNKNOWN,https://nstfdc.tribal.gov.in/,Official source URL carried from original dataset; parameter-level source extraction pending,https://nstfdc.tribal.gov.in/,UNKNOWN,UNKNOWN,UNKNOWN,UNKNOWN,UNKNOWN,UNKNOWN,UNKNOWN,Legacy values not independently supported by an extracted authoritative source were reset to UNKNOWN; see changelog and verification report.,2026-08-27,VERIFIED,UNKNOWN,Not eligible for deterministic financial matching until the scheme-specific official rule source is extracted.,LOW,UNKNOWN,No final embedding_text retained.,SIH26092-013,UNKNOWN
SIH26092-014,UNKNOWN,NSTFDC – Micro Credit Scheme for SHGs,UNKNOWN,"Micro-credit assistance up to ₹50,000 per SHG member (max ₹5 Lakh per SHG) at 6% p.a. interest rate for ST women SHGs.",UNKNOWN,Micro-credit facilities for ST Self Help Group members for small business activities.,National Scheduled Tribes Finance and Development Corporation,Ministry of Tribal Affairs,NSTFDC / State Channelizing Agencies,Scheduled Tribe Self Help Groups (ST SHGs),"SHG, GROUP",UNKNOWN,"ST, SHG",UNKNOWN,UNKNOWN,UNKNOWN,UNKNOWN,UNKNOWN,UNKNOWN,UNKNOWN,UNKNOWN,UNKNOWN,UNKNOWN,UNKNOWN,UNKNOWN,UNKNOWN,UNKNOWN,MICRO_ENTERPRISE,UNKNOWN,UNKNOWN,ANY_STAGE,UNKNOWN,UNKNOWN,UNKNOWN,UNKNOWN,UNKNOWN,UNKNOWN,UNKNOWN,UNKNOWN,MICRO_CREDIT,UNKNOWN,UNKNOWN,UNKNOWN,UNKNOWN,UNKNOWN,UNKNOWN,UNKNOWN,500000.0,UNKNOWN,UNKNOWN,UNKNOWN,UNKNOWN,UNKNOWN,UNKNOWN,UNKNOWN,6.0,6.0,UNKNOWN,UNKNOWN,UNKNOWN,UNKNOWN,UNKNOWN,UNKNOWN,UNKNOWN,UNKNOWN,UNKNOWN,UNKNOWN,UNKNOWN,UNKNOWN,UNKNOWN,UNKNOWN,UNKNOWN,UNKNOWN,UNKNOWN,UNKNOWN,UNKNOWN,https://nstfdc.tribal.gov.in/,Official source URL carried from original dataset; parameter-level source extraction pending,https://nstfdc.tribal.gov.in/,UNKNOWN,UNKNOWN,UNKNOWN,UNKNOWN,UNKNOWN,UNKNOWN,UNKNOWN,Legacy values not independently supported by an extracted authoritative source were reset to UNKNOWN; see changelog and verification report.,2026-08-27,VERIFIED,UNKNOWN,Not eligible for deterministic financial matching until the scheme-specific official rule source is extracted.,LOW,UNKNOWN,No final embedding_text retained.,SIH26092-014,UNKNOWN
SIH26092-015,UNKNOWN,NBCFDC Individual Term Loan Scheme,LOAN,Term loan up to ₹25 Lakh at 7% to 8% interest rate with 85% NBCFDC financing share for OBC entrepreneurs.,UNKNOWN,"Term loans for establishing self-employment units in agriculture, trade, transport, and service sectors.",National Backward Classes Finance & Development Corporation,Ministry of Social Justice and Empowerment,National Backward Classes Finance and Development Corporation (NBCFDC) / SCAs,Other Backward Classes (OBC) individuals,"INDIVIDUAL, OBC_BENEFICIARY",UNKNOWN,OBC,UNKNOWN,FALSE,OBC; BACKWARD_CLASS,UNKNOWN,UNKNOWN,UNKNOWN,UNKNOWN,500000,<=,ANNUAL_FAMILY_INCOME,UNKNOWN,UNKNOWN,UNKNOWN,UNKNOWN,MICRO_ENTERPRISE,INCOME_GENERATING_ACTIVITY,UNKNOWN,ANY_STAGE,UNKNOWN,UNKNOWN,UNKNOWN,UNKNOWN,UNKNOWN,UNKNOWN,UNKNOWN,UNKNOWN,TERM_LOAN,UNKNOWN,TRUE,UNKNOWN,UNKNOWN,UNKNOWN,2500000,UNKNOWN,2500000.0,85.0,15.0,UNKNOWN,UNKNOWN,UNKNOWN,UNKNOWN,UNKNOWN,CONDITIONAL,CONDITIONAL,SLAB_BASED,48,CONDITIONAL,UNKNOWN,UNKNOWN,UNKNOWN,UNKNOWN,UNKNOWN,UNKNOWN,UNKNOWN,UNKNOWN,UNKNOWN,UNKNOWN,CHANNEL_PARTNER,NOT_APPLICABLE,https://nbcfdc.gov.in/nbcfdc/web/individual-loan-scheme,UNKNOWN,UNKNOWN,UNKNOWN,https://nbcfdc.gov.in/nbcfdc/web/individual-loan-scheme,NBCFDC Individual Loan Scheme,https://nbcfdc.gov.in/nbcfdc/web/individual-loan-scheme,UNKNOWN,Eligibility; Salient Features; Pattern of Finance; Rate of Interest & Repayment Period,UNKNOWN,UNKNOWN,UNKNOWN,UNKNOWN,UNKNOWN,Legacy values not independently supported by an extracted authoritative source were reset to UNKNOWN; see changelog and verification report.,2026-08-27,VERIFIED,ACTIVE,Interest/repayment are loan-slab dependent; deterministic engine must apply scheme_rules.,HIGH,UNKNOWN,No final embedding_text retained.,SIH26092-015,UNKNOWN
SIH26092-016,UNKNOWN,NBCFDC New Swarnima for Women,UNKNOWN,Term loan up to ₹2 Lakh at 5% p.a. interest rate exclusively for women entrepreneurs belonging to Backward Classes.,UNKNOWN,Concessional term loans for social and financial empowerment of OBC women.,National Backward Classes Finance and Development Corporation,Ministry of Social Justice and Empowerment,NBCFDC / State Channelizing Agencies,Women belonging to Backward Classes (OBC),"INDIVIDUAL, FEMALE",UNKNOWN,"OBC, WOMEN",UNKNOWN,UNKNOWN,UNKNOWN,FEMALE,UNKNOWN,UNKNOWN,UNKNOWN,UNKNOWN,UNKNOWN,UNKNOWN,UNKNOWN,UNKNOWN,UNKNOWN,UNKNOWN,MICRO_ENTERPRISE,UNKNOWN,UNKNOWN,ANY_STAGE,UNKNOWN,UNKNOWN,UNKNOWN,UNKNOWN,UNKNOWN,UNKNOWN,UNKNOWN,UNKNOWN,TERM_LOAN,UNKNOWN,UNKNOWN,UNKNOWN,UNKNOWN,UNKNOWN,UNKNOWN,UNKNOWN,200000.0,UNKNOWN,UNKNOWN,UNKNOWN,UNKNOWN,UNKNOWN,UNKNOWN,UNKNOWN,5.0,5.0,UNKNOWN,UNKNOWN,UNKNOWN,UNKNOWN,UNKNOWN,UNKNOWN,UNKNOWN,UNKNOWN,UNKNOWN,UNKNOWN,UNKNOWN,UNKNOWN,UNKNOWN,UNKNOWN,UNKNOWN,UNKNOWN,UNKNOWN,UNKNOWN,UNKNOWN,https://socialjustice.gov.in/schemes/13,Official source URL carried from original dataset; parameter-level source extraction pending,https://socialjustice.gov.in/schemes/13,UNKNOWN,UNKNOWN,UNKNOWN,UNKNOWN,UNKNOWN,UNKNOWN,UNKNOWN,Legacy values not independently supported by an extracted authoritative source were reset to UNKNOWN; see changelog and verification report.,2026-08-27,VERIFIED,UNKNOWN,Not eligible for deterministic financial matching until the scheme-specific official rule source is extracted.,LOW,UNKNOWN,No final embedding_text retained.,SIH26092-016,UNKNOWN
SIH26092-017,UNKNOWN,NBCFDC Loan for Artisans and Traditional Occupations,UNKNOWN,Credit assistance up to ₹10 Lakh at 6% p.a. interest rate for artisans and traditional craftspersons of Backward Classes.,UNKNOWN,"Financial assistance for modernizing toolkits, purchasing raw materials, and expanding traditional art & craft trades.",National Backward Classes Finance and Development Corporation,Ministry of Social Justice and Empowerment,NBCFDC / State Channelizing Agencies,OBC Artisans and Traditional Craftspersons,"INDIVIDUAL, ARTISAN",UNKNOWN,"OBC, ARTISAN",UNKNOWN,UNKNOWN,UNKNOWN,UNKNOWN,UNKNOWN,UNKNOWN,UNKNOWN,UNKNOWN,UNKNOWN,UNKNOWN,UNKNOWN,UNKNOWN,UNKNOWN,UNKNOWN,ARTISAN,UNKNOWN,UNKNOWN,ANY_STAGE,UNKNOWN,UNKNOWN,UNKNOWN,UNKNOWN,UNKNOWN,UNKNOWN,UNKNOWN,UNKNOWN,TERM_LOAN,UNKNOWN,UNKNOWN,UNKNOWN,UNKNOWN,UNKNOWN,UNKNOWN,UNKNOWN,1000000.0,UNKNOWN,UNKNOWN,UNKNOWN,UNKNOWN,UNKNOWN,UNKNOWN,UNKNOWN,6.0,6.0,UNKNOWN,UNKNOWN,UNKNOWN,UNKNOWN,UNKNOWN,UNKNOWN,UNKNOWN,UNKNOWN,UNKNOWN,UNKNOWN,UNKNOWN,UNKNOWN,UNKNOWN,UNKNOWN,UNKNOWN,UNKNOWN,UNKNOWN,UNKNOWN,UNKNOWN,https://socialjustice.gov.in/schemes/13,Official source URL carried from original dataset; parameter-level source extraction pending,https://socialjustice.gov.in/schemes/13,UNKNOWN,UNKNOWN,UNKNOWN,UNKNOWN,UNKNOWN,UNKNOWN,UNKNOWN,Legacy values not independently supported by an extracted authoritative source were reset to UNKNOWN; see changelog and verification report.,2026-08-27,VERIFIED,UNKNOWN,Not eligible for deterministic financial matching until the scheme-specific official rule source is extracted.,LOW,UNKNOWN,No final embedding_text retained.,SIH26092-017,UNKNOWN
SIH26092-018,UNKNOWN,DAY-NRLM – Start-up Village Entrepreneurship Programme (SVEP),UNKNOWN,"Financial support up to ₹1 Lakh, business incubation, and CRP mentorship for rural SHG households starting village enterprises.",UNKNOWN,"Setting up village micro-enterprises with local incubation support, seed capital, and Community Resource Persons.",Ministry of Rural Development,Ministry of Rural Development,State Rural Livelihood Missions (SRLMs) / Block Resource Centres,Rural SHG members and rural micro-entrepreneurs,"INDIVIDUAL, SHG",UNKNOWN,"SHG, RURAL_POOR",UNKNOWN,UNKNOWN,UNKNOWN,UNKNOWN,UNKNOWN,UNKNOWN,UNKNOWN,UNKNOWN,UNKNOWN,UNKNOWN,UNKNOWN,UNKNOWN,UNKNOWN,UNKNOWN,RURAL_ENTERPRISE,UNKNOWN,UNKNOWN,NEW,UNKNOWN,UNKNOWN,UNKNOWN,UNKNOWN,UNKNOWN,UNKNOWN,UNKNOWN,UNKNOWN,ENTERPRISE_LOAN,UNKNOWN,UNKNOWN,UNKNOWN,UNKNOWN,UNKNOWN,UNKNOWN,UNKNOWN,100000.0,UNKNOWN,UNKNOWN,UNKNOWN,UNKNOWN,UNKNOWN,UNKNOWN,UNKNOWN,UNKNOWN,UNKNOWN,UNKNOWN,UNKNOWN,UNKNOWN,UNKNOWN,UNKNOWN,UNKNOWN,UNKNOWN,UNKNOWN,UNKNOWN,UNKNOWN,UNKNOWN,UNKNOWN,UNKNOWN,UNKNOWN,UNKNOWN,UNKNOWN,UNKNOWN,UNKNOWN,UNKNOWN,https://svep.nrlm.gov.in/,Official source URL carried from original dataset; parameter-level source extraction pending,https://svep.nrlm.gov.in/,UNKNOWN,UNKNOWN,UNKNOWN,UNKNOWN,UNKNOWN,UNKNOWN,UNKNOWN,Legacy values not independently supported by an extracted authoritative source were reset to UNKNOWN; see changelog and verification report.,2026-08-27,VERIFIED,UNKNOWN,Not eligible for deterministic financial matching until the scheme-specific official rule source is extracted.,LOW,UNKNOWN,No final embedding_text retained.,SIH26092-018,UNKNOWN
SIH26092-019,UNKNOWN,Startup India Seed Fund Scheme,UNKNOWN,Grants up to ₹20 Lakh for proof of concept and loans/debentures up to ₹50 Lakh for commercialization of DPIIT startups.,UNKNOWN,"Financial assistance for proof of concept, prototype development, product trials, market entry, and commercialization.",Department for Promotion of Industry and Internal Trade,Ministry of Commerce and Industry,DPIIT / Incubators,DPIIT-recognized Startups with innovative proof-of-concept,"STARTUP, PRIVATE_LIMITED, LLP",UNKNOWN,"STARTUP, INNOVATOR",UNKNOWN,UNKNOWN,UNKNOWN,UNKNOWN,UNKNOWN,UNKNOWN,UNKNOWN,UNKNOWN,UNKNOWN,UNKNOWN,UNKNOWN,UNKNOWN,UNKNOWN,UNKNOWN,STARTUP,UNKNOWN,UNKNOWN,NEW,UNKNOWN,UNKNOWN,UNKNOWN,UNKNOWN,UNKNOWN,UNKNOWN,UNKNOWN,UNKNOWN,SEED_FUND,UNKNOWN,UNKNOWN,UNKNOWN,5000000.0,UNKNOWN,UNKNOWN,UNKNOWN,5000000.0,UNKNOWN,UNKNOWN,UNKNOWN,UNKNOWN,UNKNOWN,UNKNOWN,UNKNOWN,UNKNOWN,UNKNOWN,UNKNOWN,UNKNOWN,UNKNOWN,UNKNOWN,UNKNOWN,UNKNOWN,UNKNOWN,UNKNOWN,UNKNOWN,UNKNOWN,UNKNOWN,UNKNOWN,UNKNOWN,UNKNOWN,UNKNOWN,UNKNOWN,UNKNOWN,UNKNOWN,UNKNOWN,https://seedfund.startupindia.gov.in/about,Official source URL carried from original dataset; parameter-level source extraction pending,https://seedfund.startupindia.gov.in/about,UNKNOWN,UNKNOWN,UNKNOWN,UNKNOWN,UNKNOWN,UNKNOWN,UNKNOWN,Legacy values not independently supported by an extracted authoritative source were reset to UNKNOWN; see changelog and verification report.,2026-08-27,VERIFIED,UNKNOWN,Not eligible for deterministic financial matching until the scheme-specific official rule source is extracted.,LOW,UNKNOWN,No final embedding_text retained.,SIH26092-019,UNKNOWN
SIH26092-020,UNKNOWN,Credit Guarantee Scheme for Startups (CGSS),UNKNOWN,Credit guarantee cover up to ₹10 Crore for collateral-free debt financing extended by banks and NBFCs to recognized startups.,UNKNOWN,Credit guarantee coverage up to ₹10 Crore to Member Institutions for collateral-free loans extended to DPIIT startups.,Department for Promotion of Industry and Internal Trade,Ministry of Commerce and Industry,National Credit Guarantee Trustee Company (NCGTC) / Banks,DPIIT-recognized Startups seeking debt financing,STARTUP,UNKNOWN,STARTUP,UNKNOWN,UNKNOWN,UNKNOWN,UNKNOWN,UNKNOWN,UNKNOWN,UNKNOWN,UNKNOWN,UNKNOWN,UNKNOWN,UNKNOWN,UNKNOWN,UNKNOWN,UNKNOWN,STARTUP,UNKNOWN,UNKNOWN,EXPANSION,UNKNOWN,UNKNOWN,UNKNOWN,UNKNOWN,UNKNOWN,UNKNOWN,UNKNOWN,UNKNOWN,CREDIT_GUARANTEE,UNKNOWN,UNKNOWN,UNKNOWN,UNKNOWN,UNKNOWN,UNKNOWN,UNKNOWN,100000000.0,UNKNOWN,UNKNOWN,UNKNOWN,UNKNOWN,UNKNOWN,UNKNOWN,UNKNOWN,UNKNOWN,UNKNOWN,UNKNOWN,UNKNOWN,UNKNOWN,UNKNOWN,UNKNOWN,UNKNOWN,UNKNOWN,FALSE,UNKNOWN,UNKNOWN,UNKNOWN,UNKNOWN,UNKNOWN,UNKNOWN,UNKNOWN,UNKNOWN,UNKNOWN,UNKNOWN,UNKNOWN,https://www.startupindia.gov.in/content/sih/en/credit-guarantee-scheme-for-startups.html,Official source URL carried from original dataset; parameter-level source extraction pending,https://www.startupindia.gov.in/content/sih/en/credit-guarantee-scheme-for-startups.html,UNKNOWN,UNKNOWN,UNKNOWN,UNKNOWN,UNKNOWN,UNKNOWN,UNKNOWN,Legacy values not independently supported by an extracted authoritative source were reset to UNKNOWN; see changelog and verification report.,2026-08-27,VERIFIED,UNKNOWN,Not eligible for deterministic financial matching until the scheme-specific official rule source is extracted.,LOW,UNKNOWN,No final embedding_text retained.,SIH26092-020,UNKNOWN
SIH26092-021,UNKNOWN,Concessional Credit/Weaver MUDRA Scheme,UNKNOWN,"Concessional loans up to ₹2 Lakh for individual weavers (up to ₹5 Lakh for weaver enterprises) with 6% interest subvention and ₹10,000 margin money.",UNKNOWN,"Concessional credit, 6% interest subvention, and margin money assistance for handloom weavers.",Development Commissioner (Handlooms),Ministry of Textiles,Office of the Development Commissioner for Handlooms / Banks,Handloom Weavers and Weaver Entrepreneurs,"INDIVIDUAL, WEAVER",UNKNOWN,"WEAVER, ARTISAN",UNKNOWN,UNKNOWN,UNKNOWN,UNKNOWN,UNKNOWN,UNKNOWN,UNKNOWN,UNKNOWN,UNKNOWN,UNKNOWN,UNKNOWN,UNKNOWN,UNKNOWN,UNKNOWN,TEXTILES,UNKNOWN,UNKNOWN,ANY_STAGE,UNKNOWN,UNKNOWN,UNKNOWN,UNKNOWN,UNKNOWN,UNKNOWN,UNKNOWN,UNKNOWN,CONCESSIONAL_CREDIT,UNKNOWN,UNKNOWN,UNKNOWN,UNKNOWN,UNKNOWN,UNKNOWN,UNKNOWN,500000.0,UNKNOWN,UNKNOWN,UNKNOWN,UNKNOWN,UNKNOWN,UNKNOWN,UNKNOWN,6.0,6.0,UNKNOWN,UNKNOWN,UNKNOWN,UNKNOWN,UNKNOWN,UNKNOWN,UNKNOWN,UNKNOWN,UNKNOWN,UNKNOWN,UNKNOWN,UNKNOWN,UNKNOWN,UNKNOWN,UNKNOWN,UNKNOWN,UNKNOWN,UNKNOWN,UNKNOWN,https://myhandlooms.gov.in/Home/WeaverMudraLoan.aspx,Official source URL carried from original dataset; parameter-level source extraction pending,https://myhandlooms.gov.in/Home/WeaverMudraLoan.aspx,UNKNOWN,UNKNOWN,UNKNOWN,UNKNOWN,UNKNOWN,UNKNOWN,UNKNOWN,Legacy values not independently supported by an extracted authoritative source were reset to UNKNOWN; see changelog and verification report.,2026-08-27,VERIFIED,UNKNOWN,Not eligible for deterministic financial matching until the scheme-specific official rule source is extracted.,LOW,UNKNOWN,No final embedding_text retained.,SIH26092-021,UNKNOWN
SIH26092-022,UNKNOWN,National Handloom Development Programme (NHDP),UNKNOWN,"Grants up to ₹2 Crore per cluster for technology upgrades, loom equipment, design development, and marketing support for weavers.",UNKNOWN,"Cluster development, upgraded looms & accessories, design studio support, and marketing infrastructure for handloom sector.",Development Commissioner (Handlooms),Ministry of Textiles,Development Commissioner for Handlooms / Weavers Service Centres,"Handloom Cooperatives, Self Help Groups, Weaver Associations","SHG, COOPERATIVE, ASSOCIATION",UNKNOWN,"WEAVER, SHG, COOPERATIVE",UNKNOWN,UNKNOWN,UNKNOWN,UNKNOWN,UNKNOWN,UNKNOWN,UNKNOWN,UNKNOWN,UNKNOWN,UNKNOWN,UNKNOWN,UNKNOWN,UNKNOWN,UNKNOWN,TEXTILES,UNKNOWN,UNKNOWN,ANY_STAGE,UNKNOWN,UNKNOWN,UNKNOWN,UNKNOWN,UNKNOWN,UNKNOWN,UNKNOWN,UNKNOWN,GRANT,UNKNOWN,UNKNOWN,UNKNOWN,20000000.0,UNKNOWN,UNKNOWN,UNKNOWN,UNKNOWN,UNKNOWN,UNKNOWN,UNKNOWN,UNKNOWN,UNKNOWN,UNKNOWN,UNKNOWN,UNKNOWN,UNKNOWN,UNKNOWN,UNKNOWN,UNKNOWN,UNKNOWN,UNKNOWN,UNKNOWN,UNKNOWN,UNKNOWN,UNKNOWN,UNKNOWN,UNKNOWN,UNKNOWN,UNKNOWN,UNKNOWN,UNKNOWN,UNKNOWN,UNKNOWN,UNKNOWN,UNKNOWN,https://myhandlooms.gov.in/Home/NHDP.aspx,Official source URL carried from original dataset; parameter-level source extraction pending,https://myhandlooms.gov.in/Home/NHDP.aspx,UNKNOWN,UNKNOWN,UNKNOWN,UNKNOWN,UNKNOWN,UNKNOWN,UNKNOWN,Legacy values not independently supported by an extracted authoritative source were reset to UNKNOWN; see changelog and verification report.,2026-08-27,VERIFIED,UNKNOWN,Not eligible for deterministic financial matching until the scheme-specific official rule source is extracted.,LOW,UNKNOWN,No final embedding_text retained.,SIH26092-022,UNKNOWN
SIH26092-023,UNKNOWN,SFURTI,UNKNOWN,"Grant assistance up to ₹5 Crore for setting up Common Facility Centres (CFCs), raw material banks, and modern machinery in traditional clusters.",UNKNOWN,Organizing traditional artisans and industries into clusters to make them competitive and sustainable.,Ministry of MSME,"Ministry of Micro, Small and Medium Enterprises","KVIC, Coir Board, IIE, NIMSME, State Agencies","Traditional Industry Clusters (Khadi, Coir, Handicrafts, Agro-Processing)","IA, NGO, COOPERATIVE, TRUST",UNKNOWN,"ARTISAN, CLUSTER_WORKERS",UNKNOWN,UNKNOWN,UNKNOWN,UNKNOWN,UNKNOWN,UNKNOWN,UNKNOWN,UNKNOWN,UNKNOWN,UNKNOWN,UNKNOWN,UNKNOWN,UNKNOWN,UNKNOWN,TRADITIONAL_CRAFT,UNKNOWN,UNKNOWN,ANY_STAGE,UNKNOWN,UNKNOWN,UNKNOWN,UNKNOWN,UNKNOWN,UNKNOWN,UNKNOWN,UNKNOWN,GRANT,UNKNOWN,UNKNOWN,UNKNOWN,50000000.0,UNKNOWN,UNKNOWN,UNKNOWN,UNKNOWN,UNKNOWN,UNKNOWN,UNKNOWN,UNKNOWN,UNKNOWN,UNKNOWN,UNKNOWN,UNKNOWN,UNKNOWN,UNKNOWN,UNKNOWN,UNKNOWN,UNKNOWN,UNKNOWN,UNKNOWN,UNKNOWN,UNKNOWN,UNKNOWN,UNKNOWN,UNKNOWN,UNKNOWN,UNKNOWN,UNKNOWN,UNKNOWN,UNKNOWN,UNKNOWN,UNKNOWN,UNKNOWN,https://sfurti.msme.gov.in/SFURTI/Home.aspx,Official source URL carried from original dataset; parameter-level source extraction pending,https://sfurti.msme.gov.in/SFURTI/Home.aspx,UNKNOWN,UNKNOWN,UNKNOWN,UNKNOWN,UNKNOWN,UNKNOWN,UNKNOWN,Legacy values not independently supported by an extracted authoritative source were reset to UNKNOWN; see changelog and verification report.,2026-08-27,VERIFIED,UNKNOWN,Not eligible for deterministic financial matching until the scheme-specific official rule source is extracted.,LOW,UNKNOWN,No final embedding_text retained.,SIH26092-023,UNKNOWN
SIH26092-024,UNKNOWN,ASPIRE,UNKNOWN,100% grant assistance up to ₹1 Crore for setting up Livelihood Business Incubators to train rural youth and incubate agri-enterprises.,UNKNOWN,Creating Livelihood Business Incubators (LBIs) and Technology Business Incubators (TBIs) for agro-rural innovation.,Ministry of MSME,"Ministry of Micro, Small and Medium Enterprises","KVIC, Coir Board, NSIC, Agro-Incubators","Agro-Rural Entrepreneurs, Livelihood Incubators, Startups","INSTITUTION, INCUBATOR, ENTREPRENEUR",UNKNOWN,"FARMER, RURAL_YOUTH",UNKNOWN,UNKNOWN,UNKNOWN,UNKNOWN,UNKNOWN,UNKNOWN,UNKNOWN,UNKNOWN,UNKNOWN,UNKNOWN,UNKNOWN,UNKNOWN,UNKNOWN,UNKNOWN,AGRI_BUSINESS,UNKNOWN,UNKNOWN,NEW,UNKNOWN,UNKNOWN,UNKNOWN,UNKNOWN,UNKNOWN,UNKNOWN,UNKNOWN,UNKNOWN,GRANT,UNKNOWN,UNKNOWN,UNKNOWN,10000000.0,UNKNOWN,UNKNOWN,UNKNOWN,UNKNOWN,UNKNOWN,UNKNOWN,UNKNOWN,UNKNOWN,UNKNOWN,UNKNOWN,UNKNOWN,UNKNOWN,UNKNOWN,UNKNOWN,UNKNOWN,UNKNOWN,UNKNOWN,UNKNOWN,UNKNOWN,UNKNOWN,UNKNOWN,UNKNOWN,UNKNOWN,UNKNOWN,UNKNOWN,UNKNOWN,UNKNOWN,UNKNOWN,UNKNOWN,UNKNOWN,UNKNOWN,UNKNOWN,https://my.msme.gov.in/ARI/ASPIRE,Official source URL carried from original dataset; parameter-level source extraction pending,https://my.msme.gov.in/ARI/ASPIRE,UNKNOWN,UNKNOWN,UNKNOWN,UNKNOWN,UNKNOWN,UNKNOWN,UNKNOWN,Legacy values not independently supported by an extracted authoritative source were reset to UNKNOWN; see changelog and verification report.,2026-08-27,VERIFIED,UNKNOWN,Not eligible for deterministic financial matching until the scheme-specific official rule source is extracted.,LOW,UNKNOWN,No final embedding_text retained.,SIH26092-024,UNKNOWN
SIH26092-025,UNKNOWN,PMMSY – Entrepreneur Model,UNKNOWN,"40% subsidy for General and 60% subsidy for SC/ST/Women for setting up aquaculture, biofloc, fish feed, and cold storage projects.",UNKNOWN,"Holistic development of fisheries sector through aquaculture, cold chain infrastructure, and biofloc units.",Department of Fisheries,"Ministry of Fisheries, Animal Husbandry and Dairying",State Fisheries Departments / NFDB,"Fishers, Fish Farmers, Fisheries Cooperatives, Entrepreneurs","INDIVIDUAL, FPO, COOPERATIVE, ENTERPRISE",UNKNOWN,"FISH_FARMER, FISHERMAN",UNKNOWN,UNKNOWN,UNKNOWN,UNKNOWN,UNKNOWN,UNKNOWN,UNKNOWN,UNKNOWN,UNKNOWN,UNKNOWN,UNKNOWN,UNKNOWN,UNKNOWN,UNKNOWN,FISHERIES,UNKNOWN,UNKNOWN,ANY_STAGE,UNKNOWN,UNKNOWN,UNKNOWN,UNKNOWN,UNKNOWN,UNKNOWN,UNKNOWN,UNKNOWN,CAPITAL_SUBSIDY,UNKNOWN,UNKNOWN,UNKNOWN,5000000.0,UNKNOWN,UNKNOWN,UNKNOWN,UNKNOWN,UNKNOWN,UNKNOWN,UNKNOWN,CONDITIONAL,UNKNOWN,UNKNOWN,UNKNOWN,UNKNOWN,UNKNOWN,UNKNOWN,UNKNOWN,UNKNOWN,UNKNOWN,UNKNOWN,UNKNOWN,UNKNOWN,UNKNOWN,UNKNOWN,UNKNOWN,UNKNOWN,UNKNOWN,UNKNOWN,UNKNOWN,UNKNOWN,UNKNOWN,UNKNOWN,UNKNOWN,UNKNOWN,https://www.myscheme.gov.in/schemes/pmmsy,Official source URL carried from original dataset; parameter-level source extraction pending,https://www.myscheme.gov.in/schemes/pmmsy,UNKNOWN,UNKNOWN,UNKNOWN,UNKNOWN,UNKNOWN,UNKNOWN,UNKNOWN,Legacy values not independently supported by an extracted authoritative source were reset to UNKNOWN; see changelog and verification report.,2026-08-27,VERIFIED,UNKNOWN,Not eligible for deterministic financial matching until the scheme-specific official rule source is extracted.,LOW,UNKNOWN,No final embedding_text retained.,SIH26092-025,UNKNOWN
SIH26092-026,UNKNOWN,PMMKSSY,UNKNOWN,"Livelihood financial assistance during fishing ban/lean periods, safety equipment grants, and group accident insurance for fishers.",UNKNOWN,"Livelihood support, insurance coverage, and vessel safety equipment for coastal and inland fishers.",Department of Fisheries,"Ministry of Fisheries, Animal Husbandry and Dairying",Department of Fisheries / State Nodal Agencies,"Traditional Fishers, Coastal Communities, Aqua Workers","INDIVIDUAL, COOPERATIVE",UNKNOWN,"FISH_FARMER, FISHERMAN",UNKNOWN,UNKNOWN,UNKNOWN,UNKNOWN,UNKNOWN,UNKNOWN,UNKNOWN,UNKNOWN,UNKNOWN,UNKNOWN,UNKNOWN,UNKNOWN,UNKNOWN,UNKNOWN,FISHERIES,UNKNOWN,UNKNOWN,ANY_STAGE,UNKNOWN,UNKNOWN,UNKNOWN,UNKNOWN,UNKNOWN,UNKNOWN,UNKNOWN,UNKNOWN,FINANCIAL_ASSISTANCE,UNKNOWN,UNKNOWN,UNKNOWN,UNKNOWN,UNKNOWN,UNKNOWN,UNKNOWN,UNKNOWN,UNKNOWN,UNKNOWN,UNKNOWN,UNKNOWN,UNKNOWN,UNKNOWN,UNKNOWN,UNKNOWN,UNKNOWN,UNKNOWN,UNKNOWN,UNKNOWN,UNKNOWN,UNKNOWN,UNKNOWN,UNKNOWN,UNKNOWN,UNKNOWN,UNKNOWN,UNKNOWN,UNKNOWN,UNKNOWN,UNKNOWN,UNKNOWN,UNKNOWN,UNKNOWN,UNKNOWN,UNKNOWN,https://www.pmindia.gov.in/en/news_updates/cabinet-approves-pradhan-mantri-matsya-kisan-samridhi-sah-yojana-pm-mkssy-a-central-sector-sub-scheme-under-the-pradhan-mantri-matsya-sampada-for-the-fisheries-sector-micro-and-small-enterprises/,Official source URL carried from original dataset; parameter-level source extraction pending,https://www.pmindia.gov.in/en/news_updates/cabinet-approves-pradhan-mantri-matsya-kisan-samridhi-sah-yojana-pm-mkssy-a-central-sector-sub-scheme-under-the-pradhan-mantri-matsya-sampada-for-the-fisheries-sector-micro-and-small-enterprises/,UNKNOWN,UNKNOWN,UNKNOWN,UNKNOWN,UNKNOWN,UNKNOWN,UNKNOWN,Legacy values not independently supported by an extracted authoritative source were reset to UNKNOWN; see changelog and verification report.,2026-08-27,VERIFIED,UNKNOWN,Not eligible for deterministic financial matching until the scheme-specific official rule source is extracted.,LOW,UNKNOWN,No final embedding_text retained.,SIH26092-026,UNKNOWN
SIH26092-027,UNKNOWN,NSKFDC Swachhta Udyami Yojana – sanitation equipment/vehicles,UNKNOWN,Concessional loans up to ₹50 Lakh at 4% to 6% interest rate with 50% capital subsidy (up to ₹5 Lakh) for procuring mechanized sanitation equipment and vehicles.,UNKNOWN,Mechanization of sanitation work by assisting target beneficiaries to procure sanitation equipment and vehicles.,NSKFDC,Ministry of Social Justice and Empowerment,National Safai Karamcharis Finance and Development Corporation (NSKFDC) / Urban Local Bodies,"Safai Karamcharis, Manual Scavengers, and their dependents","INDIVIDUAL, SANITATION_WORKER",UNKNOWN,"SANITATION_WORKER, SAFAI_KARAMCHARI",UNKNOWN,UNKNOWN,UNKNOWN,UNKNOWN,UNKNOWN,UNKNOWN,UNKNOWN,UNKNOWN,UNKNOWN,UNKNOWN,UNKNOWN,UNKNOWN,UNKNOWN,UNKNOWN,SANITATION,UNKNOWN,UNKNOWN,NEW,UNKNOWN,UNKNOWN,UNKNOWN,UNKNOWN,UNKNOWN,UNKNOWN,UNKNOWN,UNKNOWN,TERM_LOAN,UNKNOWN,UNKNOWN,UNKNOWN,UNKNOWN,UNKNOWN,UNKNOWN,UNKNOWN,5000000.0,UNKNOWN,UNKNOWN,UNKNOWN,50.0,UNKNOWN,UNKNOWN,UNKNOWN,UNKNOWN,UNKNOWN,UNKNOWN,UNKNOWN,UNKNOWN,UNKNOWN,UNKNOWN,UNKNOWN,UNKNOWN,UNKNOWN,UNKNOWN,UNKNOWN,UNKNOWN,UNKNOWN,UNKNOWN,UNKNOWN,UNKNOWN,UNKNOWN,UNKNOWN,UNKNOWN,UNKNOWN,https://nskfdc.nic.in/en/content/schemes-programmes/loan-schemes,Official source URL carried from original dataset; parameter-level source extraction pending,https://nskfdc.nic.in/en/content/schemes-programmes/loan-schemes,UNKNOWN,UNKNOWN,UNKNOWN,UNKNOWN,UNKNOWN,UNKNOWN,UNKNOWN,Legacy values not independently supported by an extracted authoritative source were reset to UNKNOWN; see changelog and verification report.,2026-08-27,VERIFIED,UNKNOWN,Not eligible for deterministic financial matching until the scheme-specific official rule source is extracted.,LOW,UNKNOWN,No final embedding_text retained.,SIH26092-027,UNKNOWN
SIH26092-028,UNKNOWN,NSKFDC General Term Loan,UNKNOWN,Concessional term loans up to ₹15 Lakh at 6% p.a. interest rate for sanitation workers establishing self-employment business units.,UNKNOWN,General term loans for setting up any viable income-generating business unit.,NSKFDC,Ministry of Social Justice and Empowerment,NSKFDC / State Channelizing Agencies,"Safai Karamcharis, Scavengers, and their dependents","INDIVIDUAL, ENTREPRENEUR",UNKNOWN,SANITATION_WORKER,UNKNOWN,UNKNOWN,UNKNOWN,UNKNOWN,UNKNOWN,UNKNOWN,UNKNOWN,UNKNOWN,UNKNOWN,UNKNOWN,UNKNOWN,UNKNOWN,UNKNOWN,UNKNOWN,MICRO_ENTERPRISE,UNKNOWN,UNKNOWN,ANY_STAGE,UNKNOWN,UNKNOWN,UNKNOWN,UNKNOWN,UNKNOWN,UNKNOWN,UNKNOWN,UNKNOWN,TERM_LOAN,UNKNOWN,UNKNOWN,UNKNOWN,UNKNOWN,UNKNOWN,UNKNOWN,UNKNOWN,1500000.0,UNKNOWN,UNKNOWN,UNKNOWN,UNKNOWN,UNKNOWN,UNKNOWN,UNKNOWN,6.0,6.0,UNKNOWN,UNKNOWN,UNKNOWN,UNKNOWN,UNKNOWN,UNKNOWN,UNKNOWN,UNKNOWN,UNKNOWN,UNKNOWN,UNKNOWN,UNKNOWN,UNKNOWN,UNKNOWN,UNKNOWN,UNKNOWN,UNKNOWN,UNKNOWN,UNKNOWN,https://nskfdc.nic.in/en/content/schemes-programmes/general-term-loan-tl,Official source URL carried from original dataset; parameter-level source extraction pending,https://nskfdc.nic.in/en/content/schemes-programmes/general-term-loan-tl,UNKNOWN,UNKNOWN,UNKNOWN,UNKNOWN,UNKNOWN,UNKNOWN,UNKNOWN,Legacy values not independently supported by an extracted authoritative source were reset to UNKNOWN; see changelog and verification report.,2026-08-27,VERIFIED,UNKNOWN,Not eligible for deterministic financial matching until the scheme-specific official rule source is extracted.,LOW,UNKNOWN,No final embedding_text retained.,SIH26092-028,UNKNOWN
SIH26092-029,UNKNOWN,NSKFDC Micro Credit Finance,UNKNOWN,Micro-credit assistance up to ₹1 Lakh per individual at 5% p.a. interest rate for small income-generating micro-activities.,UNKNOWN,Micro-credit financial assistance for small business activities.,NSKFDC,Ministry of Social Justice and Empowerment,NSKFDC / State Channelizing Agencies,Safai Karamcharis and their dependents,"INDIVIDUAL, MICRO_BUSINESS",UNKNOWN,SANITATION_WORKER,UNKNOWN,UNKNOWN,UNKNOWN,UNKNOWN,UNKNOWN,UNKNOWN,UNKNOWN,UNKNOWN,UNKNOWN,UNKNOWN,UNKNOWN,UNKNOWN,UNKNOWN,UNKNOWN,MICRO_ENTERPRISE,UNKNOWN,UNKNOWN,ANY_STAGE,UNKNOWN,UNKNOWN,UNKNOWN,UNKNOWN,UNKNOWN,UNKNOWN,UNKNOWN,UNKNOWN,MICRO_CREDIT,UNKNOWN,UNKNOWN,UNKNOWN,UNKNOWN,UNKNOWN,UNKNOWN,UNKNOWN,100000.0,UNKNOWN,UNKNOWN,UNKNOWN,UNKNOWN,UNKNOWN,UNKNOWN,UNKNOWN,5.0,5.0,UNKNOWN,UNKNOWN,UNKNOWN,UNKNOWN,UNKNOWN,UNKNOWN,UNKNOWN,UNKNOWN,UNKNOWN,UNKNOWN,UNKNOWN,UNKNOWN,UNKNOWN,UNKNOWN,UNKNOWN,UNKNOWN,UNKNOWN,UNKNOWN,UNKNOWN,https://nskfdc.nic.in/en/content/home/schemes-programmes,Official source URL carried from original dataset; parameter-level source extraction pending,https://nskfdc.nic.in/en/content/home/schemes-programmes,UNKNOWN,UNKNOWN,UNKNOWN,UNKNOWN,UNKNOWN,UNKNOWN,UNKNOWN,Legacy values not independently supported by an extracted authoritative source were reset to UNKNOWN; see changelog and verification report.,2026-08-27,VERIFIED,UNKNOWN,Not eligible for deterministic financial matching until the scheme-specific official rule source is extracted.,LOW,UNKNOWN,No final embedding_text retained.,SIH26092-029,UNKNOWN
SIH26092-030,UNKNOWN,NSKFDC Mahila Samriddhi Yojana,UNKNOWN,Micro-credit assistance up to ₹1 Lakh at 4% p.a. interest rate exclusively for women Safai Karamcharis for micro-enterprises.,UNKNOWN,Concessional micro-credit scheme specifically designed for women sanitation workers.,NSKFDC,Ministry of Social Justice and Empowerment,NSKFDC / State Channelizing Agencies,Women Safai Karamcharis and female dependents,"INDIVIDUAL, FEMALE",UNKNOWN,"SANITATION_WORKER, WOMEN",UNKNOWN,UNKNOWN,UNKNOWN,FEMALE,UNKNOWN,UNKNOWN,UNKNOWN,UNKNOWN,UNKNOWN,UNKNOWN,UNKNOWN,UNKNOWN,UNKNOWN,UNKNOWN,MICRO_ENTERPRISE,UNKNOWN,UNKNOWN,ANY_STAGE,UNKNOWN,UNKNOWN,UNKNOWN,UNKNOWN,UNKNOWN,UNKNOWN,UNKNOWN,UNKNOWN,MICRO_CREDIT,UNKNOWN,UNKNOWN,UNKNOWN,UNKNOWN,UNKNOWN,UNKNOWN,UNKNOWN,100000.0,UNKNOWN,UNKNOWN,UNKNOWN,UNKNOWN,UNKNOWN,UNKNOWN,UNKNOWN,4.0,4.0,UNKNOWN,UNKNOWN,UNKNOWN,UNKNOWN,UNKNOWN,UNKNOWN,UNKNOWN,UNKNOWN,UNKNOWN,UNKNOWN,UNKNOWN,UNKNOWN,UNKNOWN,UNKNOWN,UNKNOWN,UNKNOWN,UNKNOWN,UNKNOWN,UNKNOWN,https://nskfdc.nic.in/en/content/home/schemes-programmes,Official source URL carried from original dataset; parameter-level source extraction pending,https://nskfdc.nic.in/en/content/home/schemes-programmes,UNKNOWN,UNKNOWN,UNKNOWN,UNKNOWN,UNKNOWN,UNKNOWN,UNKNOWN,Legacy values not independently supported by an extracted authoritative source were reset to UNKNOWN; see changelog and verification report.,2026-08-27,VERIFIED,UNKNOWN,Not eligible for deterministic financial matching until the scheme-specific official rule source is extracted.,LOW,UNKNOWN,No final embedding_text retained.,SIH26092-030,UNKNOWN
SIH26092-031,UNKNOWN,NDFDC Micro Financing Scheme,UNKNOWN,Micro-credit up to ₹1 Lakh at 5% p.a. interest rate for Persons with Disabilities to start small income-generating activities.,UNKNOWN,Micro-finance for small commercial activities for Persons with Disabilities.,NDFDC,Ministry of Social Justice and Empowerment,National Divyangjan Finance and Development Corporation (NDFDC) / SCAs,Persons with Disabilities (PwDs / Divyangjan),"INDIVIDUAL, PWD",UNKNOWN,"DIVYANGJAN, PWD",UNKNOWN,UNKNOWN,UNKNOWN,UNKNOWN,UNKNOWN,UNKNOWN,UNKNOWN,UNKNOWN,UNKNOWN,UNKNOWN,UNKNOWN,UNKNOWN,UNKNOWN,UNKNOWN,MICRO_ENTERPRISE,UNKNOWN,UNKNOWN,ANY_STAGE,UNKNOWN,UNKNOWN,UNKNOWN,UNKNOWN,UNKNOWN,UNKNOWN,UNKNOWN,UNKNOWN,MICRO_CREDIT,UNKNOWN,UNKNOWN,UNKNOWN,UNKNOWN,UNKNOWN,UNKNOWN,UNKNOWN,100000.0,UNKNOWN,UNKNOWN,UNKNOWN,UNKNOWN,UNKNOWN,UNKNOWN,UNKNOWN,5.0,5.0,UNKNOWN,UNKNOWN,UNKNOWN,UNKNOWN,UNKNOWN,UNKNOWN,UNKNOWN,UNKNOWN,UNKNOWN,UNKNOWN,UNKNOWN,UNKNOWN,UNKNOWN,UNKNOWN,UNKNOWN,UNKNOWN,UNKNOWN,UNKNOWN,UNKNOWN,https://ndfdc.nic.in/schemes/micro-financing-scheme,Official source URL carried from original dataset; parameter-level source extraction pending,https://ndfdc.nic.in/schemes/micro-financing-scheme,UNKNOWN,UNKNOWN,UNKNOWN,UNKNOWN,UNKNOWN,UNKNOWN,UNKNOWN,Legacy values not independently supported by an extracted authoritative source were reset to UNKNOWN; see changelog and verification report.,2026-08-27,VERIFIED,UNKNOWN,Not eligible for deterministic financial matching until the scheme-specific official rule source is extracted.,LOW,UNKNOWN,No final embedding_text retained.,SIH26092-031,UNKNOWN
SIH26092-032,UNKNOWN,NDFDC Self-Employment Loan,UNKNOWN,Term loan up to ₹50 Lakh at 5% to 9% p.a. interest rate for Divyangjan entrepreneurs setting up enterprise units.,UNKNOWN,"Term loans for self-employment ventures in manufacturing, trading, or service sectors for Divyangjan.",NDFDC,Ministry of Social Justice and Empowerment,NDFDC / State Channelizing Agencies,Persons with Disabilities (PwDs) establishing self-employment units,"INDIVIDUAL, PWD, ENTREPRENEUR",UNKNOWN,"DIVYANGJAN, PWD",UNKNOWN,UNKNOWN,UNKNOWN,UNKNOWN,UNKNOWN,UNKNOWN,UNKNOWN,UNKNOWN,UNKNOWN,UNKNOWN,UNKNOWN,UNKNOWN,UNKNOWN,UNKNOWN,MICRO_ENTERPRISE,UNKNOWN,UNKNOWN,ANY_STAGE,UNKNOWN,UNKNOWN,UNKNOWN,UNKNOWN,UNKNOWN,UNKNOWN,UNKNOWN,UNKNOWN,TERM_LOAN,UNKNOWN,UNKNOWN,UNKNOWN,UNKNOWN,UNKNOWN,UNKNOWN,UNKNOWN,5000000.0,UNKNOWN,UNKNOWN,UNKNOWN,UNKNOWN,UNKNOWN,UNKNOWN,UNKNOWN,5.0,9.0,UNKNOWN,UNKNOWN,UNKNOWN,UNKNOWN,UNKNOWN,UNKNOWN,UNKNOWN,UNKNOWN,UNKNOWN,UNKNOWN,UNKNOWN,UNKNOWN,UNKNOWN,UNKNOWN,UNKNOWN,UNKNOWN,UNKNOWN,UNKNOWN,UNKNOWN,https://ndfdc.nic.in/how-to-obtain-loan,Official source URL carried from original dataset; parameter-level source extraction pending,https://ndfdc.nic.in/how-to-obtain-loan,UNKNOWN,UNKNOWN,UNKNOWN,UNKNOWN,UNKNOWN,UNKNOWN,UNKNOWN,Legacy values not independently supported by an extracted authoritative source were reset to UNKNOWN; see changelog and verification report.,2026-08-27,VERIFIED,UNKNOWN,Not eligible for deterministic financial matching until the scheme-specific official rule source is extracted.,LOW,UNKNOWN,No final embedding_text retained.,SIH26092-032,UNKNOWN
SIH26092-033,UNKNOWN,DAY-NULM SEP – Individual,UNKNOWN,Bank loans up to ₹2 Lakh for individual urban poor entrepreneurs with interest subsidy over 7% p.a.,UNKNOWN,Assisting urban poor individuals to set up micro-enterprises with bank credit and interest subsidy.,DAY-NULM,Ministry of Housing and Urban Affairs,Urban Local Bodies (ULBs) / State Urban Livelihoods Missions (SULMs),Urban Poor Individuals,"INDIVIDUAL, URBAN_POOR",UNKNOWN,URBAN_POOR,UNKNOWN,UNKNOWN,UNKNOWN,UNKNOWN,UNKNOWN,UNKNOWN,UNKNOWN,UNKNOWN,UNKNOWN,UNKNOWN,UNKNOWN,UNKNOWN,UNKNOWN,UNKNOWN,URBAN_ENTERPRISE,UNKNOWN,UNKNOWN,NEW,UNKNOWN,UNKNOWN,UNKNOWN,UNKNOWN,UNKNOWN,UNKNOWN,UNKNOWN,UNKNOWN,INTEREST_SUBSIDY,UNKNOWN,UNKNOWN,UNKNOWN,UNKNOWN,UNKNOWN,UNKNOWN,UNKNOWN,200000.0,UNKNOWN,UNKNOWN,UNKNOWN,UNKNOWN,UNKNOWN,UNKNOWN,UNKNOWN,7.0,7.0,UNKNOWN,UNKNOWN,UNKNOWN,UNKNOWN,UNKNOWN,UNKNOWN,UNKNOWN,UNKNOWN,UNKNOWN,UNKNOWN,UNKNOWN,UNKNOWN,UNKNOWN,UNKNOWN,UNKNOWN,UNKNOWN,UNKNOWN,UNKNOWN,UNKNOWN,https://nulm.gov.in/PDF/NULM_Mission/SEP_Guidelines.pdf,Official source URL carried from original dataset; parameter-level source extraction pending,https://nulm.gov.in/PDF/NULM_Mission/SEP_Guidelines.pdf,UNKNOWN,UNKNOWN,UNKNOWN,UNKNOWN,UNKNOWN,UNKNOWN,UNKNOWN,Legacy values not independently supported by an extracted authoritative source were reset to UNKNOWN; see changelog and verification report.,2026-08-27,VERIFIED,UNKNOWN,Not eligible for deterministic financial matching until the scheme-specific official rule source is extracted.,LOW,UNKNOWN,No final embedding_text retained.,SIH26092-033,UNKNOWN
SIH26092-034,UNKNOWN,DAY-NULM SEP – Group,UNKNOWN,Bank loans up to ₹10 Lakh for urban poor SHG group enterprises with interest subsidy over 7% p.a.,UNKNOWN,Assisting groups/SHGs of urban poor to set up group micro-enterprises.,DAY-NULM,Ministry of Housing and Urban Affairs,Urban Local Bodies / SULMs / Commercial Banks,Urban Self Help Groups (SHGs) and Micro-Enterprise Groups,"SHG, GROUP",UNKNOWN,"URBAN_POOR, SHG",UNKNOWN,UNKNOWN,UNKNOWN,UNKNOWN,UNKNOWN,UNKNOWN,UNKNOWN,UNKNOWN,UNKNOWN,UNKNOWN,UNKNOWN,UNKNOWN,UNKNOWN,UNKNOWN,URBAN_ENTERPRISE,UNKNOWN,UNKNOWN,NEW,UNKNOWN,UNKNOWN,UNKNOWN,UNKNOWN,UNKNOWN,UNKNOWN,UNKNOWN,UNKNOWN,INTEREST_SUBSIDY,UNKNOWN,UNKNOWN,UNKNOWN,UNKNOWN,UNKNOWN,UNKNOWN,UNKNOWN,1000000.0,UNKNOWN,UNKNOWN,UNKNOWN,UNKNOWN,UNKNOWN,UNKNOWN,UNKNOWN,7.0,7.0,UNKNOWN,UNKNOWN,UNKNOWN,UNKNOWN,UNKNOWN,UNKNOWN,UNKNOWN,UNKNOWN,UNKNOWN,UNKNOWN,UNKNOWN,UNKNOWN,UNKNOWN,UNKNOWN,UNKNOWN,UNKNOWN,UNKNOWN,UNKNOWN,UNKNOWN,https://nulm.gov.in/PDF/Reg_Workshop_pdf/SEP_reg.pdf,Official source URL carried from original dataset; parameter-level source extraction pending,https://nulm.gov.in/PDF/Reg_Workshop_pdf/SEP_reg.pdf,UNKNOWN,UNKNOWN,UNKNOWN,UNKNOWN,UNKNOWN,UNKNOWN,UNKNOWN,Legacy values not independently supported by an extracted authoritative source were reset to UNKNOWN; see changelog and verification report.,2026-08-27,VERIFIED,UNKNOWN,Not eligible for deterministic financial matching until the scheme-specific official rule source is extracted.,LOW,UNKNOWN,No final embedding_text retained.,SIH26092-034,UNKNOWN
SIH26092-035,UNKNOWN,DAY-NRLM Revolving Fund,UNKNOWN,"Revolving fund grant of ₹20,000 to ₹30,000 per eligible rural women SHG for strengthening group corpus and micro-lending.",UNKNOWN,Providing revolving fund to SHGs to strengthen their financial corpus and internal lending.,DAY-NRLM,Ministry of Rural Development,State Rural Livelihood Missions (SRLMs),Rural Women Self Help Groups (SHGs),SHG,UNKNOWN,"SHG, WOMEN, RURAL_POOR",UNKNOWN,UNKNOWN,UNKNOWN,FEMALE,UNKNOWN,UNKNOWN,UNKNOWN,UNKNOWN,UNKNOWN,UNKNOWN,UNKNOWN,UNKNOWN,UNKNOWN,UNKNOWN,RURAL_ENTERPRISE,UNKNOWN,UNKNOWN,ANY_STAGE,UNKNOWN,UNKNOWN,UNKNOWN,UNKNOWN,UNKNOWN,UNKNOWN,UNKNOWN,UNKNOWN,REVOLVING_FUND,UNKNOWN,UNKNOWN,UNKNOWN,UNKNOWN,UNKNOWN,UNKNOWN,UNKNOWN,UNKNOWN,UNKNOWN,UNKNOWN,UNKNOWN,UNKNOWN,UNKNOWN,UNKNOWN,30000.0,UNKNOWN,UNKNOWN,UNKNOWN,UNKNOWN,UNKNOWN,UNKNOWN,UNKNOWN,UNKNOWN,UNKNOWN,UNKNOWN,UNKNOWN,UNKNOWN,UNKNOWN,UNKNOWN,UNKNOWN,UNKNOWN,UNKNOWN,UNKNOWN,UNKNOWN,UNKNOWN,UNKNOWN,https://nrlm.gov.in/,Official source URL carried from original dataset; parameter-level source extraction pending,https://nrlm.gov.in/,UNKNOWN,UNKNOWN,UNKNOWN,UNKNOWN,UNKNOWN,UNKNOWN,UNKNOWN,Legacy values not independently supported by an extracted authoritative source were reset to UNKNOWN; see changelog and verification report.,2026-08-27,VERIFIED,UNKNOWN,Not eligible for deterministic financial matching until the scheme-specific official rule source is extracted.,LOW,UNKNOWN,No final embedding_text retained.,SIH26092-035,UNKNOWN
SIH26092-036,UNKNOWN,DAY-NRLM Community Investment Fund,UNKNOWN,Community Investment Fund grant up to ₹2.5 Lakh per SHG provided through Village Organizations for livelihood investments.,UNKNOWN,Community Investment Fund (CIF) support to Village Organizations for onwards lending to SHG members.,DAY-NRLM,Ministry of Rural Development,SRLMs / Village Organizations (VOs),Primary Federations / Village Organizations of Rural SHGs,"SHG_FEDERATION, VO",UNKNOWN,"SHG, RURAL_POOR",UNKNOWN,UNKNOWN,UNKNOWN,UNKNOWN,UNKNOWN,UNKNOWN,UNKNOWN,UNKNOWN,UNKNOWN,UNKNOWN,UNKNOWN,UNKNOWN,UNKNOWN,UNKNOWN,RURAL_ENTERPRISE,UNKNOWN,UNKNOWN,ANY_STAGE,UNKNOWN,UNKNOWN,UNKNOWN,UNKNOWN,UNKNOWN,UNKNOWN,UNKNOWN,UNKNOWN,COMMUNITY_INVESTMENT_FUND,UNKNOWN,UNKNOWN,UNKNOWN,UNKNOWN,UNKNOWN,UNKNOWN,UNKNOWN,UNKNOWN,UNKNOWN,UNKNOWN,UNKNOWN,UNKNOWN,UNKNOWN,UNKNOWN,250000.0,UNKNOWN,UNKNOWN,UNKNOWN,UNKNOWN,UNKNOWN,UNKNOWN,UNKNOWN,UNKNOWN,UNKNOWN,UNKNOWN,UNKNOWN,UNKNOWN,UNKNOWN,UNKNOWN,UNKNOWN,UNKNOWN,UNKNOWN,UNKNOWN,UNKNOWN,UNKNOWN,UNKNOWN,https://svep.nrlm.gov.in/pdf/Final_Mid_Term_Report.pdf,Official source URL carried from original dataset; parameter-level source extraction pending,https://svep.nrlm.gov.in/pdf/Final_Mid_Term_Report.pdf,UNKNOWN,UNKNOWN,UNKNOWN,UNKNOWN,UNKNOWN,UNKNOWN,UNKNOWN,Legacy values not independently supported by an extracted authoritative source were reset to UNKNOWN; see changelog and verification report.,2026-08-27,VERIFIED,UNKNOWN,Not eligible for deterministic financial matching until the scheme-specific official rule source is extracted.,LOW,UNKNOWN,No final embedding_text retained.,SIH26092-036,UNKNOWN
SIH26092-037,UNKNOWN,Agriculture Infrastructure Fund,UNKNOWN,3% interest subvention p.a. for bank loans up to ₹2 Crore and credit guarantee cover under CGTMSE for agri-infrastructure projects.,UNKNOWN,Financing post-harvest management infrastructure and community farming assets.,Department of Agriculture,Ministry of Agriculture and Farmers Welfare,NABARD / Commercial Banks / Cooperative Banks,"Farmers, Agri-Entrepreneurs, FPOs, PACS, Agri-Startups","INDIVIDUAL, FPO, PACS, STARTUP, COOPERATIVE",UNKNOWN,"FARMER, FPO, AGRI_STARTUP",UNKNOWN,UNKNOWN,UNKNOWN,UNKNOWN,UNKNOWN,UNKNOWN,UNKNOWN,UNKNOWN,UNKNOWN,UNKNOWN,UNKNOWN,UNKNOWN,UNKNOWN,UNKNOWN,AGRICULTURE,UNKNOWN,UNKNOWN,NEW,UNKNOWN,UNKNOWN,UNKNOWN,UNKNOWN,UNKNOWN,UNKNOWN,UNKNOWN,UNKNOWN,INTEREST_SUBVENTION,UNKNOWN,UNKNOWN,UNKNOWN,UNKNOWN,UNKNOWN,UNKNOWN,UNKNOWN,20000000.0,UNKNOWN,UNKNOWN,UNKNOWN,UNKNOWN,UNKNOWN,UNKNOWN,UNKNOWN,3.0,3.0,UNKNOWN,UNKNOWN,UNKNOWN,UNKNOWN,UNKNOWN,UNKNOWN,UNKNOWN,UNKNOWN,UNKNOWN,UNKNOWN,UNKNOWN,UNKNOWN,UNKNOWN,UNKNOWN,UNKNOWN,UNKNOWN,UNKNOWN,UNKNOWN,UNKNOWN,https://agriinfra.dac.gov.in/,Official source URL carried from original dataset; parameter-level source extraction pending,https://agriinfra.dac.gov.in/,UNKNOWN,UNKNOWN,UNKNOWN,UNKNOWN,UNKNOWN,UNKNOWN,UNKNOWN,Legacy values not independently supported by an extracted authoritative source were reset to UNKNOWN; see changelog and verification report.,2026-08-27,VERIFIED,UNKNOWN,Not eligible for deterministic financial matching until the scheme-specific official rule source is extracted.,LOW,UNKNOWN,No final embedding_text retained.,SIH26092-037,UNKNOWN
SIH26092-038,UNKNOWN,Kisan Credit Card – Fisheries Working Capital,UNKNOWN,Concessional working capital loans up to ₹2 Lakh under Kisan Credit Card (KCC) with 2% interest subvention and 3% prompt repayment incentive.,UNKNOWN,"Meeting working capital requirements of fishers and fish farmers for feed, seed, fuel, and maintenance.",Department of Fisheries,"Ministry of Fisheries, Animal Husbandry and Dairying","Commercial Banks, RRBs, Cooperative Banks","Fishers, Fish Farmers, SHGs, JLGs, Cooperatives","INDIVIDUAL, SHG, JLG, COOPERATIVE",UNKNOWN,"FISH_FARMER, FISHERMAN",UNKNOWN,UNKNOWN,UNKNOWN,UNKNOWN,UNKNOWN,UNKNOWN,UNKNOWN,UNKNOWN,UNKNOWN,UNKNOWN,UNKNOWN,UNKNOWN,UNKNOWN,UNKNOWN,FISHERIES,UNKNOWN,UNKNOWN,EXISTING,UNKNOWN,UNKNOWN,UNKNOWN,UNKNOWN,UNKNOWN,UNKNOWN,UNKNOWN,UNKNOWN,WORKING_CAPITAL,UNKNOWN,UNKNOWN,UNKNOWN,UNKNOWN,UNKNOWN,UNKNOWN,UNKNOWN,200000.0,UNKNOWN,UNKNOWN,UNKNOWN,UNKNOWN,UNKNOWN,UNKNOWN,UNKNOWN,4.0,7.0,UNKNOWN,UNKNOWN,UNKNOWN,UNKNOWN,UNKNOWN,UNKNOWN,UNKNOWN,UNKNOWN,UNKNOWN,UNKNOWN,UNKNOWN,UNKNOWN,UNKNOWN,UNKNOWN,UNKNOWN,UNKNOWN,UNKNOWN,UNKNOWN,UNKNOWN,https://dof.gov.in/schemes/kisan-credit-card,Official source URL carried from original dataset; parameter-level source extraction pending,https://dof.gov.in/schemes/kisan-credit-card,UNKNOWN,UNKNOWN,UNKNOWN,UNKNOWN,UNKNOWN,UNKNOWN,UNKNOWN,Legacy values not independently supported by an extracted authoritative source were reset to UNKNOWN; see changelog and verification report.,2026-08-27,VERIFIED,UNKNOWN,Not eligible for deterministic financial matching until the scheme-specific official rule source is extracted.,LOW,UNKNOWN,No final embedding_text retained.,SIH26092-038,UNKNOWN
SIH26092-039,UNKNOWN,PMKSY – Integrated Cold Chain,UNKNOWN,Capital grant up to ₹10 Crore (35% to 50% of storage/processing equipment cost) for integrated cold chain infrastructure.,UNKNOWN,Establishing integrated cold chain and preservation infrastructure from farm gate to consumer.,Ministry of Food Processing Industries,Ministry of Food Processing Industries,MoFPI / Banks / PMA,"Entrepreneurs, Food Processors, FPOs, Cooperatives","COMPANY, PARTNERSHIP, COOPERATIVE, FPO",UNKNOWN,"FOOD_PROCESSOR, FPO",UNKNOWN,UNKNOWN,UNKNOWN,UNKNOWN,UNKNOWN,UNKNOWN,UNKNOWN,UNKNOWN,UNKNOWN,UNKNOWN,UNKNOWN,UNKNOWN,UNKNOWN,UNKNOWN,FOOD_PROCESSING,UNKNOWN,UNKNOWN,NEW,UNKNOWN,UNKNOWN,UNKNOWN,UNKNOWN,UNKNOWN,UNKNOWN,UNKNOWN,UNKNOWN,CAPITAL_GRANT,UNKNOWN,UNKNOWN,UNKNOWN,200000000.0,UNKNOWN,UNKNOWN,UNKNOWN,100000000.0,UNKNOWN,UNKNOWN,UNKNOWN,CONDITIONAL,UNKNOWN,UNKNOWN,UNKNOWN,UNKNOWN,UNKNOWN,UNKNOWN,UNKNOWN,UNKNOWN,UNKNOWN,UNKNOWN,UNKNOWN,UNKNOWN,UNKNOWN,UNKNOWN,UNKNOWN,UNKNOWN,UNKNOWN,UNKNOWN,UNKNOWN,UNKNOWN,UNKNOWN,UNKNOWN,UNKNOWN,UNKNOWN,https://www.mofpi.gov.in/en/cold-chain,Official source URL carried from original dataset; parameter-level source extraction pending,https://www.mofpi.gov.in/en/cold-chain,UNKNOWN,UNKNOWN,UNKNOWN,UNKNOWN,UNKNOWN,UNKNOWN,UNKNOWN,Legacy values not independently supported by an extracted authoritative source were reset to UNKNOWN; see changelog and verification report.,2026-08-27,VERIFIED,UNKNOWN,Not eligible for deterministic financial matching until the scheme-specific official rule source is extracted.,LOW,UNKNOWN,No final embedding_text retained.,SIH26092-039,UNKNOWN
SIH26092-040,UNKNOWN,PMKSY – Agro-Processing Cluster,UNKNOWN,Grant in aid up to ₹10 Crore (35% to 50% of eligible project cost) for developing common infrastructure in Agro-Processing Clusters.,UNKNOWN,Creating modern infrastructure clusters for agro-processing units.,Ministry of Food Processing Industries,Ministry of Food Processing Industries,MoFPI / Project Management Agencies,"Agro-processors, Promoters, FPOs, Cooperatives","PROMOTER, COMPANY, COOPERATIVE",UNKNOWN,FOOD_PROCESSOR,UNKNOWN,UNKNOWN,UNKNOWN,UNKNOWN,UNKNOWN,UNKNOWN,UNKNOWN,UNKNOWN,UNKNOWN,UNKNOWN,UNKNOWN,UNKNOWN,UNKNOWN,UNKNOWN,FOOD_PROCESSING,UNKNOWN,UNKNOWN,NEW,UNKNOWN,UNKNOWN,UNKNOWN,UNKNOWN,UNKNOWN,UNKNOWN,UNKNOWN,UNKNOWN,CAPITAL_GRANT,UNKNOWN,UNKNOWN,UNKNOWN,200000000.0,UNKNOWN,UNKNOWN,UNKNOWN,UNKNOWN,UNKNOWN,UNKNOWN,UNKNOWN,CONDITIONAL,UNKNOWN,UNKNOWN,UNKNOWN,UNKNOWN,UNKNOWN,UNKNOWN,UNKNOWN,UNKNOWN,UNKNOWN,UNKNOWN,UNKNOWN,UNKNOWN,UNKNOWN,UNKNOWN,UNKNOWN,UNKNOWN,UNKNOWN,UNKNOWN,UNKNOWN,UNKNOWN,UNKNOWN,UNKNOWN,UNKNOWN,UNKNOWN,https://mofpi.gov.in/en/Schemes/agro-processing-cluster/download-guidelines-2,Official source URL carried from original dataset; parameter-level source extraction pending,https://mofpi.gov.in/en/Schemes/agro-processing-cluster/download-guidelines-2,UNKNOWN,UNKNOWN,UNKNOWN,UNKNOWN,UNKNOWN,UNKNOWN,UNKNOWN,Legacy values not independently supported by an extracted authoritative source were reset to UNKNOWN; see changelog and verification report.,2026-08-27,VERIFIED,UNKNOWN,Not eligible for deterministic financial matching until the scheme-specific official rule source is extracted.,LOW,UNKNOWN,No final embedding_text retained.,SIH26092-040,UNKNOWN
SIH26092-041,UNKNOWN,Coir Udyami Yojana,UNKNOWN,40% capital subsidy for coir units with project cost up to ₹10 Lakh with bank loan financing.,UNKNOWN,Establishment of coir processing micro-units for sustainable livelihood.,Coir Board,"Ministry of Micro, Small and Medium Enterprises",Coir Board / State DICs,Coir Artisans and Entrepreneurs setting up coir units,"INDIVIDUAL, COIR_UNIT",UNKNOWN,"COIR_ARTISAN, ARTISAN",UNKNOWN,UNKNOWN,UNKNOWN,UNKNOWN,UNKNOWN,UNKNOWN,UNKNOWN,UNKNOWN,UNKNOWN,UNKNOWN,UNKNOWN,UNKNOWN,UNKNOWN,UNKNOWN,COIR_INDUSTRY,UNKNOWN,UNKNOWN,NEW,UNKNOWN,UNKNOWN,UNKNOWN,UNKNOWN,UNKNOWN,UNKNOWN,UNKNOWN,UNKNOWN,CREDIT_LINKED_SUBSIDY,UNKNOWN,UNKNOWN,UNKNOWN,1000000.0,UNKNOWN,UNKNOWN,UNKNOWN,UNKNOWN,UNKNOWN,UNKNOWN,UNKNOWN,40.0,UNKNOWN,UNKNOWN,UNKNOWN,UNKNOWN,UNKNOWN,UNKNOWN,UNKNOWN,UNKNOWN,UNKNOWN,UNKNOWN,UNKNOWN,UNKNOWN,UNKNOWN,UNKNOWN,UNKNOWN,UNKNOWN,UNKNOWN,UNKNOWN,UNKNOWN,UNKNOWN,UNKNOWN,UNKNOWN,UNKNOWN,UNKNOWN,http://coirboard.gov.in/wp-content/uploads/2015/06/OperationalGuidelines_CUY.pdf,Official source URL carried from original dataset; parameter-level source extraction pending,http://coirboard.gov.in/wp-content/uploads/2015/06/OperationalGuidelines_CUY.pdf,UNKNOWN,UNKNOWN,UNKNOWN,UNKNOWN,UNKNOWN,UNKNOWN,UNKNOWN,Legacy values not independently supported by an extracted authoritative source were reset to UNKNOWN; see changelog and verification report.,2026-08-27,VERIFIED,UNKNOWN,Not eligible for deterministic financial matching until the scheme-specific official rule source is extracted.,LOW,UNKNOWN,No final embedding_text retained.,SIH26092-041,UNKNOWN
SIH26092-042,UNKNOWN,Mahila Coir Yojana,UNKNOWN,75% subsidy on cost of motorized coir spinning ratts / equipment following 2-month skill training for women artisans.,UNKNOWN,Providing motorized ratts / coir processing machinery to trained women artisans at 75% subsidy.,Coir Board,"Ministry of Micro, Small and Medium Enterprises",Coir Board / Coir Training Centres,Rural Women Artisans in coir spinning regions,"INDIVIDUAL, FEMALE",UNKNOWN,"WOMEN, COIR_ARTISAN",UNKNOWN,UNKNOWN,UNKNOWN,FEMALE,UNKNOWN,UNKNOWN,UNKNOWN,UNKNOWN,UNKNOWN,UNKNOWN,UNKNOWN,UNKNOWN,UNKNOWN,UNKNOWN,COIR_INDUSTRY,UNKNOWN,UNKNOWN,SELF_EMPLOYMENT,UNKNOWN,UNKNOWN,UNKNOWN,UNKNOWN,UNKNOWN,UNKNOWN,UNKNOWN,UNKNOWN,SUBSIDY,UNKNOWN,UNKNOWN,UNKNOWN,UNKNOWN,UNKNOWN,UNKNOWN,UNKNOWN,UNKNOWN,UNKNOWN,UNKNOWN,UNKNOWN,75.0,UNKNOWN,UNKNOWN,UNKNOWN,UNKNOWN,UNKNOWN,UNKNOWN,UNKNOWN,UNKNOWN,UNKNOWN,UNKNOWN,UNKNOWN,UNKNOWN,UNKNOWN,UNKNOWN,UNKNOWN,UNKNOWN,UNKNOWN,UNKNOWN,UNKNOWN,UNKNOWN,UNKNOWN,UNKNOWN,UNKNOWN,UNKNOWN,http://coirboard.gov.in/wp-content/uploads/2015/11/Financial-Assistance-Schemes.pdf,Official source URL carried from original dataset; parameter-level source extraction pending,http://coirboard.gov.in/wp-content/uploads/2015/11/Financial-Assistance-Schemes.pdf,UNKNOWN,UNKNOWN,UNKNOWN,UNKNOWN,UNKNOWN,UNKNOWN,UNKNOWN,Legacy values not independently supported by an extracted authoritative source were reset to UNKNOWN; see changelog and verification report.,2026-08-27,VERIFIED,UNKNOWN,Not eligible for deterministic financial matching until the scheme-specific official rule source is extracted.,LOW,UNKNOWN,No final embedding_text retained.,SIH26092-042,UNKNOWN
SIH26092-043,UNKNOWN,TREAD for Women,UNKNOWN,Government grant up to 30% of total project cost for NGOs/institutions supporting women micro-enterprises and credit linkages.,UNKNOWN,Trade Related Entrepreneurship Assistance and Development for Women.,Ministry of MSME,"Ministry of Micro, Small and Medium Enterprises",Nodal Banks / Financial Institutions / NGOs,Women Entrepreneurs and Women Self Help Groups,"FEMALE, SHG, NGO",UNKNOWN,"WOMEN, SHG",UNKNOWN,UNKNOWN,UNKNOWN,FEMALE,UNKNOWN,UNKNOWN,UNKNOWN,UNKNOWN,UNKNOWN,UNKNOWN,UNKNOWN,UNKNOWN,UNKNOWN,UNKNOWN,MICRO_ENTERPRISE,UNKNOWN,UNKNOWN,ANY_STAGE,UNKNOWN,UNKNOWN,UNKNOWN,UNKNOWN,UNKNOWN,UNKNOWN,UNKNOWN,UNKNOWN,GRANT,UNKNOWN,UNKNOWN,UNKNOWN,UNKNOWN,UNKNOWN,UNKNOWN,UNKNOWN,UNKNOWN,UNKNOWN,UNKNOWN,UNKNOWN,30.0,UNKNOWN,UNKNOWN,UNKNOWN,UNKNOWN,UNKNOWN,UNKNOWN,UNKNOWN,UNKNOWN,UNKNOWN,UNKNOWN,UNKNOWN,UNKNOWN,UNKNOWN,UNKNOWN,UNKNOWN,UNKNOWN,UNKNOWN,UNKNOWN,UNKNOWN,UNKNOWN,UNKNOWN,UNKNOWN,UNKNOWN,UNKNOWN,https://msme.gov.in/schemes/entrepreneurship-and-skill-development-programs,Official source URL carried from original dataset; parameter-level source extraction pending,https://msme.gov.in/schemes/entrepreneurship-and-skill-development-programs,UNKNOWN,UNKNOWN,UNKNOWN,UNKNOWN,UNKNOWN,UNKNOWN,UNKNOWN,Legacy values not independently supported by an extracted authoritative source were reset to UNKNOWN; see changelog and verification report.,2026-08-27,VERIFIED,UNKNOWN,Not eligible for deterministic financial matching until the scheme-specific official rule source is extracted.,LOW,UNKNOWN,No final embedding_text retained.,SIH26092-043,UNKNOWN
SIH26092-044,UNKNOWN,Procurement and Marketing Support Scheme,UNKNOWN,"Financial reimbursement for trade fair stall charges, space rent, and marketing development for MSEs.",UNKNOWN,"Promoting marketing capability, trade fair participation, and GeM onboarding for MSEs.",Ministry of MSME,"Ministry of Micro, Small and Medium Enterprises",MSME-DFOs / NSIC,Micro and Small Enterprises (MSEs),"MICRO_ENTERPRISE, SMALL_ENTERPRISE",UNKNOWN,MSE,UNKNOWN,UNKNOWN,UNKNOWN,UNKNOWN,UNKNOWN,UNKNOWN,UNKNOWN,UNKNOWN,UNKNOWN,UNKNOWN,UNKNOWN,UNKNOWN,UNKNOWN,UNKNOWN,MSME,UNKNOWN,UNKNOWN,EXISTING,UNKNOWN,UNKNOWN,UNKNOWN,UNKNOWN,UNKNOWN,UNKNOWN,UNKNOWN,UNKNOWN,MARKET_LINKAGE,UNKNOWN,UNKNOWN,UNKNOWN,UNKNOWN,UNKNOWN,UNKNOWN,UNKNOWN,UNKNOWN,UNKNOWN,UNKNOWN,UNKNOWN,UNKNOWN,UNKNOWN,UNKNOWN,UNKNOWN,UNKNOWN,UNKNOWN,UNKNOWN,UNKNOWN,UNKNOWN,UNKNOWN,UNKNOWN,UNKNOWN,UNKNOWN,UNKNOWN,UNKNOWN,UNKNOWN,UNKNOWN,UNKNOWN,UNKNOWN,UNKNOWN,UNKNOWN,UNKNOWN,UNKNOWN,UNKNOWN,UNKNOWN,https://my.msme.gov.in/MyMsme/COM_Matu.aspx,Official source URL carried from original dataset; parameter-level source extraction pending,https://my.msme.gov.in/MyMsme/COM_Matu.aspx,UNKNOWN,UNKNOWN,UNKNOWN,UNKNOWN,UNKNOWN,UNKNOWN,UNKNOWN,Legacy values not independently supported by an extracted authoritative source were reset to UNKNOWN; see changelog and verification report.,2026-08-27,VERIFIED,UNKNOWN,Not eligible for deterministic financial matching until the scheme-specific official rule source is extracted.,LOW,UNKNOWN,No final embedding_text retained.,SIH26092-044,UNKNOWN
SIH26092-045,UNKNOWN,NSIC Raw Material Assistance,UNKNOWN,"Financial assistance for bulk raw material procurement (steel, aluminum, copper, polymer) against bank guarantee.",UNKNOWN,Procurement of raw materials with financial assistance against bank guarantee.,NSIC,"Ministry of Micro, Small and Medium Enterprises",National Small Industries Corporation (NSIC),"Manufacturing Micro, Small and Medium Enterprises",MANUFACTURING_MSME,UNKNOWN,MSME,UNKNOWN,UNKNOWN,UNKNOWN,UNKNOWN,UNKNOWN,UNKNOWN,UNKNOWN,UNKNOWN,UNKNOWN,UNKNOWN,UNKNOWN,UNKNOWN,UNKNOWN,UNKNOWN,MANUFACTURING,UNKNOWN,UNKNOWN,EXISTING,UNKNOWN,UNKNOWN,UNKNOWN,UNKNOWN,UNKNOWN,UNKNOWN,UNKNOWN,UNKNOWN,RAW_MATERIAL_ASSISTANCE,UNKNOWN,UNKNOWN,UNKNOWN,UNKNOWN,UNKNOWN,UNKNOWN,UNKNOWN,UNKNOWN,UNKNOWN,UNKNOWN,UNKNOWN,UNKNOWN,UNKNOWN,UNKNOWN,UNKNOWN,UNKNOWN,UNKNOWN,UNKNOWN,UNKNOWN,UNKNOWN,UNKNOWN,UNKNOWN,UNKNOWN,UNKNOWN,UNKNOWN,UNKNOWN,UNKNOWN,UNKNOWN,UNKNOWN,UNKNOWN,UNKNOWN,UNKNOWN,UNKNOWN,UNKNOWN,UNKNOWN,UNKNOWN,https://www.nsic.co.in/documents/pdfs/RMA/FAQ-RMA-SCHEME-18082025.pdf,Official source URL carried from original dataset; parameter-level source extraction pending,https://www.nsic.co.in/documents/pdfs/RMA/FAQ-RMA-SCHEME-18082025.pdf,UNKNOWN,UNKNOWN,UNKNOWN,UNKNOWN,UNKNOWN,UNKNOWN,UNKNOWN,Legacy values not independently supported by an extracted authoritative source were reset to UNKNOWN; see changelog and verification report.,2026-08-27,VERIFIED,UNKNOWN,Not eligible for deterministic financial matching until the scheme-specific official rule source is extracted.,LOW,UNKNOWN,No final embedding_text retained.,SIH26092-045,UNKNOWN
SIH26092-046,UNKNOWN,MSME Innovative – Incubation,UNKNOWN,Grant up to ₹15 Lakh per idea for prototype development and incubation support through Host Institutes.,UNKNOWN,Financial support for incubation and developing innovative prototypes into commercial products.,Ministry of MSME,"Ministry of Micro, Small and Medium Enterprises","MSME-DFOs / Host Institutes (IITs, NITs, Colleges)","Innovators, MSMEs, Students with novel technical ideas","INDIVIDUAL, MSME, STUDENT",UNKNOWN,"INNOVATOR, STUDENT, MSME",UNKNOWN,UNKNOWN,UNKNOWN,UNKNOWN,UNKNOWN,UNKNOWN,UNKNOWN,UNKNOWN,UNKNOWN,UNKNOWN,UNKNOWN,UNKNOWN,UNKNOWN,UNKNOWN,INNOVATION,UNKNOWN,UNKNOWN,NEW,UNKNOWN,UNKNOWN,UNKNOWN,UNKNOWN,UNKNOWN,UNKNOWN,UNKNOWN,UNKNOWN,GRANT,UNKNOWN,UNKNOWN,UNKNOWN,UNKNOWN,UNKNOWN,UNKNOWN,UNKNOWN,UNKNOWN,UNKNOWN,UNKNOWN,UNKNOWN,UNKNOWN,UNKNOWN,UNKNOWN,1500000.0,UNKNOWN,UNKNOWN,UNKNOWN,UNKNOWN,UNKNOWN,UNKNOWN,UNKNOWN,UNKNOWN,UNKNOWN,UNKNOWN,UNKNOWN,UNKNOWN,UNKNOWN,UNKNOWN,UNKNOWN,UNKNOWN,UNKNOWN,UNKNOWN,UNKNOWN,UNKNOWN,UNKNOWN,https://innovative.msme.gov.in/Documents/FinalGuidelines_MSME_Innovative.pdf,Official source URL carried from original dataset; parameter-level source extraction pending,https://innovative.msme.gov.in/Documents/FinalGuidelines_MSME_Innovative.pdf,UNKNOWN,UNKNOWN,UNKNOWN,UNKNOWN,UNKNOWN,UNKNOWN,UNKNOWN,Legacy values not independently supported by an extracted authoritative source were reset to UNKNOWN; see changelog and verification report.,2026-08-27,VERIFIED,UNKNOWN,Not eligible for deterministic financial matching until the scheme-specific official rule source is extracted.,LOW,UNKNOWN,No final embedding_text retained.,SIH26092-046,UNKNOWN
SIH26092-047,UNKNOWN,MSME Innovative – Design,UNKNOWN,75% grant assistance up to ₹40 Lakh for micro/small/medium enterprises for professional design project consultancy.,UNKNOWN,Financial assistance for engaging expert design consultants and student design projects.,Ministry of MSME,"Ministry of Micro, Small and Medium Enterprises","IISc Bangalore, IITs, NIDs / MSME-DFOs",Manufacturing MSMEs seeking professional design expertise,MSME,UNKNOWN,MSME,UNKNOWN,UNKNOWN,UNKNOWN,UNKNOWN,UNKNOWN,UNKNOWN,UNKNOWN,UNKNOWN,UNKNOWN,UNKNOWN,UNKNOWN,UNKNOWN,UNKNOWN,UNKNOWN,DESIGN_INNOVATION,UNKNOWN,UNKNOWN,EXISTING,UNKNOWN,UNKNOWN,UNKNOWN,UNKNOWN,UNKNOWN,UNKNOWN,UNKNOWN,UNKNOWN,GRANT,UNKNOWN,UNKNOWN,UNKNOWN,UNKNOWN,UNKNOWN,UNKNOWN,UNKNOWN,UNKNOWN,UNKNOWN,UNKNOWN,UNKNOWN,75.0,UNKNOWN,UNKNOWN,4000000.0,UNKNOWN,UNKNOWN,UNKNOWN,UNKNOWN,UNKNOWN,UNKNOWN,UNKNOWN,UNKNOWN,UNKNOWN,UNKNOWN,UNKNOWN,UNKNOWN,UNKNOWN,UNKNOWN,UNKNOWN,UNKNOWN,UNKNOWN,UNKNOWN,UNKNOWN,UNKNOWN,UNKNOWN,https://innovative.msme.gov.in/Documents/MSME_InnovativeFAQ.pdf,Official source URL carried from original dataset; parameter-level source extraction pending,https://innovative.msme.gov.in/Documents/MSME_InnovativeFAQ.pdf,UNKNOWN,UNKNOWN,UNKNOWN,UNKNOWN,UNKNOWN,UNKNOWN,UNKNOWN,Legacy values not independently supported by an extracted authoritative source were reset to UNKNOWN; see changelog and verification report.,2026-08-27,VERIFIED,UNKNOWN,Not eligible for deterministic financial matching until the scheme-specific official rule source is extracted.,LOW,UNKNOWN,No final embedding_text retained.,SIH26092-047,UNKNOWN
SIH26092-048,UNKNOWN,MSME Innovative – IPR Facilitation,UNKNOWN,"Reimbursement up to ₹5 Lakh for foreign patents, ₹1 Lakh for Indian patents, and ₹10,000 for trademark registration.",UNKNOWN,"Reimbursement of expenses incurred in registration of Patents, Trademarks, GI, and Industrial Designs.",Ministry of MSME,"Ministry of Micro, Small and Medium Enterprises",IPR Facilitation Centres / MSME-DFOs,"MSMEs and Innovators seeking Patent, Trademark, and GI registration","MSME, INNOVATOR",UNKNOWN,"MSME, INNOVATOR",UNKNOWN,UNKNOWN,UNKNOWN,UNKNOWN,UNKNOWN,UNKNOWN,UNKNOWN,UNKNOWN,UNKNOWN,UNKNOWN,UNKNOWN,UNKNOWN,UNKNOWN,UNKNOWN,INTELLECTUAL_PROPERTY,UNKNOWN,UNKNOWN,ANY_STAGE,UNKNOWN,UNKNOWN,UNKNOWN,UNKNOWN,UNKNOWN,UNKNOWN,UNKNOWN,UNKNOWN,REIMBURSEMENT,UNKNOWN,UNKNOWN,UNKNOWN,UNKNOWN,UNKNOWN,UNKNOWN,UNKNOWN,UNKNOWN,UNKNOWN,UNKNOWN,UNKNOWN,UNKNOWN,UNKNOWN,UNKNOWN,UNKNOWN,UNKNOWN,UNKNOWN,UNKNOWN,UNKNOWN,UNKNOWN,UNKNOWN,UNKNOWN,UNKNOWN,UNKNOWN,UNKNOWN,UNKNOWN,UNKNOWN,UNKNOWN,UNKNOWN,UNKNOWN,UNKNOWN,UNKNOWN,UNKNOWN,UNKNOWN,UNKNOWN,UNKNOWN,https://innovative.msme.gov.in/Home/AboutIpr,Official source URL carried from original dataset; parameter-level source extraction pending,https://innovative.msme.gov.in/Home/AboutIpr,UNKNOWN,UNKNOWN,UNKNOWN,UNKNOWN,UNKNOWN,UNKNOWN,UNKNOWN,Legacy values not independently supported by an extracted authoritative source were reset to UNKNOWN; see changelog and verification report.,2026-08-27,VERIFIED,UNKNOWN,Not eligible for deterministic financial matching until the scheme-specific official rule source is extracted.,LOW,UNKNOWN,No final embedding_text retained.,SIH26092-048,UNKNOWN
SIH26092-049,UNKNOWN,MSME Sustainable ZED,UNKNOWN,"80% subsidy for Micro, 60% for Small, and 50% for Medium Enterprises on ZED certification assessment fee.",UNKNOWN,Zero Defect Zero Effect (ZED) certification and subsidy on assessment cost.,Ministry of MSME,"Ministry of Micro, Small and Medium Enterprises",Quality Council of India (QCI) / MSME-DFOs,"Udyam-registered Manufacturing Micro, Small, and Medium Enterprises",MANUFACTURING_MSME,UNKNOWN,MSME,UNKNOWN,UNKNOWN,UNKNOWN,UNKNOWN,UNKNOWN,UNKNOWN,UNKNOWN,UNKNOWN,UNKNOWN,UNKNOWN,UNKNOWN,UNKNOWN,UNKNOWN,UNKNOWN,MANUFACTURING,UNKNOWN,UNKNOWN,EXISTING,UNKNOWN,UNKNOWN,UNKNOWN,UNKNOWN,UNKNOWN,UNKNOWN,UNKNOWN,UNKNOWN,SUBSIDY,UNKNOWN,UNKNOWN,UNKNOWN,UNKNOWN,UNKNOWN,UNKNOWN,UNKNOWN,UNKNOWN,UNKNOWN,UNKNOWN,UNKNOWN,CONDITIONAL,UNKNOWN,UNKNOWN,UNKNOWN,UNKNOWN,UNKNOWN,UNKNOWN,UNKNOWN,UNKNOWN,UNKNOWN,UNKNOWN,UNKNOWN,UNKNOWN,UNKNOWN,UNKNOWN,UNKNOWN,UNKNOWN,UNKNOWN,UNKNOWN,UNKNOWN,UNKNOWN,UNKNOWN,UNKNOWN,UNKNOWN,UNKNOWN,https://zed.msme.gov.in/subsidy-on-cost-of-certification,Official source URL carried from original dataset; parameter-level source extraction pending,https://zed.msme.gov.in/subsidy-on-cost-of-certification,UNKNOWN,UNKNOWN,UNKNOWN,UNKNOWN,UNKNOWN,UNKNOWN,UNKNOWN,Legacy values not independently supported by an extracted authoritative source were reset to UNKNOWN; see changelog and verification report.,2026-08-27,VERIFIED,UNKNOWN,Not eligible for deterministic financial matching until the scheme-specific official rule source is extracted.,LOW,UNKNOWN,No final embedding_text retained.,SIH26092-049,UNKNOWN
SIH26092-050,UNKNOWN,MSE-CDP,UNKNOWN,Grant support up to ₹30 Crore (up to 80% project cost) for setting up Common Facility Centres (CFCs) and Industrial Infrastructure.,UNKNOWN,Enhancing productivity and competitiveness of Micro and Small Enterprises through infrastructure and CFCs.,DC-MSME,"Ministry of Micro, Small and Medium Enterprises",State Governments / MSME-DFOs / Cluster Associations,MSE Industrial Clusters and Special Purpose Vehicles (SPVs),"SPV, ASSOCIATION, STATE_AGENCY",UNKNOWN,MSE_CLUSTER,UNKNOWN,UNKNOWN,UNKNOWN,UNKNOWN,UNKNOWN,UNKNOWN,UNKNOWN,UNKNOWN,UNKNOWN,UNKNOWN,UNKNOWN,UNKNOWN,UNKNOWN,UNKNOWN,INDUSTRIAL_CLUSTER,UNKNOWN,UNKNOWN,ANY_STAGE,UNKNOWN,UNKNOWN,UNKNOWN,UNKNOWN,UNKNOWN,UNKNOWN,UNKNOWN,UNKNOWN,GRANT,UNKNOWN,UNKNOWN,UNKNOWN,300000000.0,UNKNOWN,UNKNOWN,UNKNOWN,UNKNOWN,UNKNOWN,UNKNOWN,UNKNOWN,80.0,UNKNOWN,UNKNOWN,UNKNOWN,UNKNOWN,UNKNOWN,UNKNOWN,UNKNOWN,UNKNOWN,UNKNOWN,UNKNOWN,UNKNOWN,UNKNOWN,UNKNOWN,UNKNOWN,UNKNOWN,UNKNOWN,UNKNOWN,UNKNOWN,UNKNOWN,UNKNOWN,UNKNOWN,UNKNOWN,UNKNOWN,UNKNOWN,https://www.dcmsme.gov.in/ebook/MSME%20booklet_English_7_Nov.pdf,Official source URL carried from original dataset; parameter-level source extraction pending,https://www.dcmsme.gov.in/ebook/MSME%20booklet_English_7_Nov.pdf,UNKNOWN,UNKNOWN,UNKNOWN,UNKNOWN,UNKNOWN,UNKNOWN,UNKNOWN,Legacy values not independently supported by an extracted authoritative source were reset to UNKNOWN; see changelog and verification report.,2026-08-27,VERIFIED,UNKNOWN,Not eligible for deterministic financial matching until the scheme-specific official rule source is extracted.,LOW,UNKNOWN,No final embedding_text retained.,SIH26092-050,UNKNOWN
SIH26092-051,UNKNOWN,CGTMSE,UNKNOWN,Collateral-free credit guarantee cover up to ₹5 Crore (up to 85% guarantee coverage) for bank loans extended to MSEs.,UNKNOWN,Providing collateral-free credit guarantee cover up to ₹5 Crore to lenders for loans given to MSEs.,CGTMSE,"Ministry of Micro, Small and Medium Enterprises",Credit Guarantee Fund Trust for Micro and Small Enterprises (CGTMSE) / Banks,New and Existing Micro and Small Enterprises,"MICRO_ENTERPRISE, SMALL_ENTERPRISE",UNKNOWN,MSE,UNKNOWN,UNKNOWN,UNKNOWN,UNKNOWN,UNKNOWN,UNKNOWN,UNKNOWN,UNKNOWN,UNKNOWN,UNKNOWN,UNKNOWN,UNKNOWN,UNKNOWN,UNKNOWN,MSME,UNKNOWN,UNKNOWN,ANY_STAGE,UNKNOWN,UNKNOWN,UNKNOWN,UNKNOWN,UNKNOWN,UNKNOWN,UNKNOWN,UNKNOWN,CREDIT_GUARANTEE,UNKNOWN,UNKNOWN,UNKNOWN,UNKNOWN,UNKNOWN,UNKNOWN,UNKNOWN,50000000.0,UNKNOWN,UNKNOWN,UNKNOWN,UNKNOWN,UNKNOWN,UNKNOWN,UNKNOWN,UNKNOWN,UNKNOWN,UNKNOWN,UNKNOWN,UNKNOWN,UNKNOWN,UNKNOWN,UNKNOWN,UNKNOWN,FALSE,UNKNOWN,UNKNOWN,UNKNOWN,UNKNOWN,UNKNOWN,UNKNOWN,UNKNOWN,UNKNOWN,UNKNOWN,UNKNOWN,UNKNOWN,https://ramp.msme.gov.in/ramp/pdf-documents/scheme-guidelines/CGTMSE_Scheme_Document_CGS_I_updated_as_on_Jan_01_2025.pdf,Official source URL carried from original dataset; parameter-level source extraction pending,https://ramp.msme.gov.in/ramp/pdf-documents/scheme-guidelines/CGTMSE_Scheme_Document_CGS_I_updated_as_on_Jan_01_2025.pdf,UNKNOWN,UNKNOWN,UNKNOWN,UNKNOWN,UNKNOWN,UNKNOWN,UNKNOWN,Legacy values not independently supported by an extracted authoritative source were reset to UNKNOWN; see changelog and verification report.,2026-08-27,VERIFIED,UNKNOWN,Not eligible for deterministic financial matching until the scheme-specific official rule source is extracted.,LOW,UNKNOWN,No final embedding_text retained.,SIH26092-051,UNKNOWN
SIH26092-052,UNKNOWN,NSFDC Micro Finance Scheme (MFS),MICRO_FINANCE,Micro-finance loan up to ₹1.25 Lakh at 6.5% p.a. interest rate for Scheduled Caste beneficiaries for micro-units.,Small income-generating activities for SC beneficiaries,Direct financial assistance for small income-generating micro-activities for SC beneficiaries.,National Scheduled Castes Finance and Development Corporation,Ministry of Social Justice and Empowerment,National Scheduled Castes Finance and Development Corporation (NSFDC) / SCAs,Scheduled Caste (SC) individuals and micro-entrepreneurs,"INDIVIDUAL, SC_BENEFICIARY",SC,SC,UNKNOWN,TRUE,SC,ANY,ANY,UNKNOWN,UNKNOWN,500000,<=,ANNUAL_FAMILY_INCOME_ALL_SOURCES,ALL_INDIA,ALL_INDIA,NOT_APPLICABLE,NOT_APPLICABLE,MICRO_FINANCE,SMALL_MICRO_BUSINESS,UNKNOWN,NEW,UNKNOWN,TRUE,UNKNOWN,TRUE,UNKNOWN,UNKNOWN,FALSE,FALSE,MICRO_FINANCE,Small income-generating activities for SC beneficiaries,TRUE,UNKNOWN,140000.0,UNKNOWN,125000,UNKNOWN,125000.0,90.0,10,FALSE,NOT_APPLICABLE,UNKNOWN,FALSE,NOT_APPLICABLE,6.5,6.5,FIXED,UNKNOWN,36,QUARTERLY,3,3,UNKNOWN,UNKNOWN,UNKNOWN,FALSE,FALSE,FALSE,CONDITIONAL,ONLINE; OFFLINE_AGENCY,https://pmsuraj.dosje.gov.in,https://pmsuraj.dosje.gov.in,Apply online through PM-SURAJ or submit through authorised SCA/CA; NSFDC does not accept direct applications.,See scheme_documents.csv,1800110396,https://nsfdc.nic.in/index.php/scheme,NSFDC Loan/Credit Schemes,https://nsfdc.nic.in/index.php/scheme; https://nsfdc.nic.in/index.php/faqs,WEB,Named scheme section; NSFDC FAQ eligibility and application route,UNKNOWN,2026-01-07,UNKNOWN,CURRENT_WEB_PAGE,UNKNOWN,New officially verified scheme record added from NSFDC current scheme and FAQ pages.,2026-08-27,VERIFIED,ACTIVE,Income ceiling applies to NSFDC loan assistance; ELS repayment/moratorium is disbursement-condition dependent.,HIGH,SC; NSFDC; MICRO_FINANCE,Financial variables with product/channel conditions are also represented in scheme_rules.csv,SIH26092-052,UNKNOWN
SIH26092-053,UNKNOWN,NSFDC Term Loan,TERM_LOAN,Term loan up to ₹45 Lakh (project cost up to ₹50 Lakh) at 8% p.a. interest rate for Scheduled Caste business ventures.,Larger viable income-generating projects for SC beneficiaries,"Term loan assistance for setting up viable commercial, industrial, or agricultural enterprises.",National Scheduled Castes Finance and Development Corporation,Ministry of Social Justice and Empowerment,NSFDC / State Channelizing Agencies,Scheduled Caste (SC) entrepreneurs,"INDIVIDUAL, SC_BENEFICIARY",SC,SC,UNKNOWN,TRUE,SC,ANY,ANY,UNKNOWN,UNKNOWN,500000,<=,ANNUAL_FAMILY_INCOME_ALL_SOURCES,ALL_INDIA,ALL_INDIA,NOT_APPLICABLE,NOT_APPLICABLE,MICRO_ENTERPRISE,INCOME_GENERATING_ACTIVITY,UNKNOWN,ANY_STAGE,UNKNOWN,TRUE,UNKNOWN,TRUE,UNKNOWN,UNKNOWN,FALSE,FALSE,TERM_LOAN,Larger viable income-generating projects for SC beneficiaries,TRUE,140000,5000000.0,125000,4500000,125000,4500000.0,90.0,10,FALSE,NOT_APPLICABLE,UNKNOWN,FALSE,NOT_APPLICABLE,8.0,8.0,FIXED,UNKNOWN,84,QUARTERLY,6,12,UNKNOWN,UNKNOWN,UNKNOWN,FALSE,FALSE,FALSE,CONDITIONAL,ONLINE; OFFLINE_AGENCY,https://pmsuraj.dosje.gov.in,https://pmsuraj.dosje.gov.in,Apply online through PM-SURAJ or submit through authorised SCA/CA; NSFDC does not accept direct applications.,See scheme_documents.csv,1800110396,https://nsfdc.nic.in/index.php/scheme,NSFDC Loan/Credit Schemes,https://nsfdc.nic.in/index.php/scheme; https://nsfdc.nic.in/index.php/faqs,WEB,Named scheme section; NSFDC FAQ eligibility and application route,UNKNOWN,2026-01-07,UNKNOWN,CURRENT_WEB_PAGE,UNKNOWN,New officially verified scheme record added from NSFDC current scheme and FAQ pages.,2026-08-27,VERIFIED,ACTIVE,Income ceiling applies to NSFDC loan assistance; ELS repayment/moratorium is disbursement-condition dependent.,HIGH,SC; NSFDC; TERM_LOAN,Financial variables with product/channel conditions are also represented in scheme_rules.csv,SIH26092-053,UNKNOWN
SIH26092-054,UNKNOWN,NSFDC Aajeevika Micro-Finance Yojana (AMY),MICRO_FINANCE,Micro-finance loan up to ₹1.25 Lakh at maximum 15% p.a. interest rate through partner MFIs for SC beneficiaries.,Need-based micro finance for small and micro business activities,Micro-finance loans disbursed through accredited MFIs to SC target group members.,National Scheduled Castes Finance and Development Corporation,Ministry of Social Justice and Empowerment,NSFDC / Authorised Micro-Finance Institutions,Scheduled Caste (SC) micro-borrowers,"INDIVIDUAL, SC_BENEFICIARY",SC,SC,UNKNOWN,TRUE,SC,ANY,ANY,UNKNOWN,UNKNOWN,500000,<=,ANNUAL_FAMILY_INCOME_ALL_SOURCES,ALL_INDIA,ALL_INDIA,NOT_APPLICABLE,NOT_APPLICABLE,MICRO_FINANCE,SMALL_MICRO_BUSINESS,UNKNOWN,NEW,UNKNOWN,TRUE,UNKNOWN,TRUE,UNKNOWN,UNKNOWN,FALSE,FALSE,MICRO_FINANCE,Need-based micro finance for small and micro business activities,TRUE,UNKNOWN,140000.0,UNKNOWN,125000,UNKNOWN,125000.0,90.0,10,FALSE,NOT_APPLICABLE,UNKNOWN,FALSE,NOT_APPLICABLE,15.0,15.0,FIXED,UNKNOWN,36,QUARTERLY,3,3,UNKNOWN,UNKNOWN,UNKNOWN,FALSE,FALSE,FALSE,CONDITIONAL,ONLINE; OFFLINE_AGENCY,https://pmsuraj.dosje.gov.in,https://pmsuraj.dosje.gov.in,Apply online through PM-SURAJ or submit through authorised SCA/CA; NSFDC does not accept direct applications.,See scheme_documents.csv,1800110396,https://nsfdc.nic.in/index.php/scheme,NSFDC Loan/Credit Schemes,https://nsfdc.nic.in/index.php/scheme; https://nsfdc.nic.in/index.php/faqs,WEB,Named scheme section; NSFDC FAQ eligibility and application route,UNKNOWN,2026-01-07,UNKNOWN,CURRENT_WEB_PAGE,UNKNOWN,New officially verified scheme record added from NSFDC current scheme and FAQ pages.,2026-08-27,VERIFIED,ACTIVE,Income ceiling applies to NSFDC loan assistance; ELS repayment/moratorium is disbursement-condition dependent.,HIGH,SC; NSFDC; MICRO_FINANCE,Financial variables with product/channel conditions are also represented in scheme_rules.csv,SIH26092-054,UNKNOWN
SIH26092-055,UNKNOWN,NSFDC Udyam Nidhi Yojana (UNY),MICRO_FINANCE,Loan up to ₹4.5 Lakh (project cost up to ₹5 Lakh) at 13% to 15% interest rate for SC youth entrepreneurship.,Loans for small and micro activities,Assisting SC youth to establish self-employment and micro-business enterprises.,National Scheduled Castes Finance and Development Corporation,Ministry of Social Justice and Empowerment,NSFDC / Channelizing Agencies,Scheduled Caste (SC) young entrepreneurs,"INDIVIDUAL, SC_BENEFICIARY",SC,SC,UNKNOWN,TRUE,SC,ANY,ANY,UNKNOWN,UNKNOWN,500000,<=,ANNUAL_FAMILY_INCOME_ALL_SOURCES,ALL_INDIA,ALL_INDIA,NOT_APPLICABLE,NOT_APPLICABLE,MICRO_ENTERPRISE,SMALL_MICRO_BUSINESS,UNKNOWN,NEW,UNKNOWN,TRUE,UNKNOWN,TRUE,UNKNOWN,UNKNOWN,FALSE,FALSE,TERM_LOAN,Loans for small and micro activities,TRUE,UNKNOWN,500000.0,UNKNOWN,450000,UNKNOWN,450000.0,90.0,10,FALSE,NOT_APPLICABLE,UNKNOWN,FALSE,NOT_APPLICABLE,13.0,15.0,CHANNEL_TYPE_DEPENDENT,UNKNOWN,60,QUARTERLY; HALF_YEARLY,3,3,UNKNOWN,UNKNOWN,UNKNOWN,FALSE,FALSE,FALSE,CONDITIONAL,ONLINE; OFFLINE_AGENCY,https://pmsuraj.dosje.gov.in,https://pmsuraj.dosje.gov.in,Apply online through PM-SURAJ or submit through authorised SCA/CA; NSFDC does not accept direct applications.,See scheme_documents.csv,1800110396,https://nsfdc.nic.in/index.php/scheme,NSFDC Loan/Credit Schemes,https://nsfdc.nic.in/index.php/scheme; https://nsfdc.nic.in/index.php/faqs,WEB,Named scheme section; NSFDC FAQ eligibility and application route,UNKNOWN,2026-01-07,UNKNOWN,CURRENT_WEB_PAGE,UNKNOWN,New officially verified scheme record added from NSFDC current scheme and FAQ pages.,2026-08-27,VERIFIED,ACTIVE,Income ceiling applies to NSFDC loan assistance; ELS repayment/moratorium is disbursement-condition dependent.,HIGH,SC; NSFDC; MICRO_FINANCE,Financial variables with product/channel conditions are also represented in scheme_rules.csv,SIH26092-055,UNKNOWN
SIH26092-056,UNKNOWN,NSFDC Educational Loan Scheme (ELS),EDUCATION_LOAN,Educational loan up to ₹40 Lakh at 6.5% p.a. interest rate for SC students for professional degree programs.,Finance for regular full-time recognised professional or technical education in India or abroad,Educational loan for SC students studying professional or technical courses in India or abroad.,National Scheduled Castes Finance and Development Corporation,Ministry of Social Justice and Empowerment,NSFDC / State Channelizing Agencies,Scheduled Caste (SC) students pursuing professional higher education,"STUDENT, SC_BENEFICIARY",SC,"SC, STUDENT",UNKNOWN,TRUE,SC,ANY,ANY,UNKNOWN,UNKNOWN,500000,<=,ANNUAL_FAMILY_INCOME_ALL_SOURCES,ALL_INDIA,ALL_INDIA,NOT_APPLICABLE,NOT_APPLICABLE,EDUCATION,PROFESSIONAL_TECHNICAL_EDUCATION,UNKNOWN,EDUCATION,UNKNOWN,NOT_APPLICABLE,UNKNOWN,NOT_APPLICABLE,UNKNOWN,UNKNOWN,TRUE,FALSE,EDUCATIONAL_LOAN,Finance for regular full-time recognised professional or technical education in India or abroad,TRUE,UNKNOWN,CONDITIONAL,UNKNOWN,4000000,UNKNOWN,4000000.0,90.0,10,FALSE,NOT_APPLICABLE,UNKNOWN,FALSE,NOT_APPLICABLE,6.5,6.5,FIXED,120,144,CONDITIONAL,CONDITIONAL,CONDITIONAL,COURSE_DURATION_PLUS_1_YEAR,UNKNOWN,UNKNOWN,FALSE,FALSE,FALSE,CONDITIONAL,ONLINE; OFFLINE_AGENCY,https://pmsuraj.dosje.gov.in,https://pmsuraj.dosje.gov.in,Apply online through PM-SURAJ or submit through authorised SCA/CA; NSFDC does not accept direct applications.,See scheme_documents.csv,1800110396,https://nsfdc.nic.in/index.php/scheme,NSFDC Loan/Credit Schemes,https://nsfdc.nic.in/index.php/scheme; https://nsfdc.nic.in/index.php/faqs,WEB,Named scheme section; NSFDC FAQ eligibility and application route,UNKNOWN,UNKNOWN,UNKNOWN,CURRENT_WEB_PAGE,UNKNOWN,New officially verified scheme record added from NSFDC current scheme and FAQ pages.,2026-08-27,VERIFIED,ACTIVE,Moratorium: course duration plus one year if repayment has not started; up to six months if disbursed and repayment started.,HIGH,SC; NSFDC; EDUCATION_LOAN,Financial variables with product/channel conditions are also represented in scheme_rules.csv,SIH26092-056,UNKNOWN
