scheme_id,field,old_value,new_value,reason,source_url,source_document,source_page,verification_status
SIH26092-001,embedding_text,LEGACY_GENERATED_TEXT,NOT_RETAINED,Final embedding/search text intentionally removed until source verification is accepted.,https://pmegp.msme.gov.in/,Uploaded CSV; not an authoritative source,NOT_APPLICABLE,VERIFIED
SIH26092-001,priority,LEGACY_MIXED_OR_CONTAMINATED_VALUE,NOT_RETAINED,Priority contained inconsistent values/tags and is excluded from the cleaned master.,https://pmegp.msme.gov.in/,Uploaded CSV; not an authoritative source,NOT_APPLICABLE,VERIFIED
SIH26092-001,legacy field normalization,LEGACY_VALUE_OR_BLANK,UNKNOWN_OR_NORMALIZED_VALUE,Any field without an extracted authoritative basis was reset to UNKNOWN rather than inferred; structured target financial/eligibility fields were added.,https://pmegp.msme.gov.in/,Official URL carried from original dataset,WEB,PARTIALLY_VERIFIED
SIH26092-001,verification_status,NOT_PRESENT,PARTIALLY_VERIFIED,"A source link exists, but this execution did not extract an authoritative rule table for every critical field.",https://pmegp.msme.gov.in/,Official URL carried from original dataset,WEB,PARTIALLY_VERIFIED
SIH26092-002,embedding_text,LEGACY_GENERATED_TEXT,NOT_RETAINED,Final embedding/search text intentionally removed until source verification is accepted.,https://financialservices.gov.in/pradhan-mantri-mudra-yojana-pmmy,Uploaded CSV; not an authoritative source,NOT_APPLICABLE,VERIFIED
SIH26092-002,priority,LEGACY_MIXED_OR_CONTAMINATED_VALUE,NOT_RETAINED,Priority contained inconsistent values/tags and is excluded from the cleaned master.,https://financialservices.gov.in/pradhan-mantri-mudra-yojana-pmmy,Uploaded CSV; not an authoritative source,NOT_APPLICABLE,VERIFIED
SIH26092-002,legacy field normalization,LEGACY_VALUE_OR_BLANK,UNKNOWN_OR_NORMALIZED_VALUE,Any field without an extracted authoritative basis was reset to UNKNOWN rather than inferred; structured target financial/eligibility fields were added.,https://financialservices.gov.in/pradhan-mantri-mudra-yojana-pmmy,Official URL carried from original dataset,WEB,PARTIALLY_VERIFIED
SIH26092-002,verification_status,NOT_PRESENT,PARTIALLY_VERIFIED,"A source link exists, but this execution did not extract an authoritative rule table for every critical field.",https://financialservices.gov.in/pradhan-mantri-mudra-yojana-pmmy,Official URL carried from original dataset,WEB,PARTIALLY_VERIFIED
SIH26092-003,embedding_text,LEGACY_GENERATED_TEXT,NOT_RETAINED,Final embedding/search text intentionally removed until source verification is accepted.,https://financialservices.gov.in/stand-india-scheme-supi,Uploaded CSV; not an authoritative source,NOT_APPLICABLE,VERIFIED
SIH26092-003,priority,LEGACY_MIXED_OR_CONTAMINATED_VALUE,NOT_RETAINED,Priority contained inconsistent values/tags and is excluded from the cleaned master.,https://financialservices.gov.in/stand-india-scheme-supi,Uploaded CSV; not an authoritative source,NOT_APPLICABLE,VERIFIED
SIH26092-003,legacy field normalization,LEGACY_VALUE_OR_BLANK,UNKNOWN_OR_NORMALIZED_VALUE,Any field without an extracted authoritative basis was reset to UNKNOWN rather than inferred; structured target financial/eligibility fields were added.,https://financialservices.gov.in/stand-india-scheme-supi,Official URL carried from original dataset,WEB,PARTIALLY_VERIFIED
SIH26092-003,verification_status,NOT_PRESENT,PARTIALLY_VERIFIED,"A source link exists, but this execution did not extract an authoritative rule table for every critical field.",https://financialservices.gov.in/stand-india-scheme-supi,Official URL carried from original dataset,WEB,PARTIALLY_VERIFIED
SIH26092-004,embedding_text,LEGACY_GENERATED_TEXT,NOT_RETAINED,Final embedding/search text intentionally removed until source verification is accepted.,https://pmsvanidhi.mohua.gov.in/,Uploaded CSV; not an authoritative source,NOT_APPLICABLE,VERIFIED
SIH26092-004,priority,LEGACY_MIXED_OR_CONTAMINATED_VALUE,NOT_RETAINED,Priority contained inconsistent values/tags and is excluded from the cleaned master.,https://pmsvanidhi.mohua.gov.in/,Uploaded CSV; not an authoritative source,NOT_APPLICABLE,VERIFIED
SIH26092-004,legacy field normalization,LEGACY_VALUE_OR_BLANK,UNKNOWN_OR_NORMALIZED_VALUE,Any field without an extracted authoritative basis was reset to UNKNOWN rather than inferred; structured target financial/eligibility fields were added.,https://pmsvanidhi.mohua.gov.in/,Official URL carried from original dataset,WEB,PARTIALLY_VERIFIED
SIH26092-004,verification_status,NOT_PRESENT,PARTIALLY_VERIFIED,"A source link exists, but this execution did not extract an authoritative rule table for every critical field.",https://pmsvanidhi.mohua.gov.in/,Official URL carried from original dataset,WEB,PARTIALLY_VERIFIED
SIH26092-005,embedding_text,LEGACY_GENERATED_TEXT,NOT_RETAINED,Final embedding/search text intentionally removed until source verification is accepted.,https://pmvishwakarma.gov.in/Home/FAQ,Uploaded CSV; not an authoritative source,NOT_APPLICABLE,VERIFIED
SIH26092-005,priority,LEGACY_MIXED_OR_CONTAMINATED_VALUE,NOT_RETAINED,Priority contained inconsistent values/tags and is excluded from the cleaned master.,https://pmvishwakarma.gov.in/Home/FAQ,Uploaded CSV; not an authoritative source,NOT_APPLICABLE,VERIFIED
SIH26092-005,legacy field normalization,LEGACY_VALUE_OR_BLANK,UNKNOWN_OR_NORMALIZED_VALUE,Any field without an extracted authoritative basis was reset to UNKNOWN rather than inferred; structured target financial/eligibility fields were added.,https://pmvishwakarma.gov.in/Home/FAQ,Official URL carried from original dataset,WEB,PARTIALLY_VERIFIED
SIH26092-005,verification_status,NOT_PRESENT,PARTIALLY_VERIFIED,"A source link exists, but this execution did not extract an authoritative rule table for every critical field.",https://pmvishwakarma.gov.in/Home/FAQ,Official URL carried from original dataset,WEB,PARTIALLY_VERIFIED
SIH26092-006,embedding_text,LEGACY_GENERATED_TEXT,NOT_RETAINED,Final embedding/search text intentionally removed until source verification is accepted.,https://pmfme.mofpi.gov.in/,Uploaded CSV; not an authoritative source,NOT_APPLICABLE,VERIFIED
SIH26092-006,priority,LEGACY_MIXED_OR_CONTAMINATED_VALUE,NOT_RETAINED,Priority contained inconsistent values/tags and is excluded from the cleaned master.,https://pmfme.mofpi.gov.in/,Uploaded CSV; not an authoritative source,NOT_APPLICABLE,VERIFIED
SIH26092-006,legacy field normalization,LEGACY_VALUE_OR_BLANK,UNKNOWN_OR_NORMALIZED_VALUE,Any field without an extracted authoritative basis was reset to UNKNOWN rather than inferred; structured target financial/eligibility fields were added.,https://pmfme.mofpi.gov.in/,Official URL carried from original dataset,WEB,PARTIALLY_VERIFIED
SIH26092-006,verification_status,NOT_PRESENT,PARTIALLY_VERIFIED,"A source link exists, but this execution did not extract an authoritative rule table for every critical field.",https://pmfme.mofpi.gov.in/,Official URL carried from original dataset,WEB,PARTIALLY_VERIFIED
SIH26092-007,embedding_text,LEGACY_GENERATED_TEXT,NOT_RETAINED,Final embedding/search text intentionally removed until source verification is accepted.,https://nlm.udyamimitra.in/,Uploaded CSV; not an authoritative source,NOT_APPLICABLE,VERIFIED
SIH26092-007,priority,LEGACY_MIXED_OR_CONTAMINATED_VALUE,NOT_RETAINED,Priority contained inconsistent values/tags and is excluded from the cleaned master.,https://nlm.udyamimitra.in/,Uploaded CSV; not an authoritative source,NOT_APPLICABLE,VERIFIED
SIH26092-007,legacy field normalization,LEGACY_VALUE_OR_BLANK,UNKNOWN_OR_NORMALIZED_VALUE,Any field without an extracted authoritative basis was reset to UNKNOWN rather than inferred; structured target financial/eligibility fields were added.,https://nlm.udyamimitra.in/,Official URL carried from original dataset,WEB,PARTIALLY_VERIFIED
SIH26092-007,verification_status,NOT_PRESENT,PARTIALLY_VERIFIED,"A source link exists, but this execution did not extract an authoritative rule table for every critical field.",https://nlm.udyamimitra.in/,Official URL carried from original dataset,WEB,PARTIALLY_VERIFIED
SIH26092-008,embedding_text,LEGACY_GENERATED_TEXT,NOT_RETAINED,Final embedding/search text intentionally removed until source verification is accepted.,https://pmdaksh.dosje.gov.in/,Uploaded CSV; not an authoritative source,NOT_APPLICABLE,VERIFIED
SIH26092-008,priority,LEGACY_MIXED_OR_CONTAMINATED_VALUE,NOT_RETAINED,Priority contained inconsistent values/tags and is excluded from the cleaned master.,https://pmdaksh.dosje.gov.in/,Uploaded CSV; not an authoritative source,NOT_APPLICABLE,VERIFIED
SIH26092-008,legacy field normalization,LEGACY_VALUE_OR_BLANK,UNKNOWN_OR_NORMALIZED_VALUE,Any field without an extracted authoritative basis was reset to UNKNOWN rather than inferred; structured target financial/eligibility fields were added.,https://pmdaksh.dosje.gov.in/,Official URL carried from original dataset,WEB,PARTIALLY_VERIFIED
SIH26092-008,verification_status,NOT_PRESENT,PARTIALLY_VERIFIED,"A source link exists, but this execution did not extract an authoritative rule table for every critical field.",https://pmdaksh.dosje.gov.in/,Official URL carried from original dataset,WEB,PARTIALLY_VERIFIED
SIH26092-009,embedding_text,LEGACY_GENERATED_TEXT,NOT_RETAINED,Final embedding/search text intentionally removed until source verification is accepted.,https://dwbdnc.dosje.gov.in/content/seed-scheme,Uploaded CSV; not an authoritative source,NOT_APPLICABLE,VERIFIED
SIH26092-009,priority,LEGACY_MIXED_OR_CONTAMINATED_VALUE,NOT_RETAINED,Priority contained inconsistent values/tags and is excluded from the cleaned master.,https://dwbdnc.dosje.gov.in/content/seed-scheme,Uploaded CSV; not an authoritative source,NOT_APPLICABLE,VERIFIED
SIH26092-009,legacy field normalization,LEGACY_VALUE_OR_BLANK,UNKNOWN_OR_NORMALIZED_VALUE,Any field without an extracted authoritative basis was reset to UNKNOWN rather than inferred; structured target financial/eligibility fields were added.,https://dwbdnc.dosje.gov.in/content/seed-scheme,Official URL carried from original dataset,WEB,PARTIALLY_VERIFIED
SIH26092-009,verification_status,NOT_PRESENT,PARTIALLY_VERIFIED,"A source link exists, but this execution did not extract an authoritative rule table for every critical field.",https://dwbdnc.dosje.gov.in/content/seed-scheme,Official URL carried from original dataset,WEB,PARTIALLY_VERIFIED
SIH26092-010,embedding_text,LEGACY_GENERATED_TEXT,NOT_RETAINED,Final embedding/search text intentionally removed until source verification is accepted.,https://pmajay.dosje.gov.in/content/income-generating-schemes,Uploaded CSV; not an authoritative source,NOT_APPLICABLE,VERIFIED
SIH26092-010,priority,LEGACY_MIXED_OR_CONTAMINATED_VALUE,NOT_RETAINED,Priority contained inconsistent values/tags and is excluded from the cleaned master.,https://pmajay.dosje.gov.in/content/income-generating-schemes,Uploaded CSV; not an authoritative source,NOT_APPLICABLE,VERIFIED
SIH26092-010,legacy field normalization,LEGACY_VALUE_OR_BLANK,UNKNOWN_OR_NORMALIZED_VALUE,Any field without an extracted authoritative basis was reset to UNKNOWN rather than inferred; structured target financial/eligibility fields were added.,https://pmajay.dosje.gov.in/content/income-generating-schemes,Official URL carried from original dataset,WEB,PARTIALLY_VERIFIED
SIH26092-010,verification_status,NOT_PRESENT,PARTIALLY_VERIFIED,"A source link exists, but this execution did not extract an authoritative rule table for every critical field.",https://pmajay.dosje.gov.in/content/income-generating-schemes,Official URL carried from original dataset,WEB,PARTIALLY_VERIFIED
SIH26092-011,embedding_text,LEGACY_GENERATED_TEXT,NOT_RETAINED,Final embedding/search text intentionally removed until source verification is accepted.,https://www.myscheme.gov.in/schemes/tls-nmdfc,Uploaded CSV; not an authoritative source,NOT_APPLICABLE,VERIFIED
SIH26092-011,priority,LEGACY_MIXED_OR_CONTAMINATED_VALUE,NOT_RETAINED,Priority contained inconsistent values/tags and is excluded from the cleaned master.,https://www.myscheme.gov.in/schemes/tls-nmdfc,Uploaded CSV; not an authoritative source,NOT_APPLICABLE,VERIFIED
SIH26092-011,legacy field normalization,LEGACY_VALUE_OR_BLANK,UNKNOWN_OR_NORMALIZED_VALUE,Any field without an extracted authoritative basis was reset to UNKNOWN rather than inferred; structured target financial/eligibility fields were added.,https://www.myscheme.gov.in/schemes/tls-nmdfc,Official URL carried from original dataset,WEB,PARTIALLY_VERIFIED
SIH26092-011,verification_status,NOT_PRESENT,PARTIALLY_VERIFIED,"A source link exists, but this execution did not extract an authoritative rule table for every critical field.",https://www.myscheme.gov.in/schemes/tls-nmdfc,Official URL carried from original dataset,WEB,PARTIALLY_VERIFIED
SIH26092-012,embedding_text,LEGACY_GENERATED_TEXT,NOT_RETAINED,Final embedding/search text intentionally removed until source verification is accepted.,https://nstfdc.tribal.gov.in/,Uploaded CSV; not an authoritative source,NOT_APPLICABLE,VERIFIED
SIH26092-012,priority,LEGACY_MIXED_OR_CONTAMINATED_VALUE,NOT_RETAINED,Priority contained inconsistent values/tags and is excluded from the cleaned master.,https://nstfdc.tribal.gov.in/,Uploaded CSV; not an authoritative source,NOT_APPLICABLE,VERIFIED
SIH26092-012,legacy field normalization,LEGACY_VALUE_OR_BLANK,UNKNOWN_OR_NORMALIZED_VALUE,Any field without an extracted authoritative basis was reset to UNKNOWN rather than inferred; structured target financial/eligibility fields were added.,https://nstfdc.tribal.gov.in/,Official URL carried from original dataset,WEB,PARTIALLY_VERIFIED
SIH26092-012,verification_status,NOT_PRESENT,PARTIALLY_VERIFIED,"A source link exists, but this execution did not extract an authoritative rule table for every critical field.",https://nstfdc.tribal.gov.in/,Official URL carried from original dataset,WEB,PARTIALLY_VERIFIED
SIH26092-013,embedding_text,LEGACY_GENERATED_TEXT,NOT_RETAINED,Final embedding/search text intentionally removed until source verification is accepted.,https://nstfdc.tribal.gov.in/,Uploaded CSV; not an authoritative source,NOT_APPLICABLE,VERIFIED
SIH26092-013,priority,LEGACY_MIXED_OR_CONTAMINATED_VALUE,NOT_RETAINED,Priority contained inconsistent values/tags and is excluded from the cleaned master.,https://nstfdc.tribal.gov.in/,Uploaded CSV; not an authoritative source,NOT_APPLICABLE,VERIFIED
SIH26092-013,legacy field normalization,LEGACY_VALUE_OR_BLANK,UNKNOWN_OR_NORMALIZED_VALUE,Any field without an extracted authoritative basis was reset to UNKNOWN rather than inferred; structured target financial/eligibility fields were added.,https://nstfdc.tribal.gov.in/,Official URL carried from original dataset,WEB,PARTIALLY_VERIFIED
SIH26092-013,verification_status,NOT_PRESENT,PARTIALLY_VERIFIED,"A source link exists, but this execution did not extract an authoritative rule table for every critical field.",https://nstfdc.tribal.gov.in/,Official URL carried from original dataset,WEB,PARTIALLY_VERIFIED
SIH26092-014,embedding_text,LEGACY_GENERATED_TEXT,NOT_RETAINED,Final embedding/search text intentionally removed until source verification is accepted.,https://nstfdc.tribal.gov.in/,Uploaded CSV; not an authoritative source,NOT_APPLICABLE,VERIFIED
SIH26092-014,priority,LEGACY_MIXED_OR_CONTAMINATED_VALUE,NOT_RETAINED,Priority contained inconsistent values/tags and is excluded from the cleaned master.,https://nstfdc.tribal.gov.in/,Uploaded CSV; not an authoritative source,NOT_APPLICABLE,VERIFIED
SIH26092-014,legacy field normalization,LEGACY_VALUE_OR_BLANK,UNKNOWN_OR_NORMALIZED_VALUE,Any field without an extracted authoritative basis was reset to UNKNOWN rather than inferred; structured target financial/eligibility fields were added.,https://nstfdc.tribal.gov.in/,Official URL carried from original dataset,WEB,PARTIALLY_VERIFIED
SIH26092-014,verification_status,NOT_PRESENT,PARTIALLY_VERIFIED,"A source link exists, but this execution did not extract an authoritative rule table for every critical field.",https://nstfdc.tribal.gov.in/,Official URL carried from original dataset,WEB,PARTIALLY_VERIFIED
SIH26092-015,embedding_text,LEGACY_GENERATED_TEXT,NOT_RETAINED,Final embedding/search text intentionally removed until source verification is accepted.,https://nbcfdc.gov.in/nbcfdc/web/individual-loan-scheme,Uploaded CSV; not an authoritative source,NOT_APPLICABLE,VERIFIED
SIH26092-015,priority,LEGACY_MIXED_OR_CONTAMINATED_VALUE,NOT_RETAINED,Priority contained inconsistent values/tags and is excluded from the cleaned master.,https://nbcfdc.gov.in/nbcfdc/web/individual-loan-scheme,Uploaded CSV; not an authoritative source,NOT_APPLICABLE,VERIFIED
SIH26092-015,legacy field normalization,LEGACY_VALUE_OR_BLANK,UNKNOWN_OR_NORMALIZED_VALUE,Any field without an extracted authoritative basis was reset to UNKNOWN rather than inferred; structured target financial/eligibility fields were added.,https://nbcfdc.gov.in/nbcfdc/web/individual-loan-scheme,Official URL carried from original dataset,WEB,PARTIALLY_VERIFIED
SIH26092-015,verification_status,NOT_PRESENT,PARTIALLY_VERIFIED,"A source link exists, but this execution did not extract an authoritative rule table for every critical field.",https://nbcfdc.gov.in/nbcfdc/web/individual-loan-scheme,Official URL carried from original dataset,WEB,PARTIALLY_VERIFIED
SIH26092-016,embedding_text,LEGACY_GENERATED_TEXT,NOT_RETAINED,Final embedding/search text intentionally removed until source verification is accepted.,https://socialjustice.gov.in/schemes/13,Uploaded CSV; not an authoritative source,NOT_APPLICABLE,VERIFIED
SIH26092-016,priority,LEGACY_MIXED_OR_CONTAMINATED_VALUE,NOT_RETAINED,Priority contained inconsistent values/tags and is excluded from the cleaned master.,https://socialjustice.gov.in/schemes/13,Uploaded CSV; not an authoritative source,NOT_APPLICABLE,VERIFIED
SIH26092-016,legacy field normalization,LEGACY_VALUE_OR_BLANK,UNKNOWN_OR_NORMALIZED_VALUE,Any field without an extracted authoritative basis was reset to UNKNOWN rather than inferred; structured target financial/eligibility fields were added.,https://socialjustice.gov.in/schemes/13,Official URL carried from original dataset,WEB,PARTIALLY_VERIFIED
SIH26092-016,verification_status,NOT_PRESENT,PARTIALLY_VERIFIED,"A source link exists, but this execution did not extract an authoritative rule table for every critical field.",https://socialjustice.gov.in/schemes/13,Official URL carried from original dataset,WEB,PARTIALLY_VERIFIED
SIH26092-017,embedding_text,LEGACY_GENERATED_TEXT,NOT_RETAINED,Final embedding/search text intentionally removed until source verification is accepted.,https://socialjustice.gov.in/schemes/13,Uploaded CSV; not an authoritative source,NOT_APPLICABLE,VERIFIED
SIH26092-017,priority,LEGACY_MIXED_OR_CONTAMINATED_VALUE,NOT_RETAINED,Priority contained inconsistent values/tags and is excluded from the cleaned master.,https://socialjustice.gov.in/schemes/13,Uploaded CSV; not an authoritative source,NOT_APPLICABLE,VERIFIED
SIH26092-017,legacy field normalization,LEGACY_VALUE_OR_BLANK,UNKNOWN_OR_NORMALIZED_VALUE,Any field without an extracted authoritative basis was reset to UNKNOWN rather than inferred; structured target financial/eligibility fields were added.,https://socialjustice.gov.in/schemes/13,Official URL carried from original dataset,WEB,PARTIALLY_VERIFIED
SIH26092-017,verification_status,NOT_PRESENT,PARTIALLY_VERIFIED,"A source link exists, but this execution did not extract an authoritative rule table for every critical field.",https://socialjustice.gov.in/schemes/13,Official URL carried from original dataset,WEB,PARTIALLY_VERIFIED
SIH26092-018,embedding_text,LEGACY_GENERATED_TEXT,NOT_RETAINED,Final embedding/search text intentionally removed until source verification is accepted.,https://svep.nrlm.gov.in/,Uploaded CSV; not an authoritative source,NOT_APPLICABLE,VERIFIED
SIH26092-018,priority,LEGACY_MIXED_OR_CONTAMINATED_VALUE,NOT_RETAINED,Priority contained inconsistent values/tags and is excluded from the cleaned master.,https://svep.nrlm.gov.in/,Uploaded CSV; not an authoritative source,NOT_APPLICABLE,VERIFIED
SIH26092-018,legacy field normalization,LEGACY_VALUE_OR_BLANK,UNKNOWN_OR_NORMALIZED_VALUE,Any field without an extracted authoritative basis was reset to UNKNOWN rather than inferred; structured target financial/eligibility fields were added.,https://svep.nrlm.gov.in/,Official URL carried from original dataset,WEB,PARTIALLY_VERIFIED
SIH26092-018,verification_status,NOT_PRESENT,PARTIALLY_VERIFIED,"A source link exists, but this execution did not extract an authoritative rule table for every critical field.",https://svep.nrlm.gov.in/,Official URL carried from original dataset,WEB,PARTIALLY_VERIFIED
SIH26092-019,embedding_text,LEGACY_GENERATED_TEXT,NOT_RETAINED,Final embedding/search text intentionally removed until source verification is accepted.,https://seedfund.startupindia.gov.in/about,Uploaded CSV; not an authoritative source,NOT_APPLICABLE,VERIFIED
SIH26092-019,priority,LEGACY_MIXED_OR_CONTAMINATED_VALUE,NOT_RETAINED,Priority contained inconsistent values/tags and is excluded from the cleaned master.,https://seedfund.startupindia.gov.in/about,Uploaded CSV; not an authoritative source,NOT_APPLICABLE,VERIFIED
SIH26092-019,legacy field normalization,LEGACY_VALUE_OR_BLANK,UNKNOWN_OR_NORMALIZED_VALUE,Any field without an extracted authoritative basis was reset to UNKNOWN rather than inferred; structured target financial/eligibility fields were added.,https://seedfund.startupindia.gov.in/about,Official URL carried from original dataset,WEB,PARTIALLY_VERIFIED
SIH26092-019,verification_status,NOT_PRESENT,PARTIALLY_VERIFIED,"A source link exists, but this execution did not extract an authoritative rule table for every critical field.",https://seedfund.startupindia.gov.in/about,Official URL carried from original dataset,WEB,PARTIALLY_VERIFIED
SIH26092-020,embedding_text,LEGACY_GENERATED_TEXT,NOT_RETAINED,Final embedding/search text intentionally removed until source verification is accepted.,https://www.startupindia.gov.in/content/sih/en/credit-guarantee-scheme-for-startups.html,Uploaded CSV; not an authoritative source,NOT_APPLICABLE,VERIFIED
SIH26092-020,priority,LEGACY_MIXED_OR_CONTAMINATED_VALUE,NOT_RETAINED,Priority contained inconsistent values/tags and is excluded from the cleaned master.,https://www.startupindia.gov.in/content/sih/en/credit-guarantee-scheme-for-startups.html,Uploaded CSV; not an authoritative source,NOT_APPLICABLE,VERIFIED
SIH26092-020,legacy field normalization,LEGACY_VALUE_OR_BLANK,UNKNOWN_OR_NORMALIZED_VALUE,Any field without an extracted authoritative basis was reset to UNKNOWN rather than inferred; structured target financial/eligibility fields were added.,https://www.startupindia.gov.in/content/sih/en/credit-guarantee-scheme-for-startups.html,Official URL carried from original dataset,WEB,PARTIALLY_VERIFIED
SIH26092-020,verification_status,NOT_PRESENT,PARTIALLY_VERIFIED,"A source link exists, but this execution did not extract an authoritative rule table for every critical field.",https://www.startupindia.gov.in/content/sih/en/credit-guarantee-scheme-for-startups.html,Official URL carried from original dataset,WEB,PARTIALLY_VERIFIED
SIH26092-021,embedding_text,LEGACY_GENERATED_TEXT,NOT_RETAINED,Final embedding/search text intentionally removed until source verification is accepted.,https://myhandlooms.gov.in/Home/WeaverMudraLoan.aspx,Uploaded CSV; not an authoritative source,NOT_APPLICABLE,VERIFIED
SIH26092-021,priority,LEGACY_MIXED_OR_CONTAMINATED_VALUE,NOT_RETAINED,Priority contained inconsistent values/tags and is excluded from the cleaned master.,https://myhandlooms.gov.in/Home/WeaverMudraLoan.aspx,Uploaded CSV; not an authoritative source,NOT_APPLICABLE,VERIFIED
SIH26092-021,legacy field normalization,LEGACY_VALUE_OR_BLANK,UNKNOWN_OR_NORMALIZED_VALUE,Any field without an extracted authoritative basis was reset to UNKNOWN rather than inferred; structured target financial/eligibility fields were added.,https://myhandlooms.gov.in/Home/WeaverMudraLoan.aspx,Official URL carried from original dataset,WEB,PARTIALLY_VERIFIED
SIH26092-021,verification_status,NOT_PRESENT,PARTIALLY_VERIFIED,"A source link exists, but this execution did not extract an authoritative rule table for every critical field.",https://myhandlooms.gov.in/Home/WeaverMudraLoan.aspx,Official URL carried from original dataset,WEB,PARTIALLY_VERIFIED
SIH26092-022,embedding_text,LEGACY_GENERATED_TEXT,NOT_RETAINED,Final embedding/search text intentionally removed until source verification is accepted.,https://myhandlooms.gov.in/Home/NHDP.aspx,Uploaded CSV; not an authoritative source,NOT_APPLICABLE,VERIFIED
SIH26092-022,priority,LEGACY_MIXED_OR_CONTAMINATED_VALUE,NOT_RETAINED,Priority contained inconsistent values/tags and is excluded from the cleaned master.,https://myhandlooms.gov.in/Home/NHDP.aspx,Uploaded CSV; not an authoritative source,NOT_APPLICABLE,VERIFIED
SIH26092-022,legacy field normalization,LEGACY_VALUE_OR_BLANK,UNKNOWN_OR_NORMALIZED_VALUE,Any field without an extracted authoritative basis was reset to UNKNOWN rather than inferred; structured target financial/eligibility fields were added.,https://myhandlooms.gov.in/Home/NHDP.aspx,Official URL carried from original dataset,WEB,PARTIALLY_VERIFIED
SIH26092-022,verification_status,NOT_PRESENT,PARTIALLY_VERIFIED,"A source link exists, but this execution did not extract an authoritative rule table for every critical field.",https://myhandlooms.gov.in/Home/NHDP.aspx,Official URL carried from original dataset,WEB,PARTIALLY_VERIFIED
SIH26092-023,embedding_text,LEGACY_GENERATED_TEXT,NOT_RETAINED,Final embedding/search text intentionally removed until source verification is accepted.,https://sfurti.msme.gov.in/SFURTI/Home.aspx,Uploaded CSV; not an authoritative source,NOT_APPLICABLE,VERIFIED
SIH26092-023,priority,LEGACY_MIXED_OR_CONTAMINATED_VALUE,NOT_RETAINED,Priority contained inconsistent values/tags and is excluded from the cleaned master.,https://sfurti.msme.gov.in/SFURTI/Home.aspx,Uploaded CSV; not an authoritative source,NOT_APPLICABLE,VERIFIED
SIH26092-023,legacy field normalization,LEGACY_VALUE_OR_BLANK,UNKNOWN_OR_NORMALIZED_VALUE,Any field without an extracted authoritative basis was reset to UNKNOWN rather than inferred; structured target financial/eligibility fields were added.,https://sfurti.msme.gov.in/SFURTI/Home.aspx,Official URL carried from original dataset,WEB,PARTIALLY_VERIFIED
SIH26092-023,verification_status,NOT_PRESENT,PARTIALLY_VERIFIED,"A source link exists, but this execution did not extract an authoritative rule table for every critical field.",https://sfurti.msme.gov.in/SFURTI/Home.aspx,Official URL carried from original dataset,WEB,PARTIALLY_VERIFIED
SIH26092-024,embedding_text,LEGACY_GENERATED_TEXT,NOT_RETAINED,Final embedding/search text intentionally removed until source verification is accepted.,https://my.msme.gov.in/ARI/ASPIRE,Uploaded CSV; not an authoritative source,NOT_APPLICABLE,VERIFIED
SIH26092-024,priority,LEGACY_MIXED_OR_CONTAMINATED_VALUE,NOT_RETAINED,Priority contained inconsistent values/tags and is excluded from the cleaned master.,https://my.msme.gov.in/ARI/ASPIRE,Uploaded CSV; not an authoritative source,NOT_APPLICABLE,VERIFIED
SIH26092-024,legacy field normalization,LEGACY_VALUE_OR_BLANK,UNKNOWN_OR_NORMALIZED_VALUE,Any field without an extracted authoritative basis was reset to UNKNOWN rather than inferred; structured target financial/eligibility fields were added.,https://my.msme.gov.in/ARI/ASPIRE,Official URL carried from original dataset,WEB,PARTIALLY_VERIFIED
SIH26092-024,verification_status,NOT_PRESENT,PARTIALLY_VERIFIED,"A source link exists, but this execution did not extract an authoritative rule table for every critical field.",https://my.msme.gov.in/ARI/ASPIRE,Official URL carried from original dataset,WEB,PARTIALLY_VERIFIED
SIH26092-025,embedding_text,LEGACY_GENERATED_TEXT,NOT_RETAINED,Final embedding/search text intentionally removed until source verification is accepted.,https://www.myscheme.gov.in/schemes/pmmsy,Uploaded CSV; not an authoritative source,NOT_APPLICABLE,VERIFIED
SIH26092-025,priority,LEGACY_MIXED_OR_CONTAMINATED_VALUE,NOT_RETAINED,Priority contained inconsistent values/tags and is excluded from the cleaned master.,https://www.myscheme.gov.in/schemes/pmmsy,Uploaded CSV; not an authoritative source,NOT_APPLICABLE,VERIFIED
SIH26092-025,legacy field normalization,LEGACY_VALUE_OR_BLANK,UNKNOWN_OR_NORMALIZED_VALUE,Any field without an extracted authoritative basis was reset to UNKNOWN rather than inferred; structured target financial/eligibility fields were added.,https://www.myscheme.gov.in/schemes/pmmsy,Official URL carried from original dataset,WEB,PARTIALLY_VERIFIED
SIH26092-025,verification_status,NOT_PRESENT,PARTIALLY_VERIFIED,"A source link exists, but this execution did not extract an authoritative rule table for every critical field.",https://www.myscheme.gov.in/schemes/pmmsy,Official URL carried from original dataset,WEB,PARTIALLY_VERIFIED
SIH26092-026,embedding_text,LEGACY_GENERATED_TEXT,NOT_RETAINED,Final embedding/search text intentionally removed until source verification is accepted.,https://www.pmindia.gov.in/en/news_updates/cabinet-approves-pradhan-mantri-matsya-kisan-samridhi-sah-yojana-pm-mkssy-a-central-sector-sub-scheme-under-the-pradhan-mantri-matsya-sampada-for-the-fisheries-sector-micro-and-small-enterprises/,Uploaded CSV; not an authoritative source,NOT_APPLICABLE,VERIFIED
SIH26092-026,priority,LEGACY_MIXED_OR_CONTAMINATED_VALUE,NOT_RETAINED,Priority contained inconsistent values/tags and is excluded from the cleaned master.,https://www.pmindia.gov.in/en/news_updates/cabinet-approves-pradhan-mantri-matsya-kisan-samridhi-sah-yojana-pm-mkssy-a-central-sector-sub-scheme-under-the-pradhan-mantri-matsya-sampada-for-the-fisheries-sector-micro-and-small-enterprises/,Uploaded CSV; not an authoritative source,NOT_APPLICABLE,VERIFIED
SIH26092-026,legacy field normalization,LEGACY_VALUE_OR_BLANK,UNKNOWN_OR_NORMALIZED_VALUE,Any field without an extracted authoritative basis was reset to UNKNOWN rather than inferred; structured target financial/eligibility fields were added.,https://www.pmindia.gov.in/en/news_updates/cabinet-approves-pradhan-mantri-matsya-kisan-samridhi-sah-yojana-pm-mkssy-a-central-sector-sub-scheme-under-the-pradhan-mantri-matsya-sampada-for-the-fisheries-sector-micro-and-small-enterprises/,Official URL carried from original dataset,WEB,PARTIALLY_VERIFIED
SIH26092-026,verification_status,NOT_PRESENT,PARTIALLY_VERIFIED,"A source link exists, but this execution did not extract an authoritative rule table for every critical field.",https://www.pmindia.gov.in/en/news_updates/cabinet-approves-pradhan-mantri-matsya-kisan-samridhi-sah-yojana-pm-mkssy-a-central-sector-sub-scheme-under-the-pradhan-mantri-matsya-sampada-for-the-fisheries-sector-micro-and-small-enterprises/,Official URL carried from original dataset,WEB,PARTIALLY_VERIFIED
SIH26092-027,embedding_text,LEGACY_GENERATED_TEXT,NOT_RETAINED,Final embedding/search text intentionally removed until source verification is accepted.,https://nskfdc.nic.in/en/content/schemes-programmes/loan-schemes,Uploaded CSV; not an authoritative source,NOT_APPLICABLE,VERIFIED
SIH26092-027,priority,LEGACY_MIXED_OR_CONTAMINATED_VALUE,NOT_RETAINED,Priority contained inconsistent values/tags and is excluded from the cleaned master.,https://nskfdc.nic.in/en/content/schemes-programmes/loan-schemes,Uploaded CSV; not an authoritative source,NOT_APPLICABLE,VERIFIED
SIH26092-027,legacy field normalization,LEGACY_VALUE_OR_BLANK,UNKNOWN_OR_NORMALIZED_VALUE,Any field without an extracted authoritative basis was reset to UNKNOWN rather than inferred; structured target financial/eligibility fields were added.,https://nskfdc.nic.in/en/content/schemes-programmes/loan-schemes,Official URL carried from original dataset,WEB,PARTIALLY_VERIFIED
SIH26092-027,verification_status,NOT_PRESENT,PARTIALLY_VERIFIED,"A source link exists, but this execution did not extract an authoritative rule table for every critical field.",https://nskfdc.nic.in/en/content/schemes-programmes/loan-schemes,Official URL carried from original dataset,WEB,PARTIALLY_VERIFIED
SIH26092-028,embedding_text,LEGACY_GENERATED_TEXT,NOT_RETAINED,Final embedding/search text intentionally removed until source verification is accepted.,https://nskfdc.nic.in/en/content/schemes-programmes/general-term-loan-tl,Uploaded CSV; not an authoritative source,NOT_APPLICABLE,VERIFIED
SIH26092-028,priority,LEGACY_MIXED_OR_CONTAMINATED_VALUE,NOT_RETAINED,Priority contained inconsistent values/tags and is excluded from the cleaned master.,https://nskfdc.nic.in/en/content/schemes-programmes/general-term-loan-tl,Uploaded CSV; not an authoritative source,NOT_APPLICABLE,VERIFIED
SIH26092-028,legacy field normalization,LEGACY_VALUE_OR_BLANK,UNKNOWN_OR_NORMALIZED_VALUE,Any field without an extracted authoritative basis was reset to UNKNOWN rather than inferred; structured target financial/eligibility fields were added.,https://nskfdc.nic.in/en/content/schemes-programmes/general-term-loan-tl,Official URL carried from original dataset,WEB,PARTIALLY_VERIFIED
SIH26092-028,verification_status,NOT_PRESENT,PARTIALLY_VERIFIED,"A source link exists, but this execution did not extract an authoritative rule table for every critical field.",https://nskfdc.nic.in/en/content/schemes-programmes/general-term-loan-tl,Official URL carried from original dataset,WEB,PARTIALLY_VERIFIED
SIH26092-029,embedding_text,LEGACY_GENERATED_TEXT,NOT_RETAINED,Final embedding/search text intentionally removed until source verification is accepted.,https://nskfdc.nic.in/en/content/home/schemes-programmes,Uploaded CSV; not an authoritative source,NOT_APPLICABLE,VERIFIED
SIH26092-029,priority,LEGACY_MIXED_OR_CONTAMINATED_VALUE,NOT_RETAINED,Priority contained inconsistent values/tags and is excluded from the cleaned master.,https://nskfdc.nic.in/en/content/home/schemes-programmes,Uploaded CSV; not an authoritative source,NOT_APPLICABLE,VERIFIED
SIH26092-029,legacy field normalization,LEGACY_VALUE_OR_BLANK,UNKNOWN_OR_NORMALIZED_VALUE,Any field without an extracted authoritative basis was reset to UNKNOWN rather than inferred; structured target financial/eligibility fields were added.,https://nskfdc.nic.in/en/content/home/schemes-programmes,Official URL carried from original dataset,WEB,PARTIALLY_VERIFIED
SIH26092-029,verification_status,NOT_PRESENT,PARTIALLY_VERIFIED,"A source link exists, but this execution did not extract an authoritative rule table for every critical field.",https://nskfdc.nic.in/en/content/home/schemes-programmes,Official URL carried from original dataset,WEB,PARTIALLY_VERIFIED
SIH26092-030,embedding_text,LEGACY_GENERATED_TEXT,NOT_RETAINED,Final embedding/search text intentionally removed until source verification is accepted.,https://nskfdc.nic.in/en/content/home/schemes-programmes,Uploaded CSV; not an authoritative source,NOT_APPLICABLE,VERIFIED
SIH26092-030,priority,LEGACY_MIXED_OR_CONTAMINATED_VALUE,NOT_RETAINED,Priority contained inconsistent values/tags and is excluded from the cleaned master.,https://nskfdc.nic.in/en/content/home/schemes-programmes,Uploaded CSV; not an authoritative source,NOT_APPLICABLE,VERIFIED
SIH26092-030,legacy field normalization,LEGACY_VALUE_OR_BLANK,UNKNOWN_OR_NORMALIZED_VALUE,Any field without an extracted authoritative basis was reset to UNKNOWN rather than inferred; structured target financial/eligibility fields were added.,https://nskfdc.nic.in/en/content/home/schemes-programmes,Official URL carried from original dataset,WEB,PARTIALLY_VERIFIED
SIH26092-030,verification_status,NOT_PRESENT,PARTIALLY_VERIFIED,"A source link exists, but this execution did not extract an authoritative rule table for every critical field.",https://nskfdc.nic.in/en/content/home/schemes-programmes,Official URL carried from original dataset,WEB,PARTIALLY_VERIFIED
SIH26092-031,embedding_text,LEGACY_GENERATED_TEXT,NOT_RETAINED,Final embedding/search text intentionally removed until source verification is accepted.,https://ndfdc.nic.in/schemes/micro-financing-scheme,Uploaded CSV; not an authoritative source,NOT_APPLICABLE,VERIFIED
SIH26092-031,priority,LEGACY_MIXED_OR_CONTAMINATED_VALUE,NOT_RETAINED,Priority contained inconsistent values/tags and is excluded from the cleaned master.,https://ndfdc.nic.in/schemes/micro-financing-scheme,Uploaded CSV; not an authoritative source,NOT_APPLICABLE,VERIFIED
SIH26092-031,legacy field normalization,LEGACY_VALUE_OR_BLANK,UNKNOWN_OR_NORMALIZED_VALUE,Any field without an extracted authoritative basis was reset to UNKNOWN rather than inferred; structured target financial/eligibility fields were added.,https://ndfdc.nic.in/schemes/micro-financing-scheme,Official URL carried from original dataset,WEB,PARTIALLY_VERIFIED
SIH26092-031,verification_status,NOT_PRESENT,PARTIALLY_VERIFIED,"A source link exists, but this execution did not extract an authoritative rule table for every critical field.",https://ndfdc.nic.in/schemes/micro-financing-scheme,Official URL carried from original dataset,WEB,PARTIALLY_VERIFIED
SIH26092-032,embedding_text,LEGACY_GENERATED_TEXT,NOT_RETAINED,Final embedding/search text intentionally removed until source verification is accepted.,https://ndfdc.nic.in/how-to-obtain-loan,Uploaded CSV; not an authoritative source,NOT_APPLICABLE,VERIFIED
SIH26092-032,priority,LEGACY_MIXED_OR_CONTAMINATED_VALUE,NOT_RETAINED,Priority contained inconsistent values/tags and is excluded from the cleaned master.,https://ndfdc.nic.in/how-to-obtain-loan,Uploaded CSV; not an authoritative source,NOT_APPLICABLE,VERIFIED
SIH26092-032,legacy field normalization,LEGACY_VALUE_OR_BLANK,UNKNOWN_OR_NORMALIZED_VALUE,Any field without an extracted authoritative basis was reset to UNKNOWN rather than inferred; structured target financial/eligibility fields were added.,https://ndfdc.nic.in/how-to-obtain-loan,Official URL carried from original dataset,WEB,PARTIALLY_VERIFIED
SIH26092-032,verification_status,NOT_PRESENT,PARTIALLY_VERIFIED,"A source link exists, but this execution did not extract an authoritative rule table for every critical field.",https://ndfdc.nic.in/how-to-obtain-loan,Official URL carried from original dataset,WEB,PARTIALLY_VERIFIED
SIH26092-033,embedding_text,LEGACY_GENERATED_TEXT,NOT_RETAINED,Final embedding/search text intentionally removed until source verification is accepted.,https://nulm.gov.in/PDF/NULM_Mission/SEP_Guidelines.pdf,Uploaded CSV; not an authoritative source,NOT_APPLICABLE,VERIFIED
SIH26092-033,priority,LEGACY_MIXED_OR_CONTAMINATED_VALUE,NOT_RETAINED,Priority contained inconsistent values/tags and is excluded from the cleaned master.,https://nulm.gov.in/PDF/NULM_Mission/SEP_Guidelines.pdf,Uploaded CSV; not an authoritative source,NOT_APPLICABLE,VERIFIED
SIH26092-033,legacy field normalization,LEGACY_VALUE_OR_BLANK,UNKNOWN_OR_NORMALIZED_VALUE,Any field without an extracted authoritative basis was reset to UNKNOWN rather than inferred; structured target financial/eligibility fields were added.,https://nulm.gov.in/PDF/NULM_Mission/SEP_Guidelines.pdf,Official URL carried from original dataset,WEB,PARTIALLY_VERIFIED
SIH26092-033,verification_status,NOT_PRESENT,PARTIALLY_VERIFIED,"A source link exists, but this execution did not extract an authoritative rule table for every critical field.",https://nulm.gov.in/PDF/NULM_Mission/SEP_Guidelines.pdf,Official URL carried from original dataset,WEB,PARTIALLY_VERIFIED
SIH26092-034,embedding_text,LEGACY_GENERATED_TEXT,NOT_RETAINED,Final embedding/search text intentionally removed until source verification is accepted.,https://nulm.gov.in/PDF/Reg_Workshop_pdf/SEP_reg.pdf,Uploaded CSV; not an authoritative source,NOT_APPLICABLE,VERIFIED
SIH26092-034,priority,LEGACY_MIXED_OR_CONTAMINATED_VALUE,NOT_RETAINED,Priority contained inconsistent values/tags and is excluded from the cleaned master.,https://nulm.gov.in/PDF/Reg_Workshop_pdf/SEP_reg.pdf,Uploaded CSV; not an authoritative source,NOT_APPLICABLE,VERIFIED
SIH26092-034,legacy field normalization,LEGACY_VALUE_OR_BLANK,UNKNOWN_OR_NORMALIZED_VALUE,Any field without an extracted authoritative basis was reset to UNKNOWN rather than inferred; structured target financial/eligibility fields were added.,https://nulm.gov.in/PDF/Reg_Workshop_pdf/SEP_reg.pdf,Official URL carried from original dataset,WEB,PARTIALLY_VERIFIED
SIH26092-034,verification_status,NOT_PRESENT,PARTIALLY_VERIFIED,"A source link exists, but this execution did not extract an authoritative rule table for every critical field.",https://nulm.gov.in/PDF/Reg_Workshop_pdf/SEP_reg.pdf,Official URL carried from original dataset,WEB,PARTIALLY_VERIFIED
SIH26092-035,embedding_text,LEGACY_GENERATED_TEXT,NOT_RETAINED,Final embedding/search text intentionally removed until source verification is accepted.,https://nrlm.gov.in/,Uploaded CSV; not an authoritative source,NOT_APPLICABLE,VERIFIED
SIH26092-035,priority,LEGACY_MIXED_OR_CONTAMINATED_VALUE,NOT_RETAINED,Priority contained inconsistent values/tags and is excluded from the cleaned master.,https://nrlm.gov.in/,Uploaded CSV; not an authoritative source,NOT_APPLICABLE,VERIFIED
SIH26092-035,legacy field normalization,LEGACY_VALUE_OR_BLANK,UNKNOWN_OR_NORMALIZED_VALUE,Any field without an extracted authoritative basis was reset to UNKNOWN rather than inferred; structured target financial/eligibility fields were added.,https://nrlm.gov.in/,Official URL carried from original dataset,WEB,PARTIALLY_VERIFIED
SIH26092-035,verification_status,NOT_PRESENT,PARTIALLY_VERIFIED,"A source link exists, but this execution did not extract an authoritative rule table for every critical field.",https://nrlm.gov.in/,Official URL carried from original dataset,WEB,PARTIALLY_VERIFIED
SIH26092-036,embedding_text,LEGACY_GENERATED_TEXT,NOT_RETAINED,Final embedding/search text intentionally removed until source verification is accepted.,https://svep.nrlm.gov.in/pdf/Final_Mid_Term_Report.pdf,Uploaded CSV; not an authoritative source,NOT_APPLICABLE,VERIFIED
SIH26092-036,priority,LEGACY_MIXED_OR_CONTAMINATED_VALUE,NOT_RETAINED,Priority contained inconsistent values/tags and is excluded from the cleaned master.,https://svep.nrlm.gov.in/pdf/Final_Mid_Term_Report.pdf,Uploaded CSV; not an authoritative source,NOT_APPLICABLE,VERIFIED
SIH26092-036,legacy field normalization,LEGACY_VALUE_OR_BLANK,UNKNOWN_OR_NORMALIZED_VALUE,Any field without an extracted authoritative basis was reset to UNKNOWN rather than inferred; structured target financial/eligibility fields were added.,https://svep.nrlm.gov.in/pdf/Final_Mid_Term_Report.pdf,Official URL carried from original dataset,WEB,PARTIALLY_VERIFIED
SIH26092-036,verification_status,NOT_PRESENT,PARTIALLY_VERIFIED,"A source link exists, but this execution did not extract an authoritative rule table for every critical field.",https://svep.nrlm.gov.in/pdf/Final_Mid_Term_Report.pdf,Official URL carried from original dataset,WEB,PARTIALLY_VERIFIED
SIH26092-037,embedding_text,LEGACY_GENERATED_TEXT,NOT_RETAINED,Final embedding/search text intentionally removed until source verification is accepted.,https://agriinfra.dac.gov.in/,Uploaded CSV; not an authoritative source,NOT_APPLICABLE,VERIFIED
SIH26092-037,priority,LEGACY_MIXED_OR_CONTAMINATED_VALUE,NOT_RETAINED,Priority contained inconsistent values/tags and is excluded from the cleaned master.,https://agriinfra.dac.gov.in/,Uploaded CSV; not an authoritative source,NOT_APPLICABLE,VERIFIED
SIH26092-037,legacy field normalization,LEGACY_VALUE_OR_BLANK,UNKNOWN_OR_NORMALIZED_VALUE,Any field without an extracted authoritative basis was reset to UNKNOWN rather than inferred; structured target financial/eligibility fields were added.,https://agriinfra.dac.gov.in/,Official URL carried from original dataset,WEB,PARTIALLY_VERIFIED
SIH26092-037,verification_status,NOT_PRESENT,PARTIALLY_VERIFIED,"A source link exists, but this execution did not extract an authoritative rule table for every critical field.",https://agriinfra.dac.gov.in/,Official URL carried from original dataset,WEB,PARTIALLY_VERIFIED
SIH26092-038,embedding_text,LEGACY_GENERATED_TEXT,NOT_RETAINED,Final embedding/search text intentionally removed until source verification is accepted.,https://dof.gov.in/schemes/kisan-credit-card,Uploaded CSV; not an authoritative source,NOT_APPLICABLE,VERIFIED
SIH26092-038,priority,LEGACY_MIXED_OR_CONTAMINATED_VALUE,NOT_RETAINED,Priority contained inconsistent values/tags and is excluded from the cleaned master.,https://dof.gov.in/schemes/kisan-credit-card,Uploaded CSV; not an authoritative source,NOT_APPLICABLE,VERIFIED
SIH26092-038,legacy field normalization,LEGACY_VALUE_OR_BLANK,UNKNOWN_OR_NORMALIZED_VALUE,Any field without an extracted authoritative basis was reset to UNKNOWN rather than inferred; structured target financial/eligibility fields were added.,https://dof.gov.in/schemes/kisan-credit-card,Official URL carried from original dataset,WEB,PARTIALLY_VERIFIED
SIH26092-038,verification_status,NOT_PRESENT,PARTIALLY_VERIFIED,"A source link exists, but this execution did not extract an authoritative rule table for every critical field.",https://dof.gov.in/schemes/kisan-credit-card,Official URL carried from original dataset,WEB,PARTIALLY_VERIFIED
SIH26092-039,embedding_text,LEGACY_GENERATED_TEXT,NOT_RETAINED,Final embedding/search text intentionally removed until source verification is accepted.,https://www.mofpi.gov.in/en/cold-chain,Uploaded CSV; not an authoritative source,NOT_APPLICABLE,VERIFIED
SIH26092-039,priority,LEGACY_MIXED_OR_CONTAMINATED_VALUE,NOT_RETAINED,Priority contained inconsistent values/tags and is excluded from the cleaned master.,https://www.mofpi.gov.in/en/cold-chain,Uploaded CSV; not an authoritative source,NOT_APPLICABLE,VERIFIED
SIH26092-039,legacy field normalization,LEGACY_VALUE_OR_BLANK,UNKNOWN_OR_NORMALIZED_VALUE,Any field without an extracted authoritative basis was reset to UNKNOWN rather than inferred; structured target financial/eligibility fields were added.,https://www.mofpi.gov.in/en/cold-chain,Official URL carried from original dataset,WEB,PARTIALLY_VERIFIED
SIH26092-039,verification_status,NOT_PRESENT,PARTIALLY_VERIFIED,"A source link exists, but this execution did not extract an authoritative rule table for every critical field.",https://www.mofpi.gov.in/en/cold-chain,Official URL carried from original dataset,WEB,PARTIALLY_VERIFIED
SIH26092-040,embedding_text,LEGACY_GENERATED_TEXT,NOT_RETAINED,Final embedding/search text intentionally removed until source verification is accepted.,https://mofpi.gov.in/en/Schemes/agro-processing-cluster/download-guidelines-2,Uploaded CSV; not an authoritative source,NOT_APPLICABLE,VERIFIED
SIH26092-040,priority,LEGACY_MIXED_OR_CONTAMINATED_VALUE,NOT_RETAINED,Priority contained inconsistent values/tags and is excluded from the cleaned master.,https://mofpi.gov.in/en/Schemes/agro-processing-cluster/download-guidelines-2,Uploaded CSV; not an authoritative source,NOT_APPLICABLE,VERIFIED
SIH26092-040,legacy field normalization,LEGACY_VALUE_OR_BLANK,UNKNOWN_OR_NORMALIZED_VALUE,Any field without an extracted authoritative basis was reset to UNKNOWN rather than inferred; structured target financial/eligibility fields were added.,https://mofpi.gov.in/en/Schemes/agro-processing-cluster/download-guidelines-2,Official URL carried from original dataset,WEB,PARTIALLY_VERIFIED
SIH26092-040,verification_status,NOT_PRESENT,PARTIALLY_VERIFIED,"A source link exists, but this execution did not extract an authoritative rule table for every critical field.",https://mofpi.gov.in/en/Schemes/agro-processing-cluster/download-guidelines-2,Official URL carried from original dataset,WEB,PARTIALLY_VERIFIED
SIH26092-041,embedding_text,LEGACY_GENERATED_TEXT,NOT_RETAINED,Final embedding/search text intentionally removed until source verification is accepted.,http://coirboard.gov.in/wp-content/uploads/2015/06/OperationalGuidelines_CUY.pdf,Uploaded CSV; not an authoritative source,NOT_APPLICABLE,VERIFIED
SIH26092-041,priority,LEGACY_MIXED_OR_CONTAMINATED_VALUE,NOT_RETAINED,Priority contained inconsistent values/tags and is excluded from the cleaned master.,http://coirboard.gov.in/wp-content/uploads/2015/06/OperationalGuidelines_CUY.pdf,Uploaded CSV; not an authoritative source,NOT_APPLICABLE,VERIFIED
SIH26092-041,legacy field normalization,LEGACY_VALUE_OR_BLANK,UNKNOWN_OR_NORMALIZED_VALUE,Any field without an extracted authoritative basis was reset to UNKNOWN rather than inferred; structured target financial/eligibility fields were added.,http://coirboard.gov.in/wp-content/uploads/2015/06/OperationalGuidelines_CUY.pdf,Official URL carried from original dataset,WEB,PARTIALLY_VERIFIED
SIH26092-041,verification_status,NOT_PRESENT,PARTIALLY_VERIFIED,"A source link exists, but this execution did not extract an authoritative rule table for every critical field.",http://coirboard.gov.in/wp-content/uploads/2015/06/OperationalGuidelines_CUY.pdf,Official URL carried from original dataset,WEB,PARTIALLY_VERIFIED
SIH26092-042,embedding_text,LEGACY_GENERATED_TEXT,NOT_RETAINED,Final embedding/search text intentionally removed until source verification is accepted.,http://coirboard.gov.in/wp-content/uploads/2015/11/Financial-Assistance-Schemes.pdf,Uploaded CSV; not an authoritative source,NOT_APPLICABLE,VERIFIED
SIH26092-042,priority,LEGACY_MIXED_OR_CONTAMINATED_VALUE,NOT_RETAINED,Priority contained inconsistent values/tags and is excluded from the cleaned master.,http://coirboard.gov.in/wp-content/uploads/2015/11/Financial-Assistance-Schemes.pdf,Uploaded CSV; not an authoritative source,NOT_APPLICABLE,VERIFIED
SIH26092-042,legacy field normalization,LEGACY_VALUE_OR_BLANK,UNKNOWN_OR_NORMALIZED_VALUE,Any field without an extracted authoritative basis was reset to UNKNOWN rather than inferred; structured target financial/eligibility fields were added.,http://coirboard.gov.in/wp-content/uploads/2015/11/Financial-Assistance-Schemes.pdf,Official URL carried from original dataset,WEB,PARTIALLY_VERIFIED
SIH26092-042,verification_status,NOT_PRESENT,PARTIALLY_VERIFIED,"A source link exists, but this execution did not extract an authoritative rule table for every critical field.",http://coirboard.gov.in/wp-content/uploads/2015/11/Financial-Assistance-Schemes.pdf,Official URL carried from original dataset,WEB,PARTIALLY_VERIFIED
SIH26092-043,embedding_text,LEGACY_GENERATED_TEXT,NOT_RETAINED,Final embedding/search text intentionally removed until source verification is accepted.,https://msme.gov.in/schemes/entrepreneurship-and-skill-development-programs,Uploaded CSV; not an authoritative source,NOT_APPLICABLE,VERIFIED
SIH26092-043,priority,LEGACY_MIXED_OR_CONTAMINATED_VALUE,NOT_RETAINED,Priority contained inconsistent values/tags and is excluded from the cleaned master.,https://msme.gov.in/schemes/entrepreneurship-and-skill-development-programs,Uploaded CSV; not an authoritative source,NOT_APPLICABLE,VERIFIED
SIH26092-043,legacy field normalization,LEGACY_VALUE_OR_BLANK,UNKNOWN_OR_NORMALIZED_VALUE,Any field without an extracted authoritative basis was reset to UNKNOWN rather than inferred; structured target financial/eligibility fields were added.,https://msme.gov.in/schemes/entrepreneurship-and-skill-development-programs,Official URL carried from original dataset,WEB,PARTIALLY_VERIFIED
SIH26092-043,verification_status,NOT_PRESENT,PARTIALLY_VERIFIED,"A source link exists, but this execution did not extract an authoritative rule table for every critical field.",https://msme.gov.in/schemes/entrepreneurship-and-skill-development-programs,Official URL carried from original dataset,WEB,PARTIALLY_VERIFIED
SIH26092-044,embedding_text,LEGACY_GENERATED_TEXT,NOT_RETAINED,Final embedding/search text intentionally removed until source verification is accepted.,https://my.msme.gov.in/MyMsme/COM_Matu.aspx,Uploaded CSV; not an authoritative source,NOT_APPLICABLE,VERIFIED
SIH26092-044,priority,LEGACY_MIXED_OR_CONTAMINATED_VALUE,NOT_RETAINED,Priority contained inconsistent values/tags and is excluded from the cleaned master.,https://my.msme.gov.in/MyMsme/COM_Matu.aspx,Uploaded CSV; not an authoritative source,NOT_APPLICABLE,VERIFIED
SIH26092-044,legacy field normalization,LEGACY_VALUE_OR_BLANK,UNKNOWN_OR_NORMALIZED_VALUE,Any field without an extracted authoritative basis was reset to UNKNOWN rather than inferred; structured target financial/eligibility fields were added.,https://my.msme.gov.in/MyMsme/COM_Matu.aspx,Official URL carried from original dataset,WEB,PARTIALLY_VERIFIED
SIH26092-044,verification_status,NOT_PRESENT,PARTIALLY_VERIFIED,"A source link exists, but this execution did not extract an authoritative rule table for every critical field.",https://my.msme.gov.in/MyMsme/COM_Matu.aspx,Official URL carried from original dataset,WEB,PARTIALLY_VERIFIED
SIH26092-045,embedding_text,LEGACY_GENERATED_TEXT,NOT_RETAINED,Final embedding/search text intentionally removed until source verification is accepted.,https://www.nsic.co.in/documents/pdfs/RMA/FAQ-RMA-SCHEME-18082025.pdf,Uploaded CSV; not an authoritative source,NOT_APPLICABLE,VERIFIED
SIH26092-045,priority,LEGACY_MIXED_OR_CONTAMINATED_VALUE,NOT_RETAINED,Priority contained inconsistent values/tags and is excluded from the cleaned master.,https://www.nsic.co.in/documents/pdfs/RMA/FAQ-RMA-SCHEME-18082025.pdf,Uploaded CSV; not an authoritative source,NOT_APPLICABLE,VERIFIED
SIH26092-045,legacy field normalization,LEGACY_VALUE_OR_BLANK,UNKNOWN_OR_NORMALIZED_VALUE,Any field without an extracted authoritative basis was reset to UNKNOWN rather than inferred; structured target financial/eligibility fields were added.,https://www.nsic.co.in/documents/pdfs/RMA/FAQ-RMA-SCHEME-18082025.pdf,Official URL carried from original dataset,WEB,PARTIALLY_VERIFIED
SIH26092-045,verification_status,NOT_PRESENT,PARTIALLY_VERIFIED,"A source link exists, but this execution did not extract an authoritative rule table for every critical field.",https://www.nsic.co.in/documents/pdfs/RMA/FAQ-RMA-SCHEME-18082025.pdf,Official URL carried from original dataset,WEB,PARTIALLY_VERIFIED
SIH26092-046,embedding_text,LEGACY_GENERATED_TEXT,NOT_RETAINED,Final embedding/search text intentionally removed until source verification is accepted.,https://innovative.msme.gov.in/Documents/FinalGuidelines_MSME_Innovative.pdf,Uploaded CSV; not an authoritative source,NOT_APPLICABLE,VERIFIED
SIH26092-046,priority,LEGACY_MIXED_OR_CONTAMINATED_VALUE,NOT_RETAINED,Priority contained inconsistent values/tags and is excluded from the cleaned master.,https://innovative.msme.gov.in/Documents/FinalGuidelines_MSME_Innovative.pdf,Uploaded CSV; not an authoritative source,NOT_APPLICABLE,VERIFIED
SIH26092-046,legacy field normalization,LEGACY_VALUE_OR_BLANK,UNKNOWN_OR_NORMALIZED_VALUE,Any field without an extracted authoritative basis was reset to UNKNOWN rather than inferred; structured target financial/eligibility fields were added.,https://innovative.msme.gov.in/Documents/FinalGuidelines_MSME_Innovative.pdf,Official URL carried from original dataset,WEB,PARTIALLY_VERIFIED
SIH26092-046,verification_status,NOT_PRESENT,PARTIALLY_VERIFIED,"A source link exists, but this execution did not extract an authoritative rule table for every critical field.",https://innovative.msme.gov.in/Documents/FinalGuidelines_MSME_Innovative.pdf,Official URL carried from original dataset,WEB,PARTIALLY_VERIFIED
SIH26092-047,embedding_text,LEGACY_GENERATED_TEXT,NOT_RETAINED,Final embedding/search text intentionally removed until source verification is accepted.,https://innovative.msme.gov.in/Documents/MSME_InnovativeFAQ.pdf,Uploaded CSV; not an authoritative source,NOT_APPLICABLE,VERIFIED
SIH26092-047,priority,LEGACY_MIXED_OR_CONTAMINATED_VALUE,NOT_RETAINED,Priority contained inconsistent values/tags and is excluded from the cleaned master.,https://innovative.msme.gov.in/Documents/MSME_InnovativeFAQ.pdf,Uploaded CSV; not an authoritative source,NOT_APPLICABLE,VERIFIED
SIH26092-047,legacy field normalization,LEGACY_VALUE_OR_BLANK,UNKNOWN_OR_NORMALIZED_VALUE,Any field without an extracted authoritative basis was reset to UNKNOWN rather than inferred; structured target financial/eligibility fields were added.,https://innovative.msme.gov.in/Documents/MSME_InnovativeFAQ.pdf,Official URL carried from original dataset,WEB,PARTIALLY_VERIFIED
SIH26092-047,verification_status,NOT_PRESENT,PARTIALLY_VERIFIED,"A source link exists, but this execution did not extract an authoritative rule table for every critical field.",https://innovative.msme.gov.in/Documents/MSME_InnovativeFAQ.pdf,Official URL carried from original dataset,WEB,PARTIALLY_VERIFIED
SIH26092-048,embedding_text,LEGACY_GENERATED_TEXT,NOT_RETAINED,Final embedding/search text intentionally removed until source verification is accepted.,https://innovative.msme.gov.in/Home/AboutIpr,Uploaded CSV; not an authoritative source,NOT_APPLICABLE,VERIFIED
SIH26092-048,priority,LEGACY_MIXED_OR_CONTAMINATED_VALUE,NOT_RETAINED,Priority contained inconsistent values/tags and is excluded from the cleaned master.,https://innovative.msme.gov.in/Home/AboutIpr,Uploaded CSV; not an authoritative source,NOT_APPLICABLE,VERIFIED
SIH26092-048,legacy field normalization,LEGACY_VALUE_OR_BLANK,UNKNOWN_OR_NORMALIZED_VALUE,Any field without an extracted authoritative basis was reset to UNKNOWN rather than inferred; structured target financial/eligibility fields were added.,https://innovative.msme.gov.in/Home/AboutIpr,Official URL carried from original dataset,WEB,PARTIALLY_VERIFIED
SIH26092-048,verification_status,NOT_PRESENT,PARTIALLY_VERIFIED,"A source link exists, but this execution did not extract an authoritative rule table for every critical field.",https://innovative.msme.gov.in/Home/AboutIpr,Official URL carried from original dataset,WEB,PARTIALLY_VERIFIED
SIH26092-049,embedding_text,LEGACY_GENERATED_TEXT,NOT_RETAINED,Final embedding/search text intentionally removed until source verification is accepted.,https://zed.msme.gov.in/subsidy-on-cost-of-certification,Uploaded CSV; not an authoritative source,NOT_APPLICABLE,VERIFIED
SIH26092-049,priority,LEGACY_MIXED_OR_CONTAMINATED_VALUE,NOT_RETAINED,Priority contained inconsistent values/tags and is excluded from the cleaned master.,https://zed.msme.gov.in/subsidy-on-cost-of-certification,Uploaded CSV; not an authoritative source,NOT_APPLICABLE,VERIFIED
SIH26092-049,legacy field normalization,LEGACY_VALUE_OR_BLANK,UNKNOWN_OR_NORMALIZED_VALUE,Any field without an extracted authoritative basis was reset to UNKNOWN rather than inferred; structured target financial/eligibility fields were added.,https://zed.msme.gov.in/subsidy-on-cost-of-certification,Official URL carried from original dataset,WEB,PARTIALLY_VERIFIED
SIH26092-049,verification_status,NOT_PRESENT,PARTIALLY_VERIFIED,"A source link exists, but this execution did not extract an authoritative rule table for every critical field.",https://zed.msme.gov.in/subsidy-on-cost-of-certification,Official URL carried from original dataset,WEB,PARTIALLY_VERIFIED
SIH26092-050,embedding_text,LEGACY_GENERATED_TEXT,NOT_RETAINED,Final embedding/search text intentionally removed until source verification is accepted.,https://www.dcmsme.gov.in/ebook/MSME%20booklet_English_7_Nov.pdf,Uploaded CSV; not an authoritative source,NOT_APPLICABLE,VERIFIED
SIH26092-050,priority,LEGACY_MIXED_OR_CONTAMINATED_VALUE,NOT_RETAINED,Priority contained inconsistent values/tags and is excluded from the cleaned master.,https://www.dcmsme.gov.in/ebook/MSME%20booklet_English_7_Nov.pdf,Uploaded CSV; not an authoritative source,NOT_APPLICABLE,VERIFIED
SIH26092-050,legacy field normalization,LEGACY_VALUE_OR_BLANK,UNKNOWN_OR_NORMALIZED_VALUE,Any field without an extracted authoritative basis was reset to UNKNOWN rather than inferred; structured target financial/eligibility fields were added.,https://www.dcmsme.gov.in/ebook/MSME%20booklet_English_7_Nov.pdf,Official URL carried from original dataset,WEB,PARTIALLY_VERIFIED
SIH26092-050,verification_status,NOT_PRESENT,PARTIALLY_VERIFIED,"A source link exists, but this execution did not extract an authoritative rule table for every critical field.",https://www.dcmsme.gov.in/ebook/MSME%20booklet_English_7_Nov.pdf,Official URL carried from original dataset,WEB,PARTIALLY_VERIFIED
SIH26092-051,embedding_text,LEGACY_GENERATED_TEXT,NOT_RETAINED,Final embedding/search text intentionally removed until source verification is accepted.,https://ramp.msme.gov.in/ramp/pdf-documents/scheme-guidelines/CGTMSE_Scheme_Document_CGS_I_updated_as_on_Jan_01_2025.pdf,Uploaded CSV; not an authoritative source,NOT_APPLICABLE,VERIFIED
SIH26092-051,priority,LEGACY_MIXED_OR_CONTAMINATED_VALUE,NOT_RETAINED,Priority contained inconsistent values/tags and is excluded from the cleaned master.,https://ramp.msme.gov.in/ramp/pdf-documents/scheme-guidelines/CGTMSE_Scheme_Document_CGS_I_updated_as_on_Jan_01_2025.pdf,Uploaded CSV; not an authoritative source,NOT_APPLICABLE,VERIFIED
SIH26092-051,legacy field normalization,LEGACY_VALUE_OR_BLANK,UNKNOWN_OR_NORMALIZED_VALUE,Any field without an extracted authoritative basis was reset to UNKNOWN rather than inferred; structured target financial/eligibility fields were added.,https://ramp.msme.gov.in/ramp/pdf-documents/scheme-guidelines/CGTMSE_Scheme_Document_CGS_I_updated_as_on_Jan_01_2025.pdf,Official URL carried from original dataset,WEB,PARTIALLY_VERIFIED
SIH26092-051,verification_status,NOT_PRESENT,PARTIALLY_VERIFIED,"A source link exists, but this execution did not extract an authoritative rule table for every critical field.",https://ramp.msme.gov.in/ramp/pdf-documents/scheme-guidelines/CGTMSE_Scheme_Document_CGS_I_updated_as_on_Jan_01_2025.pdf,Official URL carried from original dataset,WEB,PARTIALLY_VERIFIED
SIH26092-001,new_unit_required,LEGACY_VALUE_OR_BLANK,TRUE,Authoritative current official source extracted and represented in master/rules.,https://pmegp.msme.gov.in/Home/Notifications,PMEGP Notifications,WEB,PARTIALLY_VERIFIED
SIH26092-005,collateral_required,LEGACY_VALUE_OR_BLANK,FALSE,Authoritative current official source extracted and represented in master/rules.,https://pmvishwakarma.gov.in/Home/FAQ,PM Vishwakarma FAQ,WEB,PARTIALLY_VERIFIED
SIH26092-015,core eligibility and finance fields,LEGACY_VALUE_OR_BLANK,VERIFIED_CURRENT_VALUES,Authoritative current official source extracted and represented in master/rules.,https://nbcfdc.gov.in/nbcfdc/web/individual-loan-scheme,NBCFDC Individual Loan Scheme,WEB,VERIFIED
SIH26092-052,record,NOT_PRESENT,NSFDC Micro Finance Scheme (MFS),Added only after extraction from current official NSFDC scheme and FAQ pages.,https://nsfdc.nic.in/index.php/scheme,NSFDC Loan/Credit Schemes; NSFDC FAQs,WEB,VERIFIED
SIH26092-053,record,NOT_PRESENT,NSFDC Term Loan,Added only after extraction from current official NSFDC scheme and FAQ pages.,https://nsfdc.nic.in/index.php/scheme,NSFDC Loan/Credit Schemes; NSFDC FAQs,WEB,VERIFIED
SIH26092-054,record,NOT_PRESENT,NSFDC Aajeevika Micro-Finance Yojana (AMY),Added only after extraction from current official NSFDC scheme and FAQ pages.,https://nsfdc.nic.in/index.php/scheme,NSFDC Loan/Credit Schemes; NSFDC FAQs,WEB,VERIFIED
SIH26092-055,record,NOT_PRESENT,NSFDC Udyam Nidhi Yojana (UNY),Added only after extraction from current official NSFDC scheme and FAQ pages.,https://nsfdc.nic.in/index.php/scheme,NSFDC Loan/Credit Schemes; NSFDC FAQs,WEB,VERIFIED
SIH26092-056,record,NOT_PRESENT,NSFDC Educational Loan Scheme (ELS),Added only after extraction from current official NSFDC scheme and FAQ pages.,https://nsfdc.nic.in/index.php/scheme,NSFDC Loan/Credit Schemes; NSFDC FAQs,WEB,VERIFIED
