partner_id,partner_name,partner_code,institution_type,state,district,matched_entity_id,matched_entity_name,match_level,confidence,match_reason
PARTNER-001,National SC/ST Hub Channelizing Agency,NSCTH-001,STATE_CHANNELIZING_AGENCY,,,,,UNMATCHED,0.0,No verified statutory entity could be matched with confidence >= 0.70 for 'National SC/ST Hub Channelizing Agency'
5e2320dc-c748-45c4-a96a-65de1b4fac5a,Andhra Pradesh Scheduled Castes Cooperative Finance Corporation Ltd (APSCCFC),SCA-DEB3021A,STATE_CHANNELIZING_AGENCY,Andhra Pradesh,Guntur,ba2be149-4d88-4ca8-adfd-7e8581c1a14c,Andhra Pradesh Scheduled Castes Cooperative Finance Corporation Ltd (APSCCFC),MATCH_LEVEL_2,0.98,Exact canonical name match: Andhra Pradesh Scheduled Castes Cooperative Finance Corporation Ltd (APSCCFC)
67f7f12b-bd81-4bb5-9622-0eb33b3d4728,Andhra Pradesh State Financial Corporation (APSFC),SCA-0BD8207F,STATE_CHANNELIZING_AGENCY,Andhra Pradesh,NTR,5ae0e450-c7f4-489c-bd55-cea3134d64fd,Andhra Pradesh State Financial Corporation (APSFC),MATCH_LEVEL_2,0.98,Exact canonical name match: Andhra Pradesh State Financial Corporation (APSFC)
e6764f2d-689d-45e8-b546-264c1d015b2d,Assam State Development Corporation for SCs Ltd (ASCDC),SCA-0CFEBB8A,STATE_CHANNELIZING_AGENCY,Assam,Kamrup Metropolitan,ead34e2b-a9bc-43bc-a45f-e3ee904f62af,Assam State Development Corporation for SCs Ltd (ASCDC),MATCH_LEVEL_2,0.98,Exact canonical name match: Assam State Development Corporation for SCs Ltd (ASCDC)
6f90ae66-6b82-49eb-841f-673d8d6b16f5,Bihar State SCs Co-operative Development Corporation Ltd (BSSCCDC),SCA-DBF590F9,STATE_CHANNELIZING_AGENCY,Bihar,Patna,d9c1f96a-5d88-4656-932f-b9eee6e0570a,Bihar State SCs Co-operative Development Corporation Ltd (BSSCCDC),MATCH_LEVEL_2,0.98,Exact canonical name match: Bihar State SCs Co-operative Development Corporation Ltd (BSSCCDC)
073c0a06-889f-4693-9213-751c6cdf7d38,"Chandigarh SCs, BCs & Minorities Financial & Development Corporation Ltd (CSCFDC)",SCA-BC8244BA,STATE_CHANNELIZING_AGENCY,Chandigarh,Chandigarh,552ec3bc-abe0-482a-a17c-3549f3203944,"Chandigarh SCs, BCs & Minorities Financial & Development Corporation Ltd (CSCFDC)",MATCH_LEVEL_2,0.98,"Exact canonical name match: Chandigarh SCs, BCs & Minorities Financial & Development Corporation Ltd (CSCFDC)"
20ff119a-fcb6-407d-9c86-25e2670438d1,Chhattisgarh Rajya Antyavasayee Sahakari Vitta Evam Vikas Nigam,SCA-CA429804,STATE_CHANNELIZING_AGENCY,Chhattisgarh,Raipur,,,UNMATCHED,0.0,No verified statutory entity could be matched with confidence >= 0.70 for 'Chhattisgarh Rajya Antyavasayee Sahakari Vitta Evam Vikas Nigam'
ac20c956-fb25-43bc-8f1d-44decf194c8d,Dadra & Nagar Haveli SC/ST/OBC Financial & Development Corporation,SCA-3E0937B8,STATE_CHANNELIZING_AGENCY,Dadra and Nagar Haveli and Daman and Diu,Dadra and Nagar Haveli,,,UNMATCHED,0.0,No verified statutory entity could be matched with confidence >= 0.70 for 'Dadra & Nagar Haveli SC/ST/OBC Financial & Development Corporation'
189b1288-c344-413b-9ba0-48286c277234,Delhi SC/ST/OBC/Minorities & Handicapped Financial & Development Corporation (DSFDC),SCA-4E38DBBD,STATE_CHANNELIZING_AGENCY,Delhi,North Delhi,f6391b82-17b4-43d5-a4ef-1fdbfbdfe6a4,Delhi SC/ST/OBC/Minorities & Handicapped Financial & Development Corporation (DSFDC),MATCH_LEVEL_2,0.98,Exact canonical name match: Delhi SC/ST/OBC/Minorities & Handicapped Financial & Development Corporation (DSFDC)
aab58822-6a2a-4e27-a6c5-17db9d5d9bf1,Gujarat Backward Classes Development Corporation (GBCC),SCA-857DE02A,STATE_CHANNELIZING_AGENCY,Gujarat,Gandhinagar,,,UNMATCHED,0.0,No verified statutory entity could be matched with confidence >= 0.70 for 'Gujarat Backward Classes Development Corporation (GBCC)'
cb7c564b-c5ef-4fff-a75c-bfbc7983c361,Gujarat Dr. Ambedkar Antyodaya Vikas Nigam,SCA-D454A54F,STATE_CHANNELIZING_AGENCY,Gujarat,Gandhinagar,,,UNMATCHED,0.0,No verified statutory entity could be matched with confidence >= 0.70 for 'Gujarat Dr. Ambedkar Antyodaya Vikas Nigam'
8614d134-c945-455f-a10f-52faaf4528d6,Goa State SCs & OBCs Finance & Development Corporation Ltd,SCA-3134EBED,STATE_CHANNELIZING_AGENCY,Goa,North Goa,,,UNMATCHED,0.0,No verified statutory entity could be matched with confidence >= 0.70 for 'Goa State SCs & OBCs Finance & Development Corporation Ltd'
770c5734-6c1a-4bbb-8f19-8514566ca5d3,Haryana Scheduled Castes Finance & Development Corporation (HSCFDC),SCA-B2CDFE28,STATE_CHANNELIZING_AGENCY,Haryana,Chandigarh,,,UNMATCHED,0.0,No verified statutory entity could be matched with confidence >= 0.70 for 'Haryana Scheduled Castes Finance & Development Corporation (HSCFDC)'
52e9ebf5-1da3-4d64-a4d4-dfe3172aa4c9,Himachal Pradesh SCs & STs Development Corporation,SCA-1865CC8B,STATE_CHANNELIZING_AGENCY,Himachal Pradesh,Solan,,,UNMATCHED,0.0,No verified statutory entity could be matched with confidence >= 0.70 for 'Himachal Pradesh SCs & STs Development Corporation'
1ceb05db-1433-467a-b926-ec06038ad405,Jharkhand Jharkhand State Scheduled Kalyan Complex,SCA-B8912CD8,STATE_CHANNELIZING_AGENCY,,,,,UNMATCHED,0.0,No verified statutory entity could be matched with confidence >= 0.70 for 'Jharkhand Jharkhand State Scheduled Kalyan Complex'
e1cc87cf-d86f-4e7d-80fa-385d728a5162,Jammu & J&K SCs,SCA-2BF7F421,STATE_CHANNELIZING_AGENCY,,,,,UNMATCHED,0.0,No verified statutory entity could be matched with confidence >= 0.70 for 'Jammu & J&K SCs'
98a9bb95-383b-4ecb-9aed-a019de786fee,Karnataka Dr B. R. Ambedkar Development 9th & 10th Floor,SCA-335CE0DD,STATE_CHANNELIZING_AGENCY,,,,,UNMATCHED,0.0,No verified statutory entity could be matched with confidence >= 0.70 for 'Karnataka Dr B. R. Ambedkar Development 9th & 10th Floor'
58bcc34e-99f9-41fe-9c7d-38b500334510,Kerala Kerala State Development Town Hall Road,SCA-6BB98176,STATE_CHANNELIZING_AGENCY,,,,,UNMATCHED,0.0,No verified statutory entity could be matched with confidence >= 0.70 for 'Kerala Kerala State Development Town Hall Road'
2912fea1-7ade-4718-ae60-8fc9f81b4a1f,Kerala Kerala State Women's 1st Floor,SCA-535E8C40,STATE_CHANNELIZING_AGENCY,,,,,UNMATCHED,0.0,No verified statutory entity could be matched with confidence >= 0.70 for 'Kerala Kerala State Women's 1st Floor'
54f6596e-69f1-41ca-8090-0e6c8692121c,Madhya Pradesh MP State Cooperative SC Rajiv Gandhi Bhawan,SCA-CE7F5DB7,STATE_CHANNELIZING_AGENCY,,,,,UNMATCHED,0.0,No verified statutory entity could be matched with confidence >= 0.70 for 'Madhya Pradesh MP State Cooperative SC Rajiv Gandhi Bhawan'
4ea26e3b-da54-48a3-b063-1619335523f3,Maharashtra Mahatma Phule BCs 1-N,SCA-CC4A4734,STATE_CHANNELIZING_AGENCY,,,,,UNMATCHED,0.0,No verified statutory entity could be matched with confidence >= 0.70 for 'Maharashtra Mahatma Phule BCs 1-N'
47750ff0-3233-49c9-af71-e35b5df6c19b,Maharashtra Sahityaratna Lokshahir New Administration Building No.2,SCA-ADB4D96A,STATE_CHANNELIZING_AGENCY,,,,,UNMATCHED,0.0,No verified statutory entity could be matched with confidence >= 0.70 for 'Maharashtra Sahityaratna Lokshahir New Administration Building No.2'
5c1842c1-12b9-4ae2-82f9-588a7f7a5efb,Maharashtra Sant Rohidas Leather Industries Bombay Life Building,SCA-7D640DD0,STATE_CHANNELIZING_AGENCY,,,,,UNMATCHED,0.0,No verified statutory entity could be matched with confidence >= 0.70 for 'Maharashtra Sant Rohidas Leather Industries Bombay Life Building'
7db7745d-c7ef-4a6a-b974-37cf81e3dcb0,Manipur Manipur Tribal Development Lamphelpat,SCA-8D6A057E,STATE_CHANNELIZING_AGENCY,,,,,UNMATCHED,0.0,No verified statutory entity could be matched with confidence >= 0.70 for 'Manipur Manipur Tribal Development Lamphelpat'
8c1e52d8-4794-4a67-bbe8-5491be1dba65,Manipur Manipur SCs & STs Co- Nambun Long,SCA-3D35CA43,STATE_CHANNELIZING_AGENCY,,,,,UNMATCHED,0.0,No verified statutory entity could be matched with confidence >= 0.70 for 'Manipur Manipur SCs & STs Co- Nambun Long'
67c75e7a-ede3-4bdb-bd6e-34c9fd6e07e9,Meghalaya Meghalaya Cooperative Apex M.G. Road,SCA-F871886F,STATE_CHANNELIZING_AGENCY,,,,,UNMATCHED,0.0,No verified statutory entity could be matched with confidence >= 0.70 for 'Meghalaya Meghalaya Cooperative Apex M.G. Road'
92aadc27-8e04-4a69-93dc-f4757630c217,Mizoram Mizoram Urban Cooperative Lawlsawmiliani Building (Top Development Bank,SCA-95C619DE,STATE_CHANNELIZING_AGENCY,,,,,UNMATCHED,0.0,No verified statutory entity could be matched with confidence >= 0.70 for 'Mizoram Mizoram Urban Cooperative Lawlsawmiliani Building (Top Development Bank'
db41c644-0f8b-498b-bb7a-6e34ece52c9e,Mizoram Mizoram Khadi & Village “Zorun” Zarkawt,SCA-12CF538A,STATE_CHANNELIZING_AGENCY,,,,,UNMATCHED,0.0,No verified statutory entity could be matched with confidence >= 0.70 for 'Mizoram Mizoram Khadi & Village “Zorun” Zarkawt'
df3569c4-dd81-48df-82e1-3fa9df8c5ebc,Odisha Odisha SCs & STs Dev. Finance Lewis Road,SCA-2C185AE9,STATE_CHANNELIZING_AGENCY,,,,,UNMATCHED,0.0,No verified statutory entity could be matched with confidence >= 0.70 for 'Odisha Odisha SCs & STs Dev. Finance Lewis Road'
96fb9e7c-25b5-4b25-b204-e110f2787963,Puducherry Puducherry Adi Dravidar Dev. III Floor,SCA-E442E144,STATE_CHANNELIZING_AGENCY,,,,,UNMATCHED,0.0,No verified statutory entity could be matched with confidence >= 0.70 for 'Puducherry Puducherry Adi Dravidar Dev. III Floor'
67dbdc37-f939-41a5-8a62-e8a38a5fc4c6,Punjab Punjab Scheduled Castes Land SCO No.101-102-103,SCA-E10A9135,STATE_CHANNELIZING_AGENCY,,,a7bcae88-deb9-445e-ad62-fccd801ee711,Punjab Scheduled Castes Land Development and Finance Corporation,MATCH_LEVEL_4,0.88,Official alias match 'Punjab Punjab Scheduled Castes Land SCO No.101-102-103' -> Punjab Scheduled Castes Land Development and Finance Corporation (Source: PB_GOVERNMENT_DIRECTORY)
7021766c-5197-48e4-86bc-492114f27ff7,Rajasthan Rajasthan SCs & STs Fin. & III Floor,SCA-7AF15BB0,STATE_CHANNELIZING_AGENCY,,,0c0284aa-37bd-4ffb-82ae-755b7448c430,Rajasthan SC and ST Finance and Development Cooperative Corporation,MATCH_LEVEL_4,0.88,Official alias match 'Rajasthan Rajasthan SCs & STs Fin. & III Floor' -> Rajasthan SC and ST Finance and Development Cooperative Corporation (Source: RJ_GOVERNMENT_DIRECTORY)
0a46cfdd-0140-4eeb-8794-91d667dcad40,Sikkim Sikkim Scheduled Castes Bhanupath,SCA-E95D97C4,STATE_CHANNELIZING_AGENCY,,,253f0645-f6bd-49eb-80d2-9a4e33f43050,"Sikkim Scheduled Castes, Scheduled Tribes & Other Backward Classes Development Corporation",MATCH_LEVEL_4,0.88,"Official alias match 'Sikkim Sikkim Scheduled Castes Bhanupath' -> Sikkim Scheduled Castes, Scheduled Tribes & Other Backward Classes Development Corporation (Source: SK_GOVERNMENT_DIRECTORY)"
0c63b32c-1786-4832-8f35-c749ba391ba9,Tamil Nadu Tamil Nadu Adi Dravidar No.31,SCA-47532287,STATE_CHANNELIZING_AGENCY,,,16a33b96-3fdc-41e8-a940-15de06e33fae,Tamil Nadu Adi Dravidar Housing and Development Corporation (TAHDCO),MATCH_LEVEL_4,0.88,Official alias match 'Tamil Nadu Tamil Nadu Adi Dravidar No.31' -> Tamil Nadu Adi Dravidar Housing and Development Corporation (TAHDCO) (Source: TN_GOVERNMENT_DIRECTORY)
53752b86-4597-4117-be7c-5a8b75325407,Tripura Tripura Scheduled Castes Krishna Nagar P.O. Lake Chomubani,SCA-7166B47D,STATE_CHANNELIZING_AGENCY,,,961ec547-53ae-4b96-bbe0-2be111c6888a,Tripura Scheduled Castes Cooperative Development Corporation,MATCH_LEVEL_4,0.88,Official alias match 'Tripura Tripura Scheduled Castes Krishna Nagar P.O. Lake Chomubani' -> Tripura Scheduled Castes Cooperative Development Corporation (Source: TR_GOVERNMENT_DIRECTORY)
61cb0b78-2ff9-45d2-9453-04be897ec89e,Uttarakhand Uttarakhand Bahu-udeshiya Vitta Janjati Directorate,SCA-7D797F19,STATE_CHANNELIZING_AGENCY,,,112b2a21-3b0a-46cb-a981-7e23eb3729a6,Uttarakhand Bahu-uddeshiya Vitta Evam Vikas Nigam,MATCH_LEVEL_4,0.88,Official alias match 'Uttarakhand Uttarakhand Bahu-udeshiya Vitta Janjati Directorate' -> Uttarakhand Bahu-uddeshiya Vitta Evam Vikas Nigam (Source: UK_GOVERNMENT_DIRECTORY)
98346956-4962-402c-b788-300f75c71dd2,Uttar Pradesh UP Sahkari Gram Vikas Bank 10,SCA-01675A83,STATE_CHANNELIZING_AGENCY,,,58a268dc-7517-4d78-9bdf-29a1cbafa512,Uttar Pradesh Sahkari Gram Vikas Bank,MATCH_LEVEL_4,0.88,Official alias match 'UP Sahkari Gram Vikas Bank 10' -> Uttar Pradesh Sahkari Gram Vikas Bank (Source: UP_GOVERNMENT_DIRECTORY)
3b1305ce-89dc-480b-a129-358964ccf9f5,Uttar Pradesh UP Scheduled Castes Finance & B-912,SCA-64834232,STATE_CHANNELIZING_AGENCY,,,54123504-9d7d-4d75-9bc3-667de7c51219,Uttar Pradesh Scheduled Caste Finance and Development Corporation (UPSCFDC),MATCH_LEVEL_4,0.88,Official alias match 'Uttar Pradesh UP Scheduled Castes Finance & B-912' -> Uttar Pradesh Scheduled Caste Finance and Development Corporation (UPSCFDC) (Source: UP_GOVERNMENT_DIRECTORY)
f2c9e004-271c-4e0e-92a1-52c816fd2a14,West Bengal West Bengal SCs,SCA-DA2D53FC,STATE_CHANNELIZING_AGENCY,,,bb991e64-3ec3-4e80-b76b-0df87ed616dc,"West Bengal SC, ST & OBC Development & Finance Corporation",MATCH_LEVEL_4,0.88,"Official alias match 'West Bengal West Bengal SCs' -> West Bengal SC, ST & OBC Development & Finance Corporation (Source: WB_GOVERNMENT_DIRECTORY)"
87abb5d7-3ef5-4af8-b24e-0f53e22754ec,Indian Overseas Bank,PSB-41EBA542,PUBLIC_SECTOR_BANK,,,32c1fbfb-0e6f-4dae-842b-901a230ad7cc,Indian Overseas Bank,MATCH_LEVEL_2,0.98,Exact canonical name match: Indian Overseas Bank
5c244074-8ce0-4515-b50e-135c930bd688,Bank of Baroda,PSB-E0999296,PUBLIC_SECTOR_BANK,,,0c6e500b-3339-4ac4-b3e5-e912298ef915,Bank of Baroda,MATCH_LEVEL_2,0.98,Exact canonical name match: Bank of Baroda
2790fa95-688e-400f-a3d4-58f7a2225bee,Canara Bank,PSB-D4E0AC13,PUBLIC_SECTOR_BANK,,,5a22ac6a-d382-4b44-9789-6026960971af,Canara Bank,MATCH_LEVEL_2,0.98,Exact canonical name match: Canara Bank
7dece241-4db8-48de-9be3-5719921ebbf0,Punjab National Bank,PSB-1A97BC65,PUBLIC_SECTOR_BANK,,,8343702e-7c86-4099-b951-4d8d7bceb7d2,Punjab National Bank,MATCH_LEVEL_2,0.98,Exact canonical name match: Punjab National Bank
ec68f3e7-43c5-4345-95a1-9e9cae1c08d9,Punjab & Sind Bank,PSB-0FBED418,PUBLIC_SECTOR_BANK,,,f040c1c2-c06d-4cab-afd6-92f60c289375,Punjab & Sind Bank,MATCH_LEVEL_2,0.98,Exact canonical name match: Punjab & Sind Bank
498e27ae-2629-45bd-b50d-d44c27615b09,Union Bank of India,PSB-80953BA7,PUBLIC_SECTOR_BANK,,,a391f106-5058-4b61-b176-815358c50062,Union Bank of India,MATCH_LEVEL_2,0.98,Exact canonical name match: Union Bank of India
4c178627-5223-433c-8a2f-718c8b8e4620,th Floor,PSB-0DFDD477,PUBLIC_SECTOR_BANK,,,,,UNMATCHED,0.0,No verified statutory entity could be matched with confidence >= 0.70 for 'th Floor'
6b8dc71e-28b2-47a6-8b9e-02a4c3bc94d7,Punjab & Sind Bank,PSB-7C010301,PUBLIC_SECTOR_BANK,,,f040c1c2-c06d-4cab-afd6-92f60c289375,Punjab & Sind Bank,MATCH_LEVEL_2,0.98,"Exact canonical legal name match: Punjab & Sind Bank (Branch: 5th Floor, 21 Rajendra Place, New Delhi)"
3414ceb1-e997-485e-843a-4d15ec6215f5,Indian Bank Corporate Office,PSB-939BC20A,PUBLIC_SECTOR_BANK,,,373beea7-12f9-4000-8831-dc92fcdb9b58,Indian Bank,MATCH_LEVEL_3,0.92,"Normalized name match with Indian Bank (Type: PUBLIC_SECTOR_BANK, State: None)"
38a644ee-3ee3-41dd-b8d9-710f4924635e,Bank of Maharashtra No.254-260,PSB-FC9FA12B,PUBLIC_SECTOR_BANK,,,239975e2-2830-4a09-b2cc-b8253bc03590,Bank of Maharashtra,MATCH_LEVEL_3,0.92,"Normalized name match with Bank of Maharashtra (Type: PUBLIC_SECTOR_BANK, State: None)"
38554178-24fd-4b53-bc84-a1e24d50b093,Bank of India,PSB-DF3C7EF2,PUBLIC_SECTOR_BANK,,,b4d52ae5-0b16-4d39-b35e-d826dd598073,Bank of India,MATCH_LEVEL_2,0.98,Exact canonical name match: Bank of India
685d60bd-a6f8-49c2-8809-17a261eea094,Central bank Of India,PSB-FEB8D111,PUBLIC_SECTOR_BANK,,,f21de982-9af4-4be8-b149-9482425ea313,Central Bank of India,MATCH_LEVEL_2,0.98,Exact canonical name match: Central Bank of India
12401b23-5a1c-4bd3-b854-07ca88dab8bb,Mumbai – 400 021,PSB-50D7ABA5,PUBLIC_SECTOR_BANK,,,,,UNMATCHED,0.0,No verified statutory entity could be matched with confidence >= 0.70 for 'Mumbai – 400 021'
9e0c0f81-a704-4a8c-9767-984568b82f9a,UCO Bank,PSB-0D50BA8F,PUBLIC_SECTOR_BANK,,,b995ce89-9915-4a8c-94fb-854e23ad9a1d,UCO Bank,MATCH_LEVEL_2,0.98,Exact canonical name match: UCO Bank
176c9127-6440-40f2-9461-57d84448e38f,Bihar Gramin Bank,RRB-F42861B7,REGIONAL_RURAL_BANK,,,f196f512-b814-4ae0-acac-446280d6d0df,Bihar Gramin Bank,MATCH_LEVEL_2,0.98,Exact canonical name match: Bihar Gramin Bank
1e7f37a7-69fd-4606-8525-59838b47c79f,Maharashtra Gramin Bank,RRB-024F5857,REGIONAL_RURAL_BANK,,,c180b76f-90ec-4022-8ce0-ba84b5deccc0,Maharashtra Gramin Bank,MATCH_LEVEL_2,0.98,Exact canonical name match: Maharashtra Gramin Bank
e5ac60bc-a632-4eee-8aba-855547cd0822,Jharkhand Gramin Bank,RRB-C5F4B14E,REGIONAL_RURAL_BANK,,,d3310acf-77a7-4f8d-bc53-16b837ae4cac,Jharkhand Rajya Gramin Bank,MATCH_LEVEL_4,0.88,Official alias match 'Jharkhand Gramin Bank' -> Jharkhand Rajya Gramin Bank (Source: GOVERNMENT_DIRECTORY)
cc8d994c-c55f-4332-913b-d5f6572be3be,Haryana Gramin Bank,RRB-CCC60043,REGIONAL_RURAL_BANK,Haryana,,80c64064-36b5-4e40-84ba-437c2276db47,Sarva Haryana Gramin Bank,MATCH_LEVEL_3,0.92,"Normalized name match with Sarva Haryana Gramin Bank (Type: REGIONAL_RURAL_BANK, State: Haryana)"
b42dba38-40a8-4665-8f50-eb44a8c91961,Ranchi- 834001,RRB-DD9391F5,REGIONAL_RURAL_BANK,,,,,UNMATCHED,0.0,No verified statutory entity could be matched with confidence >= 0.70 for 'Ranchi- 834001'
f47cb8f9-21b8-4d27-8491-1e24df1d7532,Gujarat Gramin Bank,RRB-979A2C47,REGIONAL_RURAL_BANK,Gujarat,,8d2afc9e-2265-4956-b31a-959d633c162e,Baroda Gujarat Gramin Bank,MATCH_LEVEL_3,0.92,"Normalized name match with Baroda Gujarat Gramin Bank (Type: REGIONAL_RURAL_BANK, State: Gujarat)"
4aad9936-f656-41f2-8a4b-026dea48ac44,Telangana Grameena Bank,RRB-8C04F018,REGIONAL_RURAL_BANK,,,47f6da07-1d79-4428-ac05-47ee2191f8d4,Telangana Grameena Bank,MATCH_LEVEL_2,0.98,Exact canonical name match: Telangana Grameena Bank
84279d00-97a4-4cba-b189-687bfb6848e6,Rajasthan Gramin Bank,RRB-012E2089,REGIONAL_RURAL_BANK,,,27a59254-0abd-453f-a6db-da623df755d3,Rajasthan Marudhara Gramin Bank,MATCH_LEVEL_4,0.88,Official alias match 'Rajasthan Gramin Bank' -> Rajasthan Marudhara Gramin Bank (Source: GOVERNMENT_DIRECTORY)
e4f6f87a-8b1d-4eed-b184-2e55060a30fa,Uttar Pradesh Gramin Bank,RRB-0456B02A,REGIONAL_RURAL_BANK,,,6477720f-f578-4d7c-84fd-587aaa3ca68d,Baroda U.P. Bank,MATCH_LEVEL_4,0.88,Official alias match 'Baroda Uttar Pradesh Gramin Bank' -> Baroda U.P. Bank (Source: DFS_RRB_AMALGAMATION_2020)
9381f6c7-d2d8-435e-a320-731879b5590e,Complex,RRB-8A6FED3A,REGIONAL_RURAL_BANK,,,,,UNMATCHED,0.0,No verified statutory entity could be matched with confidence >= 0.70 for 'Complex'
50c70175-3553-445b-9578-6a680c67aff9,Kerala Grameena Bank,RRB-C621E6B5,REGIONAL_RURAL_BANK,,,0d863e51-0a65-4975-a3c2-956eacc13549,Kerala Gramin Bank,MATCH_LEVEL_4,0.88,Official alias match 'Kerala Grameena Bank' -> Kerala Gramin Bank (Source: GOVERNMENT_DIRECTORY)
41804e4e-ea64-429a-8990-cf647fdde1af,Uttarakhand Gramin Bank,RRB-26847FCF,REGIONAL_RURAL_BANK,,,d7b223b5-9fdc-483b-bf5c-cff7a3c2694e,Uttarakhand Gramin Bank,MATCH_LEVEL_2,0.98,Exact canonical name match: Uttarakhand Gramin Bank
ea995f14-d3f4-44a2-9fa2-5a0c24a0631c,Tripura Gramin Bank,RRB-B663F5CD,REGIONAL_RURAL_BANK,,,287b40e6-877e-45a1-a5f6-37619978eb24,Tripura Gramin Bank,MATCH_LEVEL_2,0.98,Exact canonical name match: Tripura Gramin Bank
bb7c9f36-0a4c-4814-b3c1-0250b9366f85,Karnataka Grameena Bank,RRB-D86CB9E5,REGIONAL_RURAL_BANK,,,764b7bcb-bcbb-42f2-b544-2378aa7adb64,Karnataka Gramin Bank,MATCH_LEVEL_4,0.88,Official alias match 'Karnataka Grameena Bank' -> Karnataka Gramin Bank (Source: GOVERNMENT_DIRECTORY)
6f013d2e-1fe3-44e9-ae93-085861469e37,Assam Gramin Bank,RRB-B41B232D,REGIONAL_RURAL_BANK,,,3a7e9d4f-dae5-4f3e-845d-cac838b0d9f7,Assam Gramin Vikash Bank,MATCH_LEVEL_4,0.88,Official alias match 'Assam Gramin Bank' -> Assam Gramin Vikash Bank (Source: GOVERNMENT_DIRECTORY)
afd49bd5-8539-4e70-9ce1-edffb55517a4,Andhra Pradesh Grameena Bank,RRB-6D3573F7,REGIONAL_RURAL_BANK,,,33f7d3b5-7a32-4be0-847d-951b6f3dc184,Andhra Pradesh Grameena Vikas Bank,MATCH_LEVEL_4,0.88,Official alias match 'Andhra Pradesh Grameena Bank' -> Andhra Pradesh Grameena Vikas Bank (Source: GOVERNMENT_DIRECTORY)
ab2f472d-2b84-44ab-84ca-0b9dac3ca0ab,Punjab Gramin Bank,RRB-2D1F95A0,REGIONAL_RURAL_BANK,,,7b6fd06e-0cab-4e3d-ae08-53b918198137,Punjab Gramin Bank,MATCH_LEVEL_2,0.98,Exact canonical name match: Punjab Gramin Bank
5fbd0539-07aa-4ffb-83c3-cff7ede183b0,Tamil Nadu Grama Bank,RRB-379EA7C1,REGIONAL_RURAL_BANK,,,adf98f8c-e1e6-4502-b783-c453f17f5054,Tamil Nadu Grama Bank,MATCH_LEVEL_2,0.98,Exact canonical name match: Tamil Nadu Grama Bank
2953dda3-091d-4cdd-adf3-a8e107a178b8,Madhaya Pradesh Gramin Bank,RRB-68A175F7,REGIONAL_RURAL_BANK,,,940123ab-fe33-4cb4-be56-6addbe89d78e,Madhya Pradesh Gramin Bank,MATCH_LEVEL_4,0.88,Official alias match 'Madhaya Pradesh Gramin Bank' -> Madhya Pradesh Gramin Bank (Source: GOVERNMENT_DIRECTORY)
58487a38-6433-4c77-81c6-f8ab3b8ce1ac,Himachal Pradesh Gramin Bank,RRB-CE23F0C2,REGIONAL_RURAL_BANK,Himachal Pradesh,,e0c71c1c-b5d1-4498-8cf0-658a3f38ab9b,Himachal Pradesh Gramin Bank,MATCH_LEVEL_2,0.98,Exact canonical name match: Himachal Pradesh Gramin Bank
84f21b21-8040-4931-8c45-de280ae929f6,Puducherry Grama Bank,RRB-241925E5,REGIONAL_RURAL_BANK,,,c750e7e7-dd21-4314-b845-6da02091b0d5,Puduvai Bharathiar Grama Bank,MATCH_LEVEL_4,0.88,Official alias match 'Puducherry Grama Bank' -> Puduvai Bharathiar Grama Bank (Source: GOVERNMENT_DIRECTORY)
0ae9941f-fbf2-4efc-8faf-a137d091e4d0,West Bengal Gramin Bank No.441,RRB-54AF87EC,REGIONAL_RURAL_BANK,,,83be5b43-abb3-44d9-952e-5fbcb1b84c57,Paschim Banga Gramin Bank,MATCH_LEVEL_4,0.88,Official alias match 'West Bengal Gramin Bank No.441' -> Paschim Banga Gramin Bank (Source: GOVERNMENT_DIRECTORY)
83752b0f-14ca-4f50-86de-c8ca42c4e0e4,Tikiapara,RRB-C0693FC3,REGIONAL_RURAL_BANK,,,,,UNMATCHED,0.0,No verified statutory entity could be matched with confidence >= 0.70 for 'Tikiapara'
f662769c-9303-4a48-95df-8c3605a2b891,Chhattisgarh Gramin Bank,RRB-4E9C65C2,REGIONAL_RURAL_BANK,Chhattisgarh,,81ffb6fd-1e90-4dae-b15b-e9e4163ba82e,Chhattisgarh Rajya Gramin Bank,MATCH_LEVEL_4,0.88,Official alias match 'Chhattisgarh Gramin Bank' -> Chhattisgarh Rajya Gramin Bank (Source: GOVERNMENT_DIRECTORY)
f5fbbb0c-4391-4d0d-9627-f8e0a3663099,Manipur Rural Bank,RRB-5E34EB8E,REGIONAL_RURAL_BANK,,,621acaa2-5661-42d9-b82d-3bf2eb9983bc,Manipur Rural Bank,MATCH_LEVEL_2,0.98,Exact canonical name match: Manipur Rural Bank
20071c36-2fb4-4cb9-be0e-9dd1e8259e0f,Plot No.-47,RRB-3B2BDCA7,REGIONAL_RURAL_BANK,,,,,UNMATCHED,0.0,No verified statutory entity could be matched with confidence >= 0.70 for 'Plot No.-47'
553c210b-9d07-4f4b-9b06-9f441d31137f,Meghalaya Rural Bank,RRB-DE6A3310,REGIONAL_RURAL_BANK,,,e177c1a7-5f41-487a-9497-08c326bdd6e4,Meghalaya Rural Bank,MATCH_LEVEL_2,0.98,Exact canonical name match: Meghalaya Rural Bank
28f208ea-a70a-49dd-910e-4b9ea8d9e083,J&K Grameen Bank M.T.C Building,RRB-3FAF758D,REGIONAL_RURAL_BANK,,,37b4e379-16a8-4c29-98de-95f2b37f6377,Jammu & Kashmir Grameen Bank,MATCH_LEVEL_4,0.88,Official alias match 'J&K Grameen Bank M.T.C Building' -> Jammu & Kashmir Grameen Bank (Source: GOVERNMENT_DIRECTORY)
fb35ad4b-04c8-493b-9577-5ce7cf565acf,Odisha Grameen Bank,RRB-180F880C,REGIONAL_RURAL_BANK,,,d0af188d-4858-4b83-b158-b9af7ca2eb4a,Odisha Gramya Bank,MATCH_LEVEL_4,0.88,Official alias match 'Odisha Grameen Bank' -> Odisha Gramya Bank (Source: GOVERNMENT_DIRECTORY)
81510aa2-0a9a-455e-87d8-26dbbd5d4da2,Mizoram Rural Bank,RRB-A3A429C8,REGIONAL_RURAL_BANK,,,ecbd4218-d523-433a-a506-8711f13416aa,Mizoram Rural Bank,MATCH_LEVEL_2,0.98,Exact canonical name match: Mizoram Rural Bank
ffd17427-6d9b-4b9c-aeb6-c12ef765dadc,Anik Financial Services Private Limited,NBFC_MFI-7516BC41,MICRO_FINANCE_INSTITUTION,,,6a975be1-3ced-4216-b67a-f75e824b9a53,Anik Financial Services Pvt Ltd,MATCH_LEVEL_2,0.98,Exact canonical name match: Anik Financial Services Pvt Ltd
86c52401-df0c-4361-8cff-e658db2a9c86,Grameen Development & Finance Regd.Office: ‘Sahyadri Building” Private Limited,NBFC_MFI-00055867,MICRO_FINANCE_INSTITUTION,,,437548f5-fed8-4a9c-95fa-88706d196c85,Grameen Development & Finance Pvt Ltd,MATCH_LEVEL_3,0.92,"Normalized name match with Grameen Development & Finance Pvt Ltd (Type: NBFC_MFI, State: None)"
d269101c-5073-4fcd-b4cb-fa5f182989f7,ASA International Microfinance Ltd.,NBFC_MFI-486BB9C8,MICRO_FINANCE_INSTITUTION,,,584f6246-8475-4dc7-a0b6-bc3399054e71,ASA International India Microfinance Ltd,MATCH_LEVEL_4,0.88,Official alias match 'ASA International Microfinance Ltd.' -> ASA International India Microfinance Ltd (Source: ROC_FILING)
f372319a-aee2-4da8-84c3-8e33728dd2d5,Midland Microfin Ltd.,NBFC_MFI-48FB7C9D,MICRO_FINANCE_INSTITUTION,,,b9c40f2f-dcb9-463c-8849-7b5fff95402e,Midland Microfin Ltd,MATCH_LEVEL_2,0.98,Exact canonical name match: Midland Microfin Ltd
efec3e19-1ab8-4be8-b910-80b3402706d3,Satin Creditcare Network Ltdl.,NBFC_MFI-A68682C0,MICRO_FINANCE_INSTITUTION,,,42ae1187-d543-484c-9ebb-a3f46b9e3945,Satin Creditcare Network Ltd,MATCH_LEVEL_3,0.92,"Normalized name match with Satin Creditcare Network Ltd (Type: NBFC_MFI, State: None)"
d79ae139-660f-4f51-ad35-9a58282bffcb,Pahal Financial Services Pvt. Ltd.,NBFC_MFI-3ED74E1A,MICRO_FINANCE_INSTITUTION,,,fcc067ac-63e4-4f01-bcc0-3a025cd50ad3,Pahal Financial Services Pvt Ltd,MATCH_LEVEL_2,0.98,Exact canonical name match: Pahal Financial Services Pvt Ltd
9b05cbeb-1a9f-4f46-86d7-6ca2ff484d02,Vector Finance PVT LTD RO-K7/110,NBFC_MFI-0A7D6041,MICRO_FINANCE_INSTITUTION,,,912faca7-b7ba-4678-8080-06e8ea41453a,Vector Finance Pvt Ltd,MATCH_LEVEL_3,0.92,"Normalized name match with Vector Finance Pvt Ltd (Type: NBFC_MFI, State: None)"
915f2d22-33f0-40ed-bdb3-e21b865d3fed,Shri Mahila Sewa Sahakari Bank Ltd,COOPERATIVE_BANK-1878CA4C,FINANCIAL_INSTITUTION,,,1d81de8b-ed69-4a55-8895-796ac580c2ed,Shri Mahila Sewa Sahakari Bank Ltd,MATCH_LEVEL_2,0.98,Exact canonical name match: Shri Mahila Sewa Sahakari Bank Ltd
550a49a8-7745-4489-9ac9-f314c84d80ee,Konoklata mahila Urban Cooperative,COOPERATIVE_BANK-FF665773,FINANCIAL_INSTITUTION,,,0baa2777-a765-4800-8e17-db93bd73cbca,Konoklata Mahila Urban Cooperative Bank,MATCH_LEVEL_3,0.92,"Normalized name match with Konoklata Mahila Urban Cooperative Bank (Type: COOPERATIVE_BANK, State: None)"
29590057-7353-4880-b74a-a985e2948dc6,Assam North Eastern Development Finance Corporation Ltd. (NEDFi),OTHER_AGENCY-15348A12,FINANCIAL_INSTITUTION,,,34a06361-caa9-453d-82aa-0acd39991ad3,North Eastern Development Finance Corporation Ltd (NEDFi),MATCH_LEVEL_3,0.92,"Normalized name match with North Eastern Development Finance Corporation Ltd (NEDFi) (Type: STATE_CHANNELIZING_AGENCY, State: None)"
b074d6cf-82f0-40e8-be0b-a669ca419b33,Jharkhand Jharkhand Silk Textile & Handicraft Development Corporation Ltd.,OTHER_AGENCY-A4F99093,FINANCIAL_INSTITUTION,,,e0617d4b-4764-460e-8641-68fa5223c93d,Jharkhand Silk Textile & Handicraft Development Corporation Ltd (JHARCRAFT),MATCH_LEVEL_4,0.88,Official alias match 'Jharkhand Jharkhand Silk Textile & Handicraft Development Corporation Ltd.' -> Jharkhand Silk Textile & Handicraft Development Corporation Ltd (JHARCRAFT) (Source: JH_GOVERNMENT_DIRECTORY)
36b0941b-de2b-4784-8f45-a833973a1818,SIDBI Small Industries Development Bank of India,OTHER_AGENCY-641A422A,FINANCIAL_INSTITUTION,,,b4d52ae5-0b16-4d39-b35e-d826dd598073,Bank of India,MATCH_LEVEL_3,0.92,"Normalized name match with Bank of India (Type: PUBLIC_SECTOR_BANK, State: None)"
be4c480d-2aea-4e4b-b48b-a06fb425c677,AU small finance bank,SMALL_FINANCE_BANK-C7D9F229,FINANCIAL_INSTITUTION,,,ce2d1d28-7403-4dab-8402-ccc3d005b7a2,AU Small Finance Bank,MATCH_LEVEL_2,0.98,Exact canonical name match: AU Small Finance Bank
394c1244-ced5-4681-8195-47fc0f53d124,Ujjiwan Small Finance Bank Small Finance Bank- 02,SMALL_FINANCE_BANK-2C8A70B8,FINANCIAL_INSTITUTION,,,0c4ee875-0bc5-4200-9fda-945e487c3f1c,Ujjivan Small Finance Bank,MATCH_LEVEL_4,0.88,Official alias match 'Ujjiwan Small Finance Bank Small Finance Bank- 02' -> Ujjivan Small Finance Bank (Source: RBI_DIRECTORY)
c30f1d8c-df01-4717-ae7f-a4727b503ff4,Streenidhi,COOPERATIVE_SOCIETY-B47F5EE2,FINANCIAL_INSTITUTION,,,24617c95-a055-46f8-bc98-442093943bcd,Streenidhi Credit Cooperative Federation Ltd,MATCH_LEVEL_3,0.92,"Normalized name match with Streenidhi Credit Cooperative Federation Ltd (Type: COOPERATIVE_BANK, State: None)"
86999842-c677-4406-a501-48eb9e76fabd,Streenidhi AP,COOPERATIVE_SOCIETY-3D5EC146,FINANCIAL_INSTITUTION,,,24617c95-a055-46f8-bc98-442093943bcd,Streenidhi Credit Cooperative Federation Ltd,MATCH_LEVEL_4,0.88,Official alias match 'Streenidhi' -> Streenidhi Credit Cooperative Federation Ltd (Source: COOPERATIVE_REGISTRAR)
PARTNER-GKP-KVIC-01,Khadi and Village Industries Commission (KVIC) Divisional Office Gorakhpur,KVIC-GKP-01,COMMISSION_OFFICE,Uttar Pradesh,Gorakhpur,c1027d29-c8ac-4950-8c74-7e008ec114aa,Khadi and Village Industries Commission (KVIC),MATCH_LEVEL_3,0.92,"Normalized name match with Khadi and Village Industries Commission (KVIC) (Type: STATUTORY_COMMISSION, State: Uttar Pradesh)"
PARTNER-GKP-DIC-01,District Industries and Enterprise Promotion Centre (DIC) Gorakhpur,DIC-GKP-01,DISTRICT_INDUSTRIES_CENTRE,Uttar Pradesh,Gorakhpur,fd1004e3-9c38-4f44-a56c-4d0f5216b180,Directorate of Industries & Enterprise Promotion / District Industries Centre (DIC) Network,MATCH_LEVEL_4,0.88,Official alias match 'District Industries and Enterprise Promotion Centre (DIC)' -> Directorate of Industries & Enterprise Promotion / District Industries Centre (DIC) Network (Source: MSME_DIRECTORY)
PARTNER-GKP-UPSCFDC-01,Uttar Pradesh Scheduled Caste Finance and Development Corporation (UPSCFDC) Gorakhpur,UPSCFDC-GKP-01,STATE_CHANNELIZING_AGENCY,Uttar Pradesh,Gorakhpur,54123504-9d7d-4d75-9bc3-667de7c51219,Uttar Pradesh Scheduled Caste Finance and Development Corporation (UPSCFDC),MATCH_LEVEL_3,0.92,"Normalized name match with Uttar Pradesh Scheduled Caste Finance and Development Corporation (UPSCFDC) (Type: STATE_CHANNELIZING_AGENCY, State: Uttar Pradesh)"
PARTNER-GKP-RSETI-01,State Bank of India Rural Self Employment Training Institute (SBI RSETI) Gorakhpur,RSETI-SBI-GKP-01,RSETI_TRAINING_INSTITUTE,Uttar Pradesh,Gorakhpur,65299857-e0be-4559-af6a-ebede72a395b,State Bank of India,MATCH_LEVEL_5,0.75,Conservative brand identifier match for 'STATE BANK OF INDIA' -> State Bank of India
PARTNER-GKP-BOB-01,Bank of Baroda MSME Branch Gorakhpur,BOB-MSME-GKP-01,PUBLIC_SECTOR_BANK,Uttar Pradesh,Gorakhpur,0c6e500b-3339-4ac4-b3e5-e912298ef915,Bank of Baroda,MATCH_LEVEL_3,0.92,"Normalized name match with Bank of Baroda (Type: PUBLIC_SECTOR_BANK, State: Uttar Pradesh)"
PARTNER-GKP-CBI-01,Central Bank of India Main Branch Gorakhpur,CBI-GKP-01,PUBLIC_SECTOR_BANK,Uttar Pradesh,Gorakhpur,f21de982-9af4-4be8-b149-9482425ea313,Central Bank of India,MATCH_LEVEL_3,0.92,"Normalized name match with Central Bank of India (Type: PUBLIC_SECTOR_BANK, State: Uttar Pradesh)"
PARTNER-GKP-IB-01,Indian Bank Main Branch Gorakhpur,IB-GKP-01,PUBLIC_SECTOR_BANK,Uttar Pradesh,Gorakhpur,373beea7-12f9-4000-8831-dc92fcdb9b58,Indian Bank,MATCH_LEVEL_3,0.92,"Normalized name match with Indian Bank (Type: PUBLIC_SECTOR_BANK, State: Uttar Pradesh)"
PARTNER-GKP-PNB-01,Punjab National Bank Circle Office & Branch Gorakhpur,PNB-GKP-01,PUBLIC_SECTOR_BANK,Uttar Pradesh,Gorakhpur,8343702e-7c86-4099-b951-4d8d7bceb7d2,Punjab National Bank,MATCH_LEVEL_3,0.92,"Normalized name match with Punjab National Bank (Type: PUBLIC_SECTOR_BANK, State: Uttar Pradesh)"
PARTNER-GKP-UBI-01,Union Bank of India Regional Office & Branch Gorakhpur,UBI-GKP-01,PUBLIC_SECTOR_BANK,Uttar Pradesh,Gorakhpur,a391f106-5058-4b61-b176-815358c50062,Union Bank of India,MATCH_LEVEL_3,0.92,"Normalized name match with Union Bank of India (Type: PUBLIC_SECTOR_BANK, State: Uttar Pradesh)"
PARTNER-GKP-CNRB-01,Canara Bank MSME Sulabh Branch Gorakhpur,CNRB-MSME-GKP-01,PUBLIC_SECTOR_BANK,Uttar Pradesh,Gorakhpur,5a22ac6a-d382-4b44-9789-6026960971af,Canara Bank,MATCH_LEVEL_3,0.92,"Normalized name match with Canara Bank (Type: PUBLIC_SECTOR_BANK, State: Uttar Pradesh)"
PARTNER-UP-LKO-UPSCFDC-01,Uttar Pradesh Scheduled Caste Finance and Development Corporation (UPSCFDC) Head Office,UPSCFDC-HQ-LKO,STATE_CHANNELIZING_AGENCY,Uttar Pradesh,Lucknow,54123504-9d7d-4d75-9bc3-667de7c51219,Uttar Pradesh Scheduled Caste Finance and Development Corporation (UPSCFDC),MATCH_LEVEL_2,0.98,Exact canonical name match: Uttar Pradesh Scheduled Caste Finance and Development Corporation (UPSCFDC)
PARTNER-UP-LKO-KVIC-01,Khadi and Village Industries Commission (KVIC) State Office Lucknow,KVIC-SO-LKO,COMMISSION_OFFICE,Uttar Pradesh,Lucknow,c1027d29-c8ac-4950-8c74-7e008ec114aa,Khadi and Village Industries Commission (KVIC),MATCH_LEVEL_3,0.92,"Normalized name match with Khadi and Village Industries Commission (KVIC) (Type: STATUTORY_COMMISSION, State: Uttar Pradesh)"
PARTNER-UP-LKO-DIC-01,District Industries and Enterprise Promotion Centre (DIC) Lucknow,DIC-LKO-01,DISTRICT_INDUSTRIES_CENTRE,Uttar Pradesh,Lucknow,fd1004e3-9c38-4f44-a56c-4d0f5216b180,Directorate of Industries & Enterprise Promotion / District Industries Centre (DIC) Network,MATCH_LEVEL_4,0.88,Official alias match 'District Industries and Enterprise Promotion Centre (DIC)' -> Directorate of Industries & Enterprise Promotion / District Industries Centre (DIC) Network (Source: MSME_DIRECTORY)
PARTNER-UP-LKO-SIDBI-01,Small Industries Development Bank of India (SIDBI) Head Office,SIDBI-HO-LKO,STATUTORY_FINANCIAL_CORPORATION,Uttar Pradesh,Lucknow,d1b86fad-58c7-4170-a088-004d045a8da5,Small Industries Development Bank of India (SIDBI),MATCH_LEVEL_2,0.98,Exact canonical name match: Small Industries Development Bank of India (SIDBI)
PARTNER-UP-VNS-DIC-01,District Industries and Enterprise Promotion Centre (DIC) Varanasi,DIC-VNS-01,DISTRICT_INDUSTRIES_CENTRE,Uttar Pradesh,Varanasi,fd1004e3-9c38-4f44-a56c-4d0f5216b180,Directorate of Industries & Enterprise Promotion / District Industries Centre (DIC) Network,MATCH_LEVEL_4,0.88,Official alias match 'District Industries and Enterprise Promotion Centre (DIC)' -> Directorate of Industries & Enterprise Promotion / District Industries Centre (DIC) Network (Source: MSME_DIRECTORY)
PARTNER-UP-VNS-UPSCFDC-01,Uttar Pradesh Scheduled Caste Finance and Development Corporation (UPSCFDC) Varanasi,UPSCFDC-VNS-01,STATE_CHANNELIZING_AGENCY,Uttar Pradesh,Varanasi,54123504-9d7d-4d75-9bc3-667de7c51219,Uttar Pradesh Scheduled Caste Finance and Development Corporation (UPSCFDC),MATCH_LEVEL_3,0.92,"Normalized name match with Uttar Pradesh Scheduled Caste Finance and Development Corporation (UPSCFDC) (Type: STATE_CHANNELIZING_AGENCY, State: Uttar Pradesh)"
PARTNER-UP-VNS-UBI-01,Union Bank of India MSME Branch Varanasi,UBI-MSME-VNS-01,PUBLIC_SECTOR_BANK,Uttar Pradesh,Varanasi,a391f106-5058-4b61-b176-815358c50062,Union Bank of India,MATCH_LEVEL_3,0.92,"Normalized name match with Union Bank of India (Type: PUBLIC_SECTOR_BANK, State: Uttar Pradesh)"
PARTNER-UP-DEO-DIC-01,District Industries and Enterprise Promotion Centre (DIC) Deoria,DIC-DEO-01,DISTRICT_INDUSTRIES_CENTRE,Uttar Pradesh,Deoria,fd1004e3-9c38-4f44-a56c-4d0f5216b180,Directorate of Industries & Enterprise Promotion / District Industries Centre (DIC) Network,MATCH_LEVEL_4,0.88,Official alias match 'District Industries and Enterprise Promotion Centre (DIC)' -> Directorate of Industries & Enterprise Promotion / District Industries Centre (DIC) Network (Source: MSME_DIRECTORY)
PARTNER-UP-DEO-UPSCFDC-01,Uttar Pradesh Scheduled Caste Finance and Development Corporation (UPSCFDC) Deoria,UPSCFDC-DEO-01,STATE_CHANNELIZING_AGENCY,Uttar Pradesh,Deoria,54123504-9d7d-4d75-9bc3-667de7c51219,Uttar Pradesh Scheduled Caste Finance and Development Corporation (UPSCFDC),MATCH_LEVEL_3,0.92,"Normalized name match with Uttar Pradesh Scheduled Caste Finance and Development Corporation (UPSCFDC) (Type: STATE_CHANNELIZING_AGENCY, State: Uttar Pradesh)"
PARTNER-UP-KUS-DIC-01,District Industries and Enterprise Promotion Centre (DIC) Kushinagar,DIC-KUS-01,DISTRICT_INDUSTRIES_CENTRE,Uttar Pradesh,Kushinagar,fd1004e3-9c38-4f44-a56c-4d0f5216b180,Directorate of Industries & Enterprise Promotion / District Industries Centre (DIC) Network,MATCH_LEVEL_4,0.88,Official alias match 'District Industries and Enterprise Promotion Centre (DIC)' -> Directorate of Industries & Enterprise Promotion / District Industries Centre (DIC) Network (Source: MSME_DIRECTORY)
PARTNER-UP-BST-DIC-01,District Industries and Enterprise Promotion Centre (DIC) Basti,DIC-BST-01,DISTRICT_INDUSTRIES_CENTRE,Uttar Pradesh,Basti,fd1004e3-9c38-4f44-a56c-4d0f5216b180,Directorate of Industries & Enterprise Promotion / District Industries Centre (DIC) Network,MATCH_LEVEL_4,0.88,Official alias match 'District Industries and Enterprise Promotion Centre (DIC)' -> Directorate of Industries & Enterprise Promotion / District Industries Centre (DIC) Network (Source: MSME_DIRECTORY)
PARTNER-UP-PRY-DIC-01,District Industries and Enterprise Promotion Centre (DIC) Prayagraj,DIC-PRY-01,DISTRICT_INDUSTRIES_CENTRE,Uttar Pradesh,Prayagraj,fd1004e3-9c38-4f44-a56c-4d0f5216b180,Directorate of Industries & Enterprise Promotion / District Industries Centre (DIC) Network,MATCH_LEVEL_4,0.88,Official alias match 'District Industries and Enterprise Promotion Centre (DIC)' -> Directorate of Industries & Enterprise Promotion / District Industries Centre (DIC) Network (Source: MSME_DIRECTORY)
PARTNER-UP-KNP-DIC-01,District Industries and Enterprise Promotion Centre (DIC) Kanpur Nagar,DIC-KNP-01,DISTRICT_INDUSTRIES_CENTRE,Uttar Pradesh,Kanpur Nagar,fd1004e3-9c38-4f44-a56c-4d0f5216b180,Directorate of Industries & Enterprise Promotion / District Industries Centre (DIC) Network,MATCH_LEVEL_4,0.88,Official alias match 'District Industries and Enterprise Promotion Centre (DIC)' -> Directorate of Industries & Enterprise Promotion / District Industries Centre (DIC) Network (Source: MSME_DIRECTORY)
a8acf321-79fc-4c4f-8625-f53474865bfc,State Bank of India (SBI) Corporate Centre,PSB-SBI-MUM-01,PSB,Maharashtra,Mumbai City,65299857-e0be-4559-af6a-ebede72a395b,State Bank of India,MATCH_LEVEL_3,0.92,"Normalized name match with State Bank of India (Type: PUBLIC_SECTOR_BANK, State: Maharashtra)"
bd179031-c8fc-4128-971f-1d1ca1ae4124,State Bank of India (SBI) Local Head Office New Delhi,PSB-SBI-NDL-01,PSB,Delhi,New Delhi,65299857-e0be-4559-af6a-ebede72a395b,State Bank of India,MATCH_LEVEL_3,0.92,"Normalized name match with State Bank of India (Type: PUBLIC_SECTOR_BANK, State: Delhi)"
291c9ff8-4923-4674-a1ad-96fa10befc1e,Punjab National Bank (PNB) Corporate Head Office,PSB-PNB-NDL-01,PSB,Delhi,South West Delhi,8343702e-7c86-4099-b951-4d8d7bceb7d2,Punjab National Bank,MATCH_LEVEL_3,0.92,"Normalized name match with Punjab National Bank (Type: PUBLIC_SECTOR_BANK, State: Delhi)"
8d5a93b3-8557-40fc-9273-7f45ed254db0,Bank of Baroda Head Office (Baroda Bhavan),PSB-BOB-BRD-01,PSB,Gujarat,Vadodara,0c6e500b-3339-4ac4-b3e5-e912298ef915,Bank of Baroda,MATCH_LEVEL_3,0.92,"Normalized name match with Bank of Baroda (Type: PUBLIC_SECTOR_BANK, State: Gujarat)"
6e673f7e-34db-4c33-9d25-1acc9131293e,Canara Bank Head Office Bengaluru,PSB-CAN-BLR-01,PSB,Karnataka,Bengaluru Urban,5a22ac6a-d382-4b44-9789-6026960971af,Canara Bank,MATCH_LEVEL_3,0.92,"Normalized name match with Canara Bank (Type: PUBLIC_SECTOR_BANK, State: Karnataka)"
3f79f6a3-4910-4755-8a65-7e0300385eaf,Union Bank of India Corporate Head Office,PSB-UBI-MUM-01,PSB,Maharashtra,Mumbai City,a391f106-5058-4b61-b176-815358c50062,Union Bank of India,MATCH_LEVEL_3,0.92,"Normalized name match with Union Bank of India (Type: PUBLIC_SECTOR_BANK, State: Maharashtra)"
55851068-928d-458d-a56e-3432a3a8e4e5,Indian Bank Corporate Head Office Chennai,PSB-INDB-CHE-01,PSB,Tamil Nadu,Chennai,373beea7-12f9-4000-8831-dc92fcdb9b58,Indian Bank,MATCH_LEVEL_3,0.92,"Normalized name match with Indian Bank (Type: PUBLIC_SECTOR_BANK, State: Tamil Nadu)"
c0d66564-e402-4c27-8540-d5ac1a42a82a,UCO Bank Head Office Kolkata,PSB-UCO-KOL-01,PSB,West Bengal,Kolkata,b995ce89-9915-4a8c-94fb-854e23ad9a1d,UCO Bank,MATCH_LEVEL_3,0.92,"Normalized name match with UCO Bank (Type: PUBLIC_SECTOR_BANK, State: West Bengal)"
2f0a574e-acc7-4398-8247-8687e140db53,Bank of Maharashtra Central Office Pune,PSB-BOM-PUN-01,PSB,Maharashtra,Pune,239975e2-2830-4a09-b2cc-b8253bc03590,Bank of Maharashtra,MATCH_LEVEL_3,0.92,"Normalized name match with Bank of Maharashtra (Type: PUBLIC_SECTOR_BANK, State: Maharashtra)"
d77b6201-e16c-48d4-8314-e34c700ebefa,Central Bank of India Corporate Office Mumbai,PSB-CBI-MUM-01,PSB,Maharashtra,Mumbai City,f21de982-9af4-4be8-b149-9482425ea313,Central Bank of India,MATCH_LEVEL_3,0.92,"Normalized name match with Central Bank of India (Type: PUBLIC_SECTOR_BANK, State: Maharashtra)"
c50302f2-bbda-4b5c-836c-6d17002f14e3,Aryavart Bank Head Office Lucknow,RRB-ARYA-LKO-01,RRB,Uttar Pradesh,Lucknow,73c56178-32de-4039-9722-616ebf12ccbc,Aryavart Bank,MATCH_LEVEL_3,0.92,"Normalized name match with Aryavart Bank (Type: REGIONAL_RURAL_BANK, State: Uttar Pradesh)"
19fb0c28-2c97-4024-aca6-6e571161bc3d,Baroda U.P. Bank Head Office Gorakhpur,RRB-BUPB-GKP-01,RRB,Uttar Pradesh,Gorakhpur,6477720f-f578-4d7c-84fd-587aaa3ca68d,Baroda U.P. Bank,MATCH_LEVEL_3,0.92,"Normalized name match with Baroda U.P. Bank (Type: REGIONAL_RURAL_BANK, State: Uttar Pradesh)"
472a9928-aaf0-41bc-b9b6-9a5f5d9dfdc9,Prathama UP Gramin Bank Head Office Moradabad,RRB-PRAT-MBD-01,RRB,Uttar Pradesh,Moradabad,a7a2dda3-20a0-47f8-a7f5-51b07f0d7ae5,Prathama U.P. Gramin Bank,MATCH_LEVEL_5,0.75,Conservative brand identifier match for 'PRATHAMA UP GRAMIN BANK' -> Prathama U.P. Gramin Bank
25ee9fd6-8642-43d4-a187-152a9c2b0c65,Maharashtra Gramin Bank Head Office Aurangabad,RRB-MGB-AUR-01,RRB,Maharashtra,Aurangabad,c180b76f-90ec-4022-8ce0-ba84b5deccc0,Maharashtra Gramin Bank,MATCH_LEVEL_3,0.92,"Normalized name match with Maharashtra Gramin Bank (Type: REGIONAL_RURAL_BANK, State: Maharashtra)"
931413ae-84b2-451f-858d-600dbf3c2ef9,Saurashtra Gramin Bank Head Office Rajkot,RRB-SGB-RJK-01,RRB,Gujarat,Rajkot,bfe051ea-dbf8-45d7-a687-daf6fb0ee0e3,Saurashtra Gramin Bank,MATCH_LEVEL_3,0.92,"Normalized name match with Saurashtra Gramin Bank (Type: REGIONAL_RURAL_BANK, State: Gujarat)"
a406c3cd-bc39-4e9f-8fe0-1da29749a481,Baroda Gujarat Gramin Bank Head Office Bharuch,RRB-BGGB-BHR-01,RRB,Gujarat,Bharuch,8d2afc9e-2265-4956-b31a-959d633c162e,Baroda Gujarat Gramin Bank,MATCH_LEVEL_3,0.92,"Normalized name match with Baroda Gujarat Gramin Bank (Type: REGIONAL_RURAL_BANK, State: Gujarat)"
ab478a69-e0e5-4d92-ab29-61f91ec5eacd,Kerala Gramin Bank Head Office Malappuram,RRB-KGB-MAL-01,RRB,Kerala,Malappuram,0d863e51-0a65-4975-a3c2-956eacc13549,Kerala Gramin Bank,MATCH_LEVEL_3,0.92,"Normalized name match with Kerala Gramin Bank (Type: REGIONAL_RURAL_BANK, State: Kerala)"
91ad1e32-7789-4b22-a4f0-a9b834d56c3e,Karnataka Vikas Grameena Bank Head Office Dharwad,RRB-KVGB-DHW-01,RRB,Karnataka,Dharwad,cf968b80-2540-4d8b-ac02-dd5fec627e1e,Karnataka Vikas Grameena Bank,MATCH_LEVEL_3,0.92,"Normalized name match with Karnataka Vikas Grameena Bank (Type: REGIONAL_RURAL_BANK, State: Karnataka)"
953a6e5c-3ec7-4be6-aee7-94b24e212778,Tamil Nadu Grama Bank Head Office Salem,RRB-TNGB-SLM-01,RRB,Tamil Nadu,Salem,adf98f8c-e1e6-4502-b783-c453f17f5054,Tamil Nadu Grama Bank,MATCH_LEVEL_3,0.92,"Normalized name match with Tamil Nadu Grama Bank (Type: REGIONAL_RURAL_BANK, State: Tamil Nadu)"
f026e577-0fe2-433e-ad3a-c2374014d1be,Paschim Banga Gramin Bank Head Office Howrah,RRB-PBGB-HWR-01,RRB,West Bengal,Howrah,83be5b43-abb3-44d9-952e-5fbcb1b84c57,Paschim Banga Gramin Bank,MATCH_LEVEL_3,0.92,"Normalized name match with Paschim Banga Gramin Bank (Type: REGIONAL_RURAL_BANK, State: West Bengal)"
f60a9362-a7a0-41a7-9c4b-bd6df37ca45c,Madhya Pradesh Gramin Bank Head Office Indore,RRB-MPGB-IDR-01,RRB,Madhya Pradesh,Indore,940123ab-fe33-4cb4-be56-6addbe89d78e,Madhya Pradesh Gramin Bank,MATCH_LEVEL_3,0.92,"Normalized name match with Madhya Pradesh Gramin Bank (Type: REGIONAL_RURAL_BANK, State: Madhya Pradesh)"
013954b9-8a2e-4f74-a538-82b40b7ce251,Sarva Haryana Gramin Bank Head Office Rohtak,RRB-SHGB-RTK-01,RRB,Haryana,Rohtak,80c64064-36b5-4e40-84ba-437c2276db47,Sarva Haryana Gramin Bank,MATCH_LEVEL_3,0.92,"Normalized name match with Sarva Haryana Gramin Bank (Type: REGIONAL_RURAL_BANK, State: Haryana)"
74de50cc-1bad-4e37-8bd7-a2e8b42d8d8f,Uttarakhand Gramin Bank Head Office Dehradun,RRB-UKGB-DDN-01,RRB,Uttarakhand,Dehradun,d7b223b5-9fdc-483b-bf5c-cff7a3c2694e,Uttarakhand Gramin Bank,MATCH_LEVEL_3,0.92,"Normalized name match with Uttarakhand Gramin Bank (Type: REGIONAL_RURAL_BANK, State: Uttarakhand)"
69c7275b-c894-41ac-af47-4dbb04a483e3,Dakshin Bihar Gramin Bank Head Office Patna,RRB-DBGB-PAT-01,RRB,Bihar,Patna,4de689ca-2163-4206-80b5-9621014eb4de,Dakshin Bihar Gramin Bank,MATCH_LEVEL_3,0.92,"Normalized name match with Dakshin Bihar Gramin Bank (Type: REGIONAL_RURAL_BANK, State: Bihar)"
b0780f09-a418-4904-9f9d-9098d235e6ef,District Industries Centre (DIC) Ahmedabad,DIC-AHM-01,DISTRICT_INDUSTRIES_CENTRE,Gujarat,Ahmedabad,fd1004e3-9c38-4f44-a56c-4d0f5216b180,Directorate of Industries & Enterprise Promotion / District Industries Centre (DIC) Network,MATCH_LEVEL_4,0.88,Official alias match 'District Industries Centre' -> Directorate of Industries & Enterprise Promotion / District Industries Centre (DIC) Network (Source: MSME_DIRECTORY)
e0b9d7a0-177e-49d4-aed9-135b67c61627,District Industries Centre (DIC) Surat,DIC-SUR-01,DISTRICT_INDUSTRIES_CENTRE,Gujarat,Surat,fd1004e3-9c38-4f44-a56c-4d0f5216b180,Directorate of Industries & Enterprise Promotion / District Industries Centre (DIC) Network,MATCH_LEVEL_4,0.88,Official alias match 'District Industries Centre' -> Directorate of Industries & Enterprise Promotion / District Industries Centre (DIC) Network (Source: MSME_DIRECTORY)
b7633fa6-9463-4167-b0d5-da1409d006eb,District Industries Centre (DIC) Pune,DIC-PUN-01,DISTRICT_INDUSTRIES_CENTRE,Maharashtra,Pune,fd1004e3-9c38-4f44-a56c-4d0f5216b180,Directorate of Industries & Enterprise Promotion / District Industries Centre (DIC) Network,MATCH_LEVEL_4,0.88,Official alias match 'District Industries Centre' -> Directorate of Industries & Enterprise Promotion / District Industries Centre (DIC) Network (Source: MSME_DIRECTORY)
890133fd-5767-4f53-bba8-e75b7cdae649,District Industries Centre (DIC) Chennai,DIC-CHE-01,DISTRICT_INDUSTRIES_CENTRE,Tamil Nadu,Chennai,fd1004e3-9c38-4f44-a56c-4d0f5216b180,Directorate of Industries & Enterprise Promotion / District Industries Centre (DIC) Network,MATCH_LEVEL_4,0.88,Official alias match 'District Industries Centre' -> Directorate of Industries & Enterprise Promotion / District Industries Centre (DIC) Network (Source: MSME_DIRECTORY)
39c193fc-57f1-441f-88d0-58ebd5f5dd22,District Industries Centre (DIC) Bhopal,DIC-BHP-01,DISTRICT_INDUSTRIES_CENTRE,Madhya Pradesh,Bhopal,fd1004e3-9c38-4f44-a56c-4d0f5216b180,Directorate of Industries & Enterprise Promotion / District Industries Centre (DIC) Network,MATCH_LEVEL_4,0.88,Official alias match 'District Industries Centre' -> Directorate of Industries & Enterprise Promotion / District Industries Centre (DIC) Network (Source: MSME_DIRECTORY)
339d5f7b-21e0-4f73-9e2b-2270302ab714,District MSME Centre / DIC Gurugram,DIC-GGN-01,DISTRICT_INDUSTRIES_CENTRE,Haryana,Gurugram,fd1004e3-9c38-4f44-a56c-4d0f5216b180,Directorate of Industries & Enterprise Promotion / District Industries Centre (DIC) Network,MATCH_LEVEL_4,0.88,Official alias match 'DIC' -> Directorate of Industries & Enterprise Promotion / District Industries Centre (DIC) Network (Source: MSME_DIRECTORY)
83ad80b2-aa7f-4ff0-a8eb-c9ac15fbad07,District Industries Centre (DIC) Kolkata / Sub-Urban,DIC-KOL-01,DISTRICT_INDUSTRIES_CENTRE,West Bengal,Kolkata,fd1004e3-9c38-4f44-a56c-4d0f5216b180,Directorate of Industries & Enterprise Promotion / District Industries Centre (DIC) Network,MATCH_LEVEL_4,0.88,Official alias match 'District Industries Centre' -> Directorate of Industries & Enterprise Promotion / District Industries Centre (DIC) Network (Source: MSME_DIRECTORY)
c5ec7432-bce5-4554-9d92-285d1d08ccdc,District Industries Centre (DIC) Dehradun,DIC-DDN-01,DISTRICT_INDUSTRIES_CENTRE,Uttarakhand,Dehradun,fd1004e3-9c38-4f44-a56c-4d0f5216b180,Directorate of Industries & Enterprise Promotion / District Industries Centre (DIC) Network,MATCH_LEVEL_4,0.88,Official alias match 'District Industries Centre' -> Directorate of Industries & Enterprise Promotion / District Industries Centre (DIC) Network (Source: MSME_DIRECTORY)
cc035016-31de-48f8-8c45-ab1b64b80fe4,District Industries Centre (DIC) Ernakulam,DIC-ERN-01,DISTRICT_INDUSTRIES_CENTRE,Kerala,Ernakulam,fd1004e3-9c38-4f44-a56c-4d0f5216b180,Directorate of Industries & Enterprise Promotion / District Industries Centre (DIC) Network,MATCH_LEVEL_4,0.88,Official alias match 'District Industries Centre' -> Directorate of Industries & Enterprise Promotion / District Industries Centre (DIC) Network (Source: MSME_DIRECTORY)
165c4ba3-2656-4780-818f-df61de0a4c53,Haryana Backward Classes and Economically Weaker Sections Kalyan Nigam (HBCKN),SCA-HBCKN-CHD-01,SCA,Haryana,Chandigarh,a7c708c3-ab05-4d04-bfca-f004244cfff9,Haryana Backward Classes and Economically Weaker Sections Kalyan Nigam (HBCKN),MATCH_LEVEL_2,0.98,Exact canonical name match: Haryana Backward Classes and Economically Weaker Sections Kalyan Nigam (HBCKN)
bf015c66-70cb-4897-a5f2-9edcf0d746a7,Gujarat Thakor and Koli Vikas Nigam,SCA-GTKVN-GND-01,SCA,Gujarat,Gandhinagar,5868dae2-9f81-4375-bb93-e9c5dcbb0ee9,Gujarat Thakor and Koli Vikas Nigam,MATCH_LEVEL_2,0.98,Exact canonical name match: Gujarat Thakor and Koli Vikas Nigam
b7733384-4a52-4b12-ba53-0181f8098fa6,Tamil Nadu Adi Dravidar Housing and Development Corporation (TAHDCO),SCA-TAHDCO-CHE-01,SCA,Tamil Nadu,Chennai,16a33b96-3fdc-41e8-a940-15de06e33fae,Tamil Nadu Adi Dravidar Housing and Development Corporation (TAHDCO),MATCH_LEVEL_2,0.98,Exact canonical name match: Tamil Nadu Adi Dravidar Housing and Development Corporation (TAHDCO)
3066c238-9e0d-4bc6-810b-2684b1d29755,Kerala State Backward Classes Development Corporation (KSBCDC),SCA-KSBCDC-TVM-01,SCA,Kerala,Thiruvananthapuram,36b51db3-6f55-40bb-9ea7-bbb5c5655e2d,Kerala State Backward Classes Development Corporation (KSBCDC),MATCH_LEVEL_2,0.98,Exact canonical name match: Kerala State Backward Classes Development Corporation (KSBCDC)
75d188ef-e8b3-4e4b-b401-3a5da0a92fb0,MP Backward Classes and Minorities Finance & Development Corporation,SCA-MPBCOBC-BHP-01,SCA,Madhya Pradesh,Bhopal,216e193b-88e7-4862-9ac3-cc521ebbbafb,MP Backward Classes and Minorities Finance & Development Corporation,MATCH_LEVEL_2,0.98,Exact canonical name match: MP Backward Classes and Minorities Finance & Development Corporation
895ee555-d7d6-4528-baa3-f2f6e65a4971,Mahatma Phule Backward Class Development Corporation Ltd (MPBCDC),SCA-MPBCDC-MUM-01,SCA,Maharashtra,Mumbai Suburban,20813592-5d2c-40f5-bdd2-640b9cb5e52a,Mahatma Phule Backward Class Development Corporation Ltd (MPBCDC),MATCH_LEVEL_2,0.98,Exact canonical name match: Mahatma Phule Backward Class Development Corporation Ltd (MPBCDC)
594d516d-41d7-4435-9ff8-255c67d599f4,"West Bengal SC, ST & OBC Development & Finance Corporation",SCA-WBSCST-KOL-01,SCA,West Bengal,North 24 Parganas,bb991e64-3ec3-4e80-b76b-0df87ed616dc,"West Bengal SC, ST & OBC Development & Finance Corporation",MATCH_LEVEL_2,0.98,"Exact canonical name match: West Bengal SC, ST & OBC Development & Finance Corporation"
e9dc42d4-3261-483d-acb5-2cfee16da6b4,District e-Governance Society / CSC Kendriya Seva Kendra Gorakhpur,CSC-DEG-GKP-01,CSC,Uttar Pradesh,Gorakhpur,55ae4f0b-468f-4a40-9d57-e2842b604079,CSC e-Governance Services India Limited,MATCH_LEVEL_4,0.88,Official alias match 'CSC' -> CSC e-Governance Services India Limited (Source: MEITY_DIRECTORY)
83e1a44f-6b62-420f-b37e-71700e5f7a97,District e-Governance Society / CSC Kendra Lucknow,CSC-DEG-LKO-01,CSC,Uttar Pradesh,Lucknow,55ae4f0b-468f-4a40-9d57-e2842b604079,CSC e-Governance Services India Limited,MATCH_LEVEL_4,0.88,Official alias match 'CSC' -> CSC e-Governance Services India Limited (Source: MEITY_DIRECTORY)
f39947ab-d137-47f3-9917-cdc83f121fe6,e-Gram / CSC Citizen Facilitation Centre Ahmedabad,CSC-DEG-AHM-01,CSC,Gujarat,Ahmedabad,55ae4f0b-468f-4a40-9d57-e2842b604079,CSC e-Governance Services India Limited,MATCH_LEVEL_4,0.88,Official alias match 'CSC' -> CSC e-Governance Services India Limited (Source: MEITY_DIRECTORY)
