partner_id,branch_name,legal_institution,institution_type,nsfdc_match,rbi_match,nabard_match,dfs_match,official_partner_match,gnpa_available,nnpa_available,overdue_available,utilization_available,profitability_available,guarantee_available,latest_reporting_period,financial_scope,match_confidence,routing_status,primary_reason
d269101c-5073-4fcd-b4cb-fa5f182989f7,ASA International Microfinance Ltd.,ASA International India Microfinance Ltd,NBFC_MFI,True,False,False,False,True,False,False,False,False,False,False,2024-03-31,INSTITUTION_LEVEL,MATCH_LEVEL_4,ROUTABLE_WITH_FINANCIAL_DATA_LIMITATION,Officially authorized implementing partner (ASA International India Microfinance Ltd). Detailed partner-level financial ledger not publicly available.
be4c480d-2aea-4e4b-b48b-a06fb425c677,AU small finance bank,AU Small Finance Bank,SMALL_FINANCE_BANK,True,False,False,False,True,False,False,False,False,False,False,2024-03-31,INSTITUTION_LEVEL,MATCH_LEVEL_2,ROUTABLE_WITH_FINANCIAL_DATA_LIMITATION,Officially authorized implementing partner (AU Small Finance Bank). Detailed partner-level financial ledger not publicly available.
afd49bd5-8539-4e70-9ce1-edffb55517a4,Andhra Pradesh Grameena Bank,Andhra Pradesh Grameena Vikas Bank,REGIONAL_RURAL_BANK,True,False,False,False,True,False,False,False,False,False,False,2024-03-31,INSTITUTION_LEVEL,MATCH_LEVEL_4,ROUTABLE_WITH_FINANCIAL_DATA_LIMITATION,Verified Net NPA satisfies applicable criteria. Live cumulative utilization and overdue status are managed internally in Ministry MIS.
5e2320dc-c748-45c4-a96a-65de1b4fac5a,Andhra Pradesh Scheduled Castes Cooperative Finance Corporation Ltd (APSCCFC),Andhra Pradesh Scheduled Castes Cooperative Finance Corporation Ltd (APSCCFC),STATE_CHANNELIZING_AGENCY,True,False,False,False,True,False,False,False,False,False,True,2025-03-31,INSTITUTION_LEVEL,MATCH_LEVEL_2,ROUTABLE_WITH_FINANCIAL_DATA_LIMITATION,Statutory State Government Corporation with verified guarantee. Partner-level live fund utilization and overdue status are not publicly verified.
67f7f12b-bd81-4bb5-9622-0eb33b3d4728,Andhra Pradesh State Financial Corporation (APSFC),Andhra Pradesh State Financial Corporation (APSFC),STATE_CHANNELIZING_AGENCY,True,False,False,False,True,False,False,False,False,False,True,2025-03-31,INSTITUTION_LEVEL,MATCH_LEVEL_2,ROUTABLE_WITH_FINANCIAL_DATA_LIMITATION,Statutory State Government Corporation with verified guarantee. Partner-level live fund utilization and overdue status are not publicly verified.
ffd17427-6d9b-4b9c-aeb6-c12ef765dadc,Anik Financial Services Private Limited,Anik Financial Services Pvt Ltd,NBFC_MFI,True,False,False,False,True,False,False,False,False,False,False,2024-03-31,INSTITUTION_LEVEL,MATCH_LEVEL_2,ROUTABLE_WITH_FINANCIAL_DATA_LIMITATION,Officially authorized implementing partner (Anik Financial Services Pvt Ltd). Detailed partner-level financial ledger not publicly available.
c50302f2-bbda-4b5c-836c-6d17002f14e3,Aryavart Bank Head Office Lucknow,Aryavart Bank,REGIONAL_RURAL_BANK,True,False,True,True,True,True,True,False,False,True,False,2025-03-31,INSTITUTION_LEVEL,MATCH_LEVEL_3,ROUTABLE_WITH_FINANCIAL_DATA_LIMITATION,Verified Net NPA satisfies applicable criteria. Live cumulative utilization and overdue status are managed internally in Ministry MIS.
6f013d2e-1fe3-44e9-ae93-085861469e37,Assam Gramin Bank,Assam Gramin Vikash Bank,REGIONAL_RURAL_BANK,True,False,False,False,True,False,False,False,False,False,False,2024-03-31,INSTITUTION_LEVEL,MATCH_LEVEL_4,ROUTABLE_WITH_FINANCIAL_DATA_LIMITATION,Verified Net NPA satisfies applicable criteria. Live cumulative utilization and overdue status are managed internally in Ministry MIS.
29590057-7353-4880-b74a-a985e2948dc6,Assam North Eastern Development Finance Corporation Ltd. (NEDFi),North Eastern Development Finance Corporation Ltd (NEDFi),STATE_CHANNELIZING_AGENCY,True,False,False,False,True,False,False,False,False,False,False,2024-03-31,INSTITUTION_LEVEL,MATCH_LEVEL_3,ROUTABLE_WITH_FINANCIAL_DATA_LIMITATION,Statutory State Government Corporation with verified guarantee. Partner-level live fund utilization and overdue status are not publicly verified.
e6764f2d-689d-45e8-b546-264c1d015b2d,Assam State Development Corporation for SCs Ltd (ASCDC),Assam State Development Corporation for SCs Ltd (ASCDC),STATE_CHANNELIZING_AGENCY,True,False,False,False,True,False,False,False,False,False,True,2025-03-31,INSTITUTION_LEVEL,MATCH_LEVEL_2,ROUTABLE_WITH_FINANCIAL_DATA_LIMITATION,Statutory State Government Corporation with verified guarantee. Partner-level live fund utilization and overdue status are not publicly verified.
5c244074-8ce0-4515-b50e-135c930bd688,Bank of Baroda,Bank of Baroda,PUBLIC_SECTOR_BANK,True,True,False,False,True,True,True,False,False,False,False,2025-03-31,INSTITUTION_LEVEL,MATCH_LEVEL_2,ROUTABLE_WITH_FINANCIAL_DATA_LIMITATION,Public Sector Bank governed by RBI Prompt Corrective Action framework. Partner-level live fund utilization and overdue status are not publicly verified.
8d5a93b3-8557-40fc-9273-7f45ed254db0,Bank of Baroda Head Office (Baroda Bhavan),Bank of Baroda,PUBLIC_SECTOR_BANK,True,True,False,False,True,True,True,False,False,False,False,2025-03-31,INSTITUTION_LEVEL,MATCH_LEVEL_3,ROUTABLE_WITH_FINANCIAL_DATA_LIMITATION,Public Sector Bank governed by RBI Prompt Corrective Action framework. Partner-level live fund utilization and overdue status are not publicly verified.
PARTNER-GKP-BOB-01,Bank of Baroda MSME Branch Gorakhpur,Bank of Baroda,PUBLIC_SECTOR_BANK,True,True,False,False,True,True,True,False,False,False,False,2025-03-31,INSTITUTION_LEVEL,MATCH_LEVEL_3,ROUTABLE_WITH_FINANCIAL_DATA_LIMITATION,Public Sector Bank governed by RBI Prompt Corrective Action framework. Partner-level live fund utilization and overdue status are not publicly verified.
38554178-24fd-4b53-bc84-a1e24d50b093,Bank of India,Bank of India,PUBLIC_SECTOR_BANK,True,True,False,False,True,True,True,False,False,False,False,2025-03-31,INSTITUTION_LEVEL,MATCH_LEVEL_2,ROUTABLE_WITH_FINANCIAL_DATA_LIMITATION,Public Sector Bank governed by RBI Prompt Corrective Action framework. Partner-level live fund utilization and overdue status are not publicly verified.
2f0a574e-acc7-4398-8247-8687e140db53,Bank of Maharashtra Central Office Pune,Bank of Maharashtra,PUBLIC_SECTOR_BANK,True,True,False,False,True,True,True,False,False,False,False,2025-03-31,INSTITUTION_LEVEL,MATCH_LEVEL_3,ROUTABLE_WITH_FINANCIAL_DATA_LIMITATION,Public Sector Bank governed by RBI Prompt Corrective Action framework. Partner-level live fund utilization and overdue status are not publicly verified.
38a644ee-3ee3-41dd-b8d9-710f4924635e,Bank of Maharashtra No.254-260,Bank of Maharashtra,PUBLIC_SECTOR_BANK,True,True,False,False,True,True,True,False,False,False,False,2025-03-31,INSTITUTION_LEVEL,MATCH_LEVEL_3,ROUTABLE_WITH_FINANCIAL_DATA_LIMITATION,Public Sector Bank governed by RBI Prompt Corrective Action framework. Partner-level live fund utilization and overdue status are not publicly verified.
a406c3cd-bc39-4e9f-8fe0-1da29749a481,Baroda Gujarat Gramin Bank Head Office Bharuch,Baroda Gujarat Gramin Bank,REGIONAL_RURAL_BANK,True,False,True,True,True,True,True,False,False,True,False,2025-03-31,INSTITUTION_LEVEL,MATCH_LEVEL_3,ROUTABLE_WITH_FINANCIAL_DATA_LIMITATION,Verified Net NPA satisfies applicable criteria. Live cumulative utilization and overdue status are managed internally in Ministry MIS.
19fb0c28-2c97-4024-aca6-6e571161bc3d,Baroda U.P. Bank Head Office Gorakhpur,Baroda U.P. Bank,REGIONAL_RURAL_BANK,True,False,True,True,True,True,True,False,False,True,False,2025-03-31,INSTITUTION_LEVEL,MATCH_LEVEL_3,ROUTABLE_WITH_FINANCIAL_DATA_LIMITATION,Verified Net NPA satisfies applicable criteria. Live cumulative utilization and overdue status are managed internally in Ministry MIS.
176c9127-6440-40f2-9461-57d84448e38f,Bihar Gramin Bank,Bihar Gramin Bank,REGIONAL_RURAL_BANK,True,False,False,False,True,False,False,False,False,False,False,2024-03-31,INSTITUTION_LEVEL,MATCH_LEVEL_2,ROUTABLE_WITH_FINANCIAL_DATA_LIMITATION,Verified Net NPA satisfies applicable criteria. Live cumulative utilization and overdue status are managed internally in Ministry MIS.
6f90ae66-6b82-49eb-841f-673d8d6b16f5,Bihar State SCs Co-operative Development Corporation Ltd (BSSCCDC),Bihar State SCs Co-operative Development Corporation Ltd (BSSCCDC),STATE_CHANNELIZING_AGENCY,True,False,False,False,True,False,False,False,False,False,True,2025-03-31,INSTITUTION_LEVEL,MATCH_LEVEL_2,ROUTABLE_WITH_FINANCIAL_DATA_LIMITATION,Statutory State Government Corporation with verified guarantee. Partner-level live fund utilization and overdue status are not publicly verified.
2790fa95-688e-400f-a3d4-58f7a2225bee,Canara Bank,Canara Bank,PUBLIC_SECTOR_BANK,True,True,False,False,True,True,True,False,False,False,False,2025-03-31,INSTITUTION_LEVEL,MATCH_LEVEL_2,ROUTABLE_WITH_FINANCIAL_DATA_LIMITATION,Public Sector Bank governed by RBI Prompt Corrective Action framework. Partner-level live fund utilization and overdue status are not publicly verified.
6e673f7e-34db-4c33-9d25-1acc9131293e,Canara Bank Head Office Bengaluru,Canara Bank,PUBLIC_SECTOR_BANK,True,True,False,False,True,True,True,False,False,False,False,2025-03-31,INSTITUTION_LEVEL,MATCH_LEVEL_3,ROUTABLE_WITH_FINANCIAL_DATA_LIMITATION,Public Sector Bank governed by RBI Prompt Corrective Action framework. Partner-level live fund utilization and overdue status are not publicly verified.
PARTNER-GKP-CNRB-01,Canara Bank MSME Sulabh Branch Gorakhpur,Canara Bank,PUBLIC_SECTOR_BANK,True,True,False,False,True,True,True,False,False,False,False,2025-03-31,INSTITUTION_LEVEL,MATCH_LEVEL_3,ROUTABLE_WITH_FINANCIAL_DATA_LIMITATION,Public Sector Bank governed by RBI Prompt Corrective Action framework. Partner-level live fund utilization and overdue status are not publicly verified.
d77b6201-e16c-48d4-8314-e34c700ebefa,Central Bank of India Corporate Office Mumbai,Central Bank of India,PUBLIC_SECTOR_BANK,True,True,False,False,True,True,True,False,False,False,False,2025-03-31,INSTITUTION_LEVEL,MATCH_LEVEL_3,ROUTABLE_WITH_FINANCIAL_DATA_LIMITATION,Public Sector Bank governed by RBI Prompt Corrective Action framework. Partner-level live fund utilization and overdue status are not publicly verified.
PARTNER-GKP-CBI-01,Central Bank of India Main Branch Gorakhpur,Central Bank of India,PUBLIC_SECTOR_BANK,True,True,False,False,True,True,True,False,False,False,False,2025-03-31,INSTITUTION_LEVEL,MATCH_LEVEL_3,ROUTABLE_WITH_FINANCIAL_DATA_LIMITATION,Public Sector Bank governed by RBI Prompt Corrective Action framework. Partner-level live fund utilization and overdue status are not publicly verified.
685d60bd-a6f8-49c2-8809-17a261eea094,Central bank Of India,Central Bank of India,PUBLIC_SECTOR_BANK,True,True,False,False,True,True,True,False,False,False,False,2025-03-31,INSTITUTION_LEVEL,MATCH_LEVEL_2,ROUTABLE_WITH_FINANCIAL_DATA_LIMITATION,Public Sector Bank governed by RBI Prompt Corrective Action framework. Partner-level live fund utilization and overdue status are not publicly verified.
073c0a06-889f-4693-9213-751c6cdf7d38,"Chandigarh SCs, BCs & Minorities Financial & Development Corporation Ltd (CSCFDC)","Chandigarh SCs, BCs & Minorities Financial & Development Corporation Ltd (CSCFDC)",STATE_CHANNELIZING_AGENCY,True,False,False,False,True,False,False,False,False,False,True,2025-03-31,INSTITUTION_LEVEL,MATCH_LEVEL_2,ROUTABLE_WITH_FINANCIAL_DATA_LIMITATION,Statutory State Government Corporation with verified guarantee. Partner-level live fund utilization and overdue status are not publicly verified.
f662769c-9303-4a48-95df-8c3605a2b891,Chhattisgarh Gramin Bank,Chhattisgarh Rajya Gramin Bank,REGIONAL_RURAL_BANK,True,False,False,False,True,False,False,False,False,False,False,2024-03-31,INSTITUTION_LEVEL,MATCH_LEVEL_4,ROUTABLE_WITH_FINANCIAL_DATA_LIMITATION,Verified Net NPA satisfies applicable criteria. Live cumulative utilization and overdue status are managed internally in Ministry MIS.
20ff119a-fcb6-407d-9c86-25e2670438d1,Chhattisgarh Rajya Antyavasayee Sahakari Vitta Evam Vikas Nigam,UNMATCHED,STATE_CHANNELIZING_AGENCY,True,False,False,False,False,False,False,False,False,False,False,NOT_AVAILABLE,NOT_AVAILABLE,UNMATCHED,ROUTABLE_WITH_FINANCIAL_DATA_LIMITATION,Statutory implementing partner. Canonical institutional entity match confidence is below safety threshold; zero official financial observations attached.
9381f6c7-d2d8-435e-a320-731879b5590e,Complex,UNMATCHED,REGIONAL_RURAL_BANK,True,False,False,False,False,False,False,False,False,False,False,NOT_AVAILABLE,NOT_AVAILABLE,UNMATCHED,ROUTABLE_WITH_FINANCIAL_DATA_LIMITATION,Statutory implementing partner. Canonical institutional entity match confidence is below safety threshold; zero official financial observations attached.
ac20c956-fb25-43bc-8f1d-44decf194c8d,Dadra & Nagar Haveli SC/ST/OBC Financial & Development Corporation,UNMATCHED,STATE_CHANNELIZING_AGENCY,True,False,False,False,False,False,False,False,False,False,False,NOT_AVAILABLE,NOT_AVAILABLE,UNMATCHED,ROUTABLE_WITH_FINANCIAL_DATA_LIMITATION,Statutory implementing partner. Canonical institutional entity match confidence is below safety threshold; zero official financial observations attached.
69c7275b-c894-41ac-af47-4dbb04a483e3,Dakshin Bihar Gramin Bank Head Office Patna,Dakshin Bihar Gramin Bank,REGIONAL_RURAL_BANK,True,False,True,True,True,True,True,False,False,True,False,2025-03-31,INSTITUTION_LEVEL,MATCH_LEVEL_3,ROUTABLE_WITH_FINANCIAL_DATA_LIMITATION,Verified Net NPA satisfies applicable criteria. Live cumulative utilization and overdue status are managed internally in Ministry MIS.
189b1288-c344-413b-9ba0-48286c277234,Delhi SC/ST/OBC/Minorities & Handicapped Financial & Development Corporation (DSFDC),Delhi SC/ST/OBC/Minorities & Handicapped Financial & Development Corporation (DSFDC),STATE_CHANNELIZING_AGENCY,True,False,False,False,True,False,False,False,False,False,True,2025-03-31,INSTITUTION_LEVEL,MATCH_LEVEL_2,ROUTABLE_WITH_FINANCIAL_DATA_LIMITATION,Statutory State Government Corporation with verified guarantee. Partner-level live fund utilization and overdue status are not publicly verified.
b0780f09-a418-4904-9f9d-9098d235e6ef,District Industries Centre (DIC) Ahmedabad,Directorate of Industries & Enterprise Promotion / District Industries Centre (DIC) Network,DISTRICT_INDUSTRIES_CENTRE,True,False,False,False,True,False,False,False,False,False,False,2024-03-31,INSTITUTION_LEVEL,MATCH_LEVEL_4,ROUTABLE_WITH_FINANCIAL_DATA_LIMITATION,Officially authorized implementing partner (Directorate of Industries & Enterprise Promotion / District Industries Centre (DIC) Network). Detailed partner-level financial ledger not publicly available.
39c193fc-57f1-441f-88d0-58ebd5f5dd22,District Industries Centre (DIC) Bhopal,Directorate of Industries & Enterprise Promotion / District Industries Centre (DIC) Network,DISTRICT_INDUSTRIES_CENTRE,True,False,False,False,True,False,False,False,False,False,False,2024-03-31,INSTITUTION_LEVEL,MATCH_LEVEL_4,ROUTABLE_WITH_FINANCIAL_DATA_LIMITATION,Officially authorized implementing partner (Directorate of Industries & Enterprise Promotion / District Industries Centre (DIC) Network). Detailed partner-level financial ledger not publicly available.
890133fd-5767-4f53-bba8-e75b7cdae649,District Industries Centre (DIC) Chennai,Directorate of Industries & Enterprise Promotion / District Industries Centre (DIC) Network,DISTRICT_INDUSTRIES_CENTRE,True,False,False,False,True,False,False,False,False,False,False,2024-03-31,INSTITUTION_LEVEL,MATCH_LEVEL_4,ROUTABLE_WITH_FINANCIAL_DATA_LIMITATION,Officially authorized implementing partner (Directorate of Industries & Enterprise Promotion / District Industries Centre (DIC) Network). Detailed partner-level financial ledger not publicly available.
c5ec7432-bce5-4554-9d92-285d1d08ccdc,District Industries Centre (DIC) Dehradun,Directorate of Industries & Enterprise Promotion / District Industries Centre (DIC) Network,DISTRICT_INDUSTRIES_CENTRE,True,False,False,False,True,False,False,False,False,False,False,2024-03-31,INSTITUTION_LEVEL,MATCH_LEVEL_4,ROUTABLE_WITH_FINANCIAL_DATA_LIMITATION,Officially authorized implementing partner (Directorate of Industries & Enterprise Promotion / District Industries Centre (DIC) Network). Detailed partner-level financial ledger not publicly available.
cc035016-31de-48f8-8c45-ab1b64b80fe4,District Industries Centre (DIC) Ernakulam,Directorate of Industries & Enterprise Promotion / District Industries Centre (DIC) Network,DISTRICT_INDUSTRIES_CENTRE,True,False,False,False,True,False,False,False,False,False,False,2024-03-31,INSTITUTION_LEVEL,MATCH_LEVEL_4,ROUTABLE_WITH_FINANCIAL_DATA_LIMITATION,Officially authorized implementing partner (Directorate of Industries & Enterprise Promotion / District Industries Centre (DIC) Network). Detailed partner-level financial ledger not publicly available.
83ad80b2-aa7f-4ff0-a8eb-c9ac15fbad07,District Industries Centre (DIC) Kolkata / Sub-Urban,Directorate of Industries & Enterprise Promotion / District Industries Centre (DIC) Network,DISTRICT_INDUSTRIES_CENTRE,True,False,False,False,True,False,False,False,False,False,False,2024-03-31,INSTITUTION_LEVEL,MATCH_LEVEL_4,ROUTABLE_WITH_FINANCIAL_DATA_LIMITATION,Officially authorized implementing partner (Directorate of Industries & Enterprise Promotion / District Industries Centre (DIC) Network). Detailed partner-level financial ledger not publicly available.
b7633fa6-9463-4167-b0d5-da1409d006eb,District Industries Centre (DIC) Pune,Directorate of Industries & Enterprise Promotion / District Industries Centre (DIC) Network,DISTRICT_INDUSTRIES_CENTRE,True,False,False,False,True,False,False,False,False,False,False,2024-03-31,INSTITUTION_LEVEL,MATCH_LEVEL_4,ROUTABLE_WITH_FINANCIAL_DATA_LIMITATION,Officially authorized implementing partner (Directorate of Industries & Enterprise Promotion / District Industries Centre (DIC) Network). Detailed partner-level financial ledger not publicly available.
e0b9d7a0-177e-49d4-aed9-135b67c61627,District Industries Centre (DIC) Surat,Directorate of Industries & Enterprise Promotion / District Industries Centre (DIC) Network,DISTRICT_INDUSTRIES_CENTRE,True,False,False,False,True,False,False,False,False,False,False,2024-03-31,INSTITUTION_LEVEL,MATCH_LEVEL_4,ROUTABLE_WITH_FINANCIAL_DATA_LIMITATION,Officially authorized implementing partner (Directorate of Industries & Enterprise Promotion / District Industries Centre (DIC) Network). Detailed partner-level financial ledger not publicly available.
PARTNER-UP-BST-DIC-01,District Industries and Enterprise Promotion Centre (DIC) Basti,Directorate of Industries & Enterprise Promotion / District Industries Centre (DIC) Network,DISTRICT_INDUSTRIES_CENTRE,True,False,False,False,True,False,False,False,False,False,False,2024-03-31,INSTITUTION_LEVEL,MATCH_LEVEL_4,ROUTABLE_WITH_FINANCIAL_DATA_LIMITATION,Officially authorized implementing partner (Directorate of Industries & Enterprise Promotion / District Industries Centre (DIC) Network). Detailed partner-level financial ledger not publicly available.
PARTNER-UP-DEO-DIC-01,District Industries and Enterprise Promotion Centre (DIC) Deoria,Directorate of Industries & Enterprise Promotion / District Industries Centre (DIC) Network,DISTRICT_INDUSTRIES_CENTRE,True,False,False,False,True,False,False,False,False,False,False,2024-03-31,INSTITUTION_LEVEL,MATCH_LEVEL_4,ROUTABLE_WITH_FINANCIAL_DATA_LIMITATION,Officially authorized implementing partner (Directorate of Industries & Enterprise Promotion / District Industries Centre (DIC) Network). Detailed partner-level financial ledger not publicly available.
PARTNER-GKP-DIC-01,District Industries and Enterprise Promotion Centre (DIC) Gorakhpur,Directorate of Industries & Enterprise Promotion / District Industries Centre (DIC) Network,DISTRICT_INDUSTRIES_CENTRE,True,False,False,False,True,False,False,False,False,False,False,2024-03-31,INSTITUTION_LEVEL,MATCH_LEVEL_4,ROUTABLE_WITH_FINANCIAL_DATA_LIMITATION,Officially authorized implementing partner (Directorate of Industries & Enterprise Promotion / District Industries Centre (DIC) Network). Detailed partner-level financial ledger not publicly available.
PARTNER-UP-KNP-DIC-01,District Industries and Enterprise Promotion Centre (DIC) Kanpur Nagar,Directorate of Industries & Enterprise Promotion / District Industries Centre (DIC) Network,DISTRICT_INDUSTRIES_CENTRE,True,False,False,False,True,False,False,False,False,False,False,2024-03-31,INSTITUTION_LEVEL,MATCH_LEVEL_4,ROUTABLE_WITH_FINANCIAL_DATA_LIMITATION,Officially authorized implementing partner (Directorate of Industries & Enterprise Promotion / District Industries Centre (DIC) Network). Detailed partner-level financial ledger not publicly available.
PARTNER-UP-KUS-DIC-01,District Industries and Enterprise Promotion Centre (DIC) Kushinagar,Directorate of Industries & Enterprise Promotion / District Industries Centre (DIC) Network,DISTRICT_INDUSTRIES_CENTRE,True,False,False,False,True,False,False,False,False,False,False,2024-03-31,INSTITUTION_LEVEL,MATCH_LEVEL_4,ROUTABLE_WITH_FINANCIAL_DATA_LIMITATION,Officially authorized implementing partner (Directorate of Industries & Enterprise Promotion / District Industries Centre (DIC) Network). Detailed partner-level financial ledger not publicly available.
PARTNER-UP-LKO-DIC-01,District Industries and Enterprise Promotion Centre (DIC) Lucknow,Directorate of Industries & Enterprise Promotion / District Industries Centre (DIC) Network,DISTRICT_INDUSTRIES_CENTRE,True,False,False,False,True,False,False,False,False,False,False,2024-03-31,INSTITUTION_LEVEL,MATCH_LEVEL_4,ROUTABLE_WITH_FINANCIAL_DATA_LIMITATION,Officially authorized implementing partner (Directorate of Industries & Enterprise Promotion / District Industries Centre (DIC) Network). Detailed partner-level financial ledger not publicly available.
PARTNER-UP-PRY-DIC-01,District Industries and Enterprise Promotion Centre (DIC) Prayagraj,Directorate of Industries & Enterprise Promotion / District Industries Centre (DIC) Network,DISTRICT_INDUSTRIES_CENTRE,True,False,False,False,True,False,False,False,False,False,False,2024-03-31,INSTITUTION_LEVEL,MATCH_LEVEL_4,ROUTABLE_WITH_FINANCIAL_DATA_LIMITATION,Officially authorized implementing partner (Directorate of Industries & Enterprise Promotion / District Industries Centre (DIC) Network). Detailed partner-level financial ledger not publicly available.
PARTNER-UP-VNS-DIC-01,District Industries and Enterprise Promotion Centre (DIC) Varanasi,Directorate of Industries & Enterprise Promotion / District Industries Centre (DIC) Network,DISTRICT_INDUSTRIES_CENTRE,True,False,False,False,True,False,False,False,False,False,False,2024-03-31,INSTITUTION_LEVEL,MATCH_LEVEL_4,ROUTABLE_WITH_FINANCIAL_DATA_LIMITATION,Officially authorized implementing partner (Directorate of Industries & Enterprise Promotion / District Industries Centre (DIC) Network). Detailed partner-level financial ledger not publicly available.
339d5f7b-21e0-4f73-9e2b-2270302ab714,District MSME Centre / DIC Gurugram,Directorate of Industries & Enterprise Promotion / District Industries Centre (DIC) Network,DISTRICT_INDUSTRIES_CENTRE,True,False,False,False,True,False,False,False,False,False,False,2024-03-31,INSTITUTION_LEVEL,MATCH_LEVEL_4,ROUTABLE_WITH_FINANCIAL_DATA_LIMITATION,Officially authorized implementing partner (Directorate of Industries & Enterprise Promotion / District Industries Centre (DIC) Network). Detailed partner-level financial ledger not publicly available.
83e1a44f-6b62-420f-b37e-71700e5f7a97,District e-Governance Society / CSC Kendra Lucknow,CSC e-Governance Services India Limited,COMMON_SERVICES_CENTRE,True,False,False,False,True,False,False,False,False,False,False,2024-03-31,INSTITUTION_LEVEL,MATCH_LEVEL_4,ROUTABLE_WITH_FINANCIAL_DATA_LIMITATION,Officially authorized implementing partner (CSC e-Governance Services India Limited). Detailed partner-level financial ledger not publicly available.
e9dc42d4-3261-483d-acb5-2cfee16da6b4,District e-Governance Society / CSC Kendriya Seva Kendra Gorakhpur,CSC e-Governance Services India Limited,COMMON_SERVICES_CENTRE,True,False,False,False,True,False,False,False,False,False,False,2024-03-31,INSTITUTION_LEVEL,MATCH_LEVEL_4,ROUTABLE_WITH_FINANCIAL_DATA_LIMITATION,Officially authorized implementing partner (CSC e-Governance Services India Limited). Detailed partner-level financial ledger not publicly available.
8614d134-c945-455f-a10f-52faaf4528d6,Goa State SCs & OBCs Finance & Development Corporation Ltd,UNMATCHED,STATE_CHANNELIZING_AGENCY,True,False,False,False,False,False,False,False,False,False,False,NOT_AVAILABLE,NOT_AVAILABLE,UNMATCHED,ROUTABLE_WITH_FINANCIAL_DATA_LIMITATION,Statutory implementing partner. Canonical institutional entity match confidence is below safety threshold; zero official financial observations attached.
86c52401-df0c-4361-8cff-e658db2a9c86,Grameen Development & Finance Regd.Office: ‘Sahyadri Building” Private Limited,Grameen Development & Finance Pvt Ltd,NBFC_MFI,True,False,False,False,True,False,False,False,False,False,False,2024-03-31,INSTITUTION_LEVEL,MATCH_LEVEL_3,ROUTABLE_WITH_FINANCIAL_DATA_LIMITATION,Officially authorized implementing partner (Grameen Development & Finance Pvt Ltd). Detailed partner-level financial ledger not publicly available.
aab58822-6a2a-4e27-a6c5-17db9d5d9bf1,Gujarat Backward Classes Development Corporation (GBCC),UNMATCHED,STATE_CHANNELIZING_AGENCY,True,False,False,False,False,False,False,False,False,False,False,NOT_AVAILABLE,NOT_AVAILABLE,UNMATCHED,ROUTABLE_WITH_FINANCIAL_DATA_LIMITATION,Statutory implementing partner. Canonical institutional entity match confidence is below safety threshold; zero official financial observations attached.
cb7c564b-c5ef-4fff-a75c-bfbc7983c361,Gujarat Dr. Ambedkar Antyodaya Vikas Nigam,UNMATCHED,STATE_CHANNELIZING_AGENCY,True,False,False,False,False,False,False,False,False,False,False,NOT_AVAILABLE,NOT_AVAILABLE,UNMATCHED,ROUTABLE_WITH_FINANCIAL_DATA_LIMITATION,Statutory implementing partner. Canonical institutional entity match confidence is below safety threshold; zero official financial observations attached.
f47cb8f9-21b8-4d27-8491-1e24df1d7532,Gujarat Gramin Bank,Baroda Gujarat Gramin Bank,REGIONAL_RURAL_BANK,True,False,True,True,True,True,True,False,False,True,False,2025-03-31,INSTITUTION_LEVEL,MATCH_LEVEL_3,ROUTABLE_WITH_FINANCIAL_DATA_LIMITATION,Verified Net NPA satisfies applicable criteria. Live cumulative utilization and overdue status are managed internally in Ministry MIS.
bf015c66-70cb-4897-a5f2-9edcf0d746a7,Gujarat Thakor and Koli Vikas Nigam,Gujarat Thakor and Koli Vikas Nigam,STATE_CHANNELIZING_AGENCY,True,False,False,False,True,False,False,False,False,False,True,2025-03-31,INSTITUTION_LEVEL,MATCH_LEVEL_2,ROUTABLE_WITH_FINANCIAL_DATA_LIMITATION,Statutory State Government Corporation with verified guarantee. Partner-level live fund utilization and overdue status are not publicly verified.
165c4ba3-2656-4780-818f-df61de0a4c53,Haryana Backward Classes and Economically Weaker Sections Kalyan Nigam (HBCKN),Haryana Backward Classes and Economically Weaker Sections Kalyan Nigam (HBCKN),STATE_CHANNELIZING_AGENCY,True,False,False,False,True,False,False,False,False,False,True,2025-03-31,INSTITUTION_LEVEL,MATCH_LEVEL_2,ROUTABLE_WITH_FINANCIAL_DATA_LIMITATION,Statutory State Government Corporation with verified guarantee. Partner-level live fund utilization and overdue status are not publicly verified.
cc8d994c-c55f-4332-913b-d5f6572be3be,Haryana Gramin Bank,Sarva Haryana Gramin Bank,REGIONAL_RURAL_BANK,True,False,True,True,True,True,True,False,False,True,False,2025-03-31,INSTITUTION_LEVEL,MATCH_LEVEL_3,ROUTABLE_WITH_FINANCIAL_DATA_LIMITATION,Verified Net NPA satisfies applicable criteria. Live cumulative utilization and overdue status are managed internally in Ministry MIS.
770c5734-6c1a-4bbb-8f19-8514566ca5d3,Haryana Scheduled Castes Finance & Development Corporation (HSCFDC),UNMATCHED,STATE_CHANNELIZING_AGENCY,True,False,False,False,False,False,False,False,False,False,False,NOT_AVAILABLE,NOT_AVAILABLE,UNMATCHED,ROUTABLE_WITH_FINANCIAL_DATA_LIMITATION,Statutory implementing partner. Canonical institutional entity match confidence is below safety threshold; zero official financial observations attached.
58487a38-6433-4c77-81c6-f8ab3b8ce1ac,Himachal Pradesh Gramin Bank,Himachal Pradesh Gramin Bank,REGIONAL_RURAL_BANK,True,False,False,False,True,False,False,False,False,False,False,2024-03-31,INSTITUTION_LEVEL,MATCH_LEVEL_2,ROUTABLE_WITH_FINANCIAL_DATA_LIMITATION,Verified Net NPA satisfies applicable criteria. Live cumulative utilization and overdue status are managed internally in Ministry MIS.
52e9ebf5-1da3-4d64-a4d4-dfe3172aa4c9,Himachal Pradesh SCs & STs Development Corporation,UNMATCHED,STATE_CHANNELIZING_AGENCY,True,False,False,False,False,False,False,False,False,False,False,NOT_AVAILABLE,NOT_AVAILABLE,UNMATCHED,ROUTABLE_WITH_FINANCIAL_DATA_LIMITATION,Statutory implementing partner. Canonical institutional entity match confidence is below safety threshold; zero official financial observations attached.
55851068-928d-458d-a56e-3432a3a8e4e5,Indian Bank Corporate Head Office Chennai,Indian Bank,PUBLIC_SECTOR_BANK,True,True,False,False,True,True,True,False,False,False,False,2025-03-31,INSTITUTION_LEVEL,MATCH_LEVEL_3,ROUTABLE_WITH_FINANCIAL_DATA_LIMITATION,Public Sector Bank governed by RBI Prompt Corrective Action framework. Partner-level live fund utilization and overdue status are not publicly verified.
3414ceb1-e997-485e-843a-4d15ec6215f5,Indian Bank Corporate Office,Indian Bank,PUBLIC_SECTOR_BANK,True,True,False,False,True,True,True,False,False,False,False,2025-03-31,INSTITUTION_LEVEL,MATCH_LEVEL_3,ROUTABLE_WITH_FINANCIAL_DATA_LIMITATION,Public Sector Bank governed by RBI Prompt Corrective Action framework. Partner-level live fund utilization and overdue status are not publicly verified.
PARTNER-GKP-IB-01,Indian Bank Main Branch Gorakhpur,Indian Bank,PUBLIC_SECTOR_BANK,True,True,False,False,True,True,True,False,False,False,False,2025-03-31,INSTITUTION_LEVEL,MATCH_LEVEL_3,ROUTABLE_WITH_FINANCIAL_DATA_LIMITATION,Public Sector Bank governed by RBI Prompt Corrective Action framework. Partner-level live fund utilization and overdue status are not publicly verified.
87abb5d7-3ef5-4af8-b24e-0f53e22754ec,Indian Overseas Bank,Indian Overseas Bank,PUBLIC_SECTOR_BANK,True,True,False,False,True,True,True,False,False,False,False,2025-03-31,INSTITUTION_LEVEL,MATCH_LEVEL_2,ROUTABLE_WITH_FINANCIAL_DATA_LIMITATION,Public Sector Bank governed by RBI Prompt Corrective Action framework. Partner-level live fund utilization and overdue status are not publicly verified.
28f208ea-a70a-49dd-910e-4b9ea8d9e083,J&K Grameen Bank M.T.C Building,Jammu & Kashmir Grameen Bank,REGIONAL_RURAL_BANK,True,False,False,False,True,False,False,False,False,False,False,2024-03-31,INSTITUTION_LEVEL,MATCH_LEVEL_4,ROUTABLE_WITH_FINANCIAL_DATA_LIMITATION,Verified Net NPA satisfies applicable criteria. Live cumulative utilization and overdue status are managed internally in Ministry MIS.
e1cc87cf-d86f-4e7d-80fa-385d728a5162,Jammu & J&K SCs,UNMATCHED,STATE_CHANNELIZING_AGENCY,True,False,False,False,False,False,False,False,False,False,False,NOT_AVAILABLE,NOT_AVAILABLE,UNMATCHED,ROUTABLE_WITH_FINANCIAL_DATA_LIMITATION,Statutory implementing partner. Canonical institutional entity match confidence is below safety threshold; zero official financial observations attached.
e5ac60bc-a632-4eee-8aba-855547cd0822,Jharkhand Gramin Bank,Jharkhand Rajya Gramin Bank,REGIONAL_RURAL_BANK,True,False,False,False,True,False,False,False,False,False,False,2024-03-31,INSTITUTION_LEVEL,MATCH_LEVEL_4,ROUTABLE_WITH_FINANCIAL_DATA_LIMITATION,Verified Net NPA satisfies applicable criteria. Live cumulative utilization and overdue status are managed internally in Ministry MIS.
b074d6cf-82f0-40e8-be0b-a669ca419b33,Jharkhand Jharkhand Silk Textile & Handicraft Development Corporation Ltd.,Jharkhand Silk Textile & Handicraft Development Corporation Ltd (JHARCRAFT),STATE_CHANNELIZING_AGENCY,True,False,False,False,True,False,False,False,False,False,False,2024-03-31,INSTITUTION_LEVEL,MATCH_LEVEL_4,ROUTABLE_WITH_FINANCIAL_DATA_LIMITATION,Statutory State Government Corporation with verified guarantee. Partner-level live fund utilization and overdue status are not publicly verified.
1ceb05db-1433-467a-b926-ec06038ad405,Jharkhand Jharkhand State Scheduled Kalyan Complex,UNMATCHED,STATE_CHANNELIZING_AGENCY,True,False,False,False,False,False,False,False,False,False,False,NOT_AVAILABLE,NOT_AVAILABLE,UNMATCHED,ROUTABLE_WITH_FINANCIAL_DATA_LIMITATION,Statutory implementing partner. Canonical institutional entity match confidence is below safety threshold; zero official financial observations attached.
98a9bb95-383b-4ecb-9aed-a019de786fee,Karnataka Dr B. R. Ambedkar Development 9th & 10th Floor,UNMATCHED,STATE_CHANNELIZING_AGENCY,True,False,False,False,False,False,False,False,False,False,False,NOT_AVAILABLE,NOT_AVAILABLE,UNMATCHED,ROUTABLE_WITH_FINANCIAL_DATA_LIMITATION,Statutory implementing partner. Canonical institutional entity match confidence is below safety threshold; zero official financial observations attached.
bb7c9f36-0a4c-4814-b3c1-0250b9366f85,Karnataka Grameena Bank,Karnataka Gramin Bank,REGIONAL_RURAL_BANK,True,False,True,True,True,True,True,False,False,True,False,2025-03-31,INSTITUTION_LEVEL,MATCH_LEVEL_4,ROUTABLE_WITH_FINANCIAL_DATA_LIMITATION,Verified Net NPA satisfies applicable criteria. Live cumulative utilization and overdue status are managed internally in Ministry MIS.
91ad1e32-7789-4b22-a4f0-a9b834d56c3e,Karnataka Vikas Grameena Bank Head Office Dharwad,Karnataka Vikas Grameena Bank,REGIONAL_RURAL_BANK,True,False,True,True,True,True,True,False,False,True,False,2025-03-31,INSTITUTION_LEVEL,MATCH_LEVEL_3,ROUTABLE_WITH_FINANCIAL_DATA_LIMITATION,Verified Net NPA satisfies applicable criteria. Live cumulative utilization and overdue status are managed internally in Ministry MIS.
50c70175-3553-445b-9578-6a680c67aff9,Kerala Grameena Bank,Kerala Gramin Bank,REGIONAL_RURAL_BANK,True,False,True,True,True,True,True,False,False,True,False,2025-03-31,INSTITUTION_LEVEL,MATCH_LEVEL_4,ROUTABLE_WITH_FINANCIAL_DATA_LIMITATION,Verified Net NPA satisfies applicable criteria. Live cumulative utilization and overdue status are managed internally in Ministry MIS.
ab478a69-e0e5-4d92-ab29-61f91ec5eacd,Kerala Gramin Bank Head Office Malappuram,Kerala Gramin Bank,REGIONAL_RURAL_BANK,True,False,True,True,True,True,True,False,False,True,False,2025-03-31,INSTITUTION_LEVEL,MATCH_LEVEL_3,ROUTABLE_WITH_FINANCIAL_DATA_LIMITATION,Verified Net NPA satisfies applicable criteria. Live cumulative utilization and overdue status are managed internally in Ministry MIS.
58bcc34e-99f9-41fe-9c7d-38b500334510,Kerala Kerala State Development Town Hall Road,UNMATCHED,STATE_CHANNELIZING_AGENCY,True,False,False,False,False,False,False,False,False,False,False,NOT_AVAILABLE,NOT_AVAILABLE,UNMATCHED,ROUTABLE_WITH_FINANCIAL_DATA_LIMITATION,Statutory implementing partner. Canonical institutional entity match confidence is below safety threshold; zero official financial observations attached.
2912fea1-7ade-4718-ae60-8fc9f81b4a1f,Kerala Kerala State Women's 1st Floor,UNMATCHED,STATE_CHANNELIZING_AGENCY,True,False,False,False,False,False,False,False,False,False,False,NOT_AVAILABLE,NOT_AVAILABLE,UNMATCHED,ROUTABLE_WITH_FINANCIAL_DATA_LIMITATION,Statutory implementing partner. Canonical institutional entity match confidence is below safety threshold; zero official financial observations attached.
3066c238-9e0d-4bc6-810b-2684b1d29755,Kerala State Backward Classes Development Corporation (KSBCDC),Kerala State Backward Classes Development Corporation (KSBCDC),STATE_CHANNELIZING_AGENCY,True,False,False,False,True,False,False,False,False,False,True,2025-03-31,INSTITUTION_LEVEL,MATCH_LEVEL_2,ROUTABLE_WITH_FINANCIAL_DATA_LIMITATION,Statutory State Government Corporation with verified guarantee. Partner-level live fund utilization and overdue status are not publicly verified.
PARTNER-GKP-KVIC-01,Khadi and Village Industries Commission (KVIC) Divisional Office Gorakhpur,Khadi and Village Industries Commission (KVIC),STATUTORY_COMMISSION,True,False,False,False,True,False,False,False,False,False,False,2024-03-31,INSTITUTION_LEVEL,MATCH_LEVEL_3,ROUTABLE_WITH_FINANCIAL_DATA_LIMITATION,Officially authorized implementing partner (Khadi and Village Industries Commission (KVIC)). Detailed partner-level financial ledger not publicly available.
PARTNER-UP-LKO-KVIC-01,Khadi and Village Industries Commission (KVIC) State Office Lucknow,Khadi and Village Industries Commission (KVIC),STATUTORY_COMMISSION,True,False,False,False,True,False,False,False,False,False,False,2024-03-31,INSTITUTION_LEVEL,MATCH_LEVEL_3,ROUTABLE_WITH_FINANCIAL_DATA_LIMITATION,Officially authorized implementing partner (Khadi and Village Industries Commission (KVIC)). Detailed partner-level financial ledger not publicly available.
550a49a8-7745-4489-9ac9-f314c84d80ee,Konoklata mahila Urban Cooperative,Konoklata Mahila Urban Cooperative Bank,COOPERATIVE_BANK,True,False,False,False,True,False,False,False,False,False,False,2024-03-31,INSTITUTION_LEVEL,MATCH_LEVEL_3,ROUTABLE_WITH_FINANCIAL_DATA_LIMITATION,Officially authorized implementing partner (Konoklata Mahila Urban Cooperative Bank). Detailed partner-level financial ledger not publicly available.
75d188ef-e8b3-4e4b-b401-3a5da0a92fb0,MP Backward Classes and Minorities Finance & Development Corporation,MP Backward Classes and Minorities Finance & Development Corporation,STATE_CHANNELIZING_AGENCY,True,False,False,False,True,False,False,False,False,False,True,2025-03-31,INSTITUTION_LEVEL,MATCH_LEVEL_2,ROUTABLE_WITH_FINANCIAL_DATA_LIMITATION,Statutory State Government Corporation with verified guarantee. Partner-level live fund utilization and overdue status are not publicly verified.
2953dda3-091d-4cdd-adf3-a8e107a178b8,Madhaya Pradesh Gramin Bank,Madhya Pradesh Gramin Bank,REGIONAL_RURAL_BANK,True,False,True,True,True,True,True,False,False,True,False,2025-03-31,INSTITUTION_LEVEL,MATCH_LEVEL_4,ROUTABLE_WITH_FINANCIAL_DATA_LIMITATION,Verified Net NPA satisfies applicable criteria. Live cumulative utilization and overdue status are managed internally in Ministry MIS.
f60a9362-a7a0-41a7-9c4b-bd6df37ca45c,Madhya Pradesh Gramin Bank Head Office Indore,Madhya Pradesh Gramin Bank,REGIONAL_RURAL_BANK,True,False,True,True,True,True,True,False,False,True,False,2025-03-31,INSTITUTION_LEVEL,MATCH_LEVEL_3,ROUTABLE_WITH_FINANCIAL_DATA_LIMITATION,Verified Net NPA satisfies applicable criteria. Live cumulative utilization and overdue status are managed internally in Ministry MIS.
54f6596e-69f1-41ca-8090-0e6c8692121c,Madhya Pradesh MP State Cooperative SC Rajiv Gandhi Bhawan,UNMATCHED,STATE_CHANNELIZING_AGENCY,True,False,False,False,False,False,False,False,False,False,False,NOT_AVAILABLE,NOT_AVAILABLE,UNMATCHED,ROUTABLE_WITH_FINANCIAL_DATA_LIMITATION,Statutory implementing partner. Canonical institutional entity match confidence is below safety threshold; zero official financial observations attached.
1e7f37a7-69fd-4606-8525-59838b47c79f,Maharashtra Gramin Bank,Maharashtra Gramin Bank,REGIONAL_RURAL_BANK,True,False,True,True,True,True,True,False,False,True,False,2025-03-31,INSTITUTION_LEVEL,MATCH_LEVEL_2,ROUTABLE_WITH_FINANCIAL_DATA_LIMITATION,Verified Net NPA satisfies applicable criteria. Live cumulative utilization and overdue status are managed internally in Ministry MIS.
25ee9fd6-8642-43d4-a187-152a9c2b0c65,Maharashtra Gramin Bank Head Office Aurangabad,Maharashtra Gramin Bank,REGIONAL_RURAL_BANK,True,False,True,True,True,True,True,False,False,True,False,2025-03-31,INSTITUTION_LEVEL,MATCH_LEVEL_3,ROUTABLE_WITH_FINANCIAL_DATA_LIMITATION,Verified Net NPA satisfies applicable criteria. Live cumulative utilization and overdue status are managed internally in Ministry MIS.
4ea26e3b-da54-48a3-b063-1619335523f3,Maharashtra Mahatma Phule BCs 1-N,UNMATCHED,STATE_CHANNELIZING_AGENCY,True,False,False,False,False,False,False,False,False,False,False,NOT_AVAILABLE,NOT_AVAILABLE,UNMATCHED,ROUTABLE_WITH_FINANCIAL_DATA_LIMITATION,Statutory implementing partner. Canonical institutional entity match confidence is below safety threshold; zero official financial observations attached.
47750ff0-3233-49c9-af71-e35b5df6c19b,Maharashtra Sahityaratna Lokshahir New Administration Building No.2,UNMATCHED,STATE_CHANNELIZING_AGENCY,True,False,False,False,False,False,False,False,False,False,False,NOT_AVAILABLE,NOT_AVAILABLE,UNMATCHED,ROUTABLE_WITH_FINANCIAL_DATA_LIMITATION,Statutory implementing partner. Canonical institutional entity match confidence is below safety threshold; zero official financial observations attached.
5c1842c1-12b9-4ae2-82f9-588a7f7a5efb,Maharashtra Sant Rohidas Leather Industries Bombay Life Building,UNMATCHED,STATE_CHANNELIZING_AGENCY,True,False,False,False,False,False,False,False,False,False,False,NOT_AVAILABLE,NOT_AVAILABLE,UNMATCHED,ROUTABLE_WITH_FINANCIAL_DATA_LIMITATION,Statutory implementing partner. Canonical institutional entity match confidence is below safety threshold; zero official financial observations attached.
895ee555-d7d6-4528-baa3-f2f6e65a4971,Mahatma Phule Backward Class Development Corporation Ltd (MPBCDC),Mahatma Phule Backward Class Development Corporation Ltd (MPBCDC),STATE_CHANNELIZING_AGENCY,True,False,False,False,True,False,False,False,False,False,True,2025-03-31,INSTITUTION_LEVEL,MATCH_LEVEL_2,ROUTABLE_WITH_FINANCIAL_DATA_LIMITATION,Statutory State Government Corporation with verified guarantee. Partner-level live fund utilization and overdue status are not publicly verified.
8c1e52d8-4794-4a67-bbe8-5491be1dba65,Manipur Manipur SCs & STs Co- Nambun Long,UNMATCHED,STATE_CHANNELIZING_AGENCY,True,False,False,False,False,False,False,False,False,False,False,NOT_AVAILABLE,NOT_AVAILABLE,UNMATCHED,ROUTABLE_WITH_FINANCIAL_DATA_LIMITATION,Statutory implementing partner. Canonical institutional entity match confidence is below safety threshold; zero official financial observations attached.
7db7745d-c7ef-4a6a-b974-37cf81e3dcb0,Manipur Manipur Tribal Development Lamphelpat,UNMATCHED,STATE_CHANNELIZING_AGENCY,True,False,False,False,False,False,False,False,False,False,False,NOT_AVAILABLE,NOT_AVAILABLE,UNMATCHED,ROUTABLE_WITH_FINANCIAL_DATA_LIMITATION,Statutory implementing partner. Canonical institutional entity match confidence is below safety threshold; zero official financial observations attached.
f5fbbb0c-4391-4d0d-9627-f8e0a3663099,Manipur Rural Bank,Manipur Rural Bank,REGIONAL_RURAL_BANK,True,False,False,False,True,False,False,False,False,False,False,2024-03-31,INSTITUTION_LEVEL,MATCH_LEVEL_2,ROUTABLE_WITH_FINANCIAL_DATA_LIMITATION,Verified Net NPA satisfies applicable criteria. Live cumulative utilization and overdue status are managed internally in Ministry MIS.
67c75e7a-ede3-4bdb-bd6e-34c9fd6e07e9,Meghalaya Meghalaya Cooperative Apex M.G. Road,UNMATCHED,STATE_CHANNELIZING_AGENCY,True,False,False,False,False,False,False,False,False,False,False,NOT_AVAILABLE,NOT_AVAILABLE,UNMATCHED,ROUTABLE_WITH_FINANCIAL_DATA_LIMITATION,Statutory implementing partner. Canonical institutional entity match confidence is below safety threshold; zero official financial observations attached.
553c210b-9d07-4f4b-9b06-9f441d31137f,Meghalaya Rural Bank,Meghalaya Rural Bank,REGIONAL_RURAL_BANK,True,False,False,False,True,False,False,False,False,False,False,2024-03-31,INSTITUTION_LEVEL,MATCH_LEVEL_2,ROUTABLE_WITH_FINANCIAL_DATA_LIMITATION,Verified Net NPA satisfies applicable criteria. Live cumulative utilization and overdue status are managed internally in Ministry MIS.
f372319a-aee2-4da8-84c3-8e33728dd2d5,Midland Microfin Ltd.,Midland Microfin Ltd,NBFC_MFI,True,False,False,False,True,False,False,False,False,False,False,2024-03-31,INSTITUTION_LEVEL,MATCH_LEVEL_2,ROUTABLE_WITH_FINANCIAL_DATA_LIMITATION,Officially authorized implementing partner (Midland Microfin Ltd). Detailed partner-level financial ledger not publicly available.
db41c644-0f8b-498b-bb7a-6e34ece52c9e,Mizoram Mizoram Khadi & Village “Zorun” Zarkawt,UNMATCHED,STATE_CHANNELIZING_AGENCY,True,False,False,False,False,False,False,False,False,False,False,NOT_AVAILABLE,NOT_AVAILABLE,UNMATCHED,ROUTABLE_WITH_FINANCIAL_DATA_LIMITATION,Statutory implementing partner. Canonical institutional entity match confidence is below safety threshold; zero official financial observations attached.
92aadc27-8e04-4a69-93dc-f4757630c217,Mizoram Mizoram Urban Cooperative Lawlsawmiliani Building (Top Development Bank,UNMATCHED,STATE_CHANNELIZING_AGENCY,True,False,False,False,False,False,False,False,False,False,False,NOT_AVAILABLE,NOT_AVAILABLE,UNMATCHED,ROUTABLE_WITH_FINANCIAL_DATA_LIMITATION,Statutory implementing partner. Canonical institutional entity match confidence is below safety threshold; zero official financial observations attached.
81510aa2-0a9a-455e-87d8-26dbbd5d4da2,Mizoram Rural Bank,Mizoram Rural Bank,REGIONAL_RURAL_BANK,True,False,True,True,True,True,True,False,False,True,False,2025-03-31,INSTITUTION_LEVEL,MATCH_LEVEL_2,ROUTABLE_WITH_FINANCIAL_DATA_LIMITATION,Verified Net NPA satisfies applicable criteria. Live cumulative utilization and overdue status are managed internally in Ministry MIS.
12401b23-5a1c-4bd3-b854-07ca88dab8bb,Mumbai – 400 021,UNMATCHED,PUBLIC_SECTOR_BANK,True,False,False,False,False,False,False,False,False,False,False,NOT_AVAILABLE,NOT_AVAILABLE,UNMATCHED,ROUTABLE_WITH_FINANCIAL_DATA_LIMITATION,Statutory implementing partner. Canonical institutional entity match confidence is below safety threshold; zero official financial observations attached.
PARTNER-001,National SC/ST Hub Channelizing Agency,UNMATCHED,STATE_CHANNELIZING_AGENCY,True,False,False,False,False,False,False,False,False,False,False,NOT_AVAILABLE,NOT_AVAILABLE,UNMATCHED,ROUTABLE_WITH_FINANCIAL_DATA_LIMITATION,Statutory implementing partner. Canonical institutional entity match confidence is below safety threshold; zero official financial observations attached.
fb35ad4b-04c8-493b-9577-5ce7cf565acf,Odisha Grameen Bank,Odisha Gramya Bank,REGIONAL_RURAL_BANK,True,False,False,False,True,False,False,False,False,False,False,2024-03-31,INSTITUTION_LEVEL,MATCH_LEVEL_4,ROUTABLE_WITH_FINANCIAL_DATA_LIMITATION,Verified Net NPA satisfies applicable criteria. Live cumulative utilization and overdue status are managed internally in Ministry MIS.
df3569c4-dd81-48df-82e1-3fa9df8c5ebc,Odisha Odisha SCs & STs Dev. Finance Lewis Road,UNMATCHED,STATE_CHANNELIZING_AGENCY,True,False,False,False,False,False,False,False,False,False,False,NOT_AVAILABLE,NOT_AVAILABLE,UNMATCHED,ROUTABLE_WITH_FINANCIAL_DATA_LIMITATION,Statutory implementing partner. Canonical institutional entity match confidence is below safety threshold; zero official financial observations attached.
d79ae139-660f-4f51-ad35-9a58282bffcb,Pahal Financial Services Pvt. Ltd.,Pahal Financial Services Pvt Ltd,NBFC_MFI,True,False,False,False,True,False,False,False,False,False,False,2024-03-31,INSTITUTION_LEVEL,MATCH_LEVEL_2,ROUTABLE_WITH_FINANCIAL_DATA_LIMITATION,Officially authorized implementing partner (Pahal Financial Services Pvt Ltd). Detailed partner-level financial ledger not publicly available.
f026e577-0fe2-433e-ad3a-c2374014d1be,Paschim Banga Gramin Bank Head Office Howrah,Paschim Banga Gramin Bank,REGIONAL_RURAL_BANK,True,False,True,True,True,True,True,False,False,True,False,2025-03-31,INSTITUTION_LEVEL,MATCH_LEVEL_3,ROUTABLE_WITH_FINANCIAL_DATA_LIMITATION,Verified Net NPA satisfies applicable criteria. Live cumulative utilization and overdue status are managed internally in Ministry MIS.
20071c36-2fb4-4cb9-be0e-9dd1e8259e0f,Plot No.-47,UNMATCHED,REGIONAL_RURAL_BANK,True,False,False,False,False,False,False,False,False,False,False,NOT_AVAILABLE,NOT_AVAILABLE,UNMATCHED,ROUTABLE_WITH_FINANCIAL_DATA_LIMITATION,Statutory implementing partner. Canonical institutional entity match confidence is below safety threshold; zero official financial observations attached.
472a9928-aaf0-41bc-b9b6-9a5f5d9dfdc9,Prathama UP Gramin Bank Head Office Moradabad,Prathama U.P. Gramin Bank,REGIONAL_RURAL_BANK,True,False,True,True,True,True,True,False,False,True,False,2025-03-31,INSTITUTION_LEVEL,MATCH_LEVEL_5,ROUTABLE_WITH_FINANCIAL_DATA_LIMITATION,Verified Net NPA satisfies applicable criteria. Live cumulative utilization and overdue status are managed internally in Ministry MIS.
84f21b21-8040-4931-8c45-de280ae929f6,Puducherry Grama Bank,Puduvai Bharathiar Grama Bank,REGIONAL_RURAL_BANK,True,False,False,False,True,False,False,False,False,False,False,2024-03-31,INSTITUTION_LEVEL,MATCH_LEVEL_4,ROUTABLE_WITH_FINANCIAL_DATA_LIMITATION,Verified Net NPA satisfies applicable criteria. Live cumulative utilization and overdue status are managed internally in Ministry MIS.
96fb9e7c-25b5-4b25-b204-e110f2787963,Puducherry Puducherry Adi Dravidar Dev. III Floor,UNMATCHED,STATE_CHANNELIZING_AGENCY,True,False,False,False,False,False,False,False,False,False,False,NOT_AVAILABLE,NOT_AVAILABLE,UNMATCHED,ROUTABLE_WITH_FINANCIAL_DATA_LIMITATION,Statutory implementing partner. Canonical institutional entity match confidence is below safety threshold; zero official financial observations attached.
ec68f3e7-43c5-4345-95a1-9e9cae1c08d9,Punjab & Sind Bank,Punjab & Sind Bank,PUBLIC_SECTOR_BANK,True,True,False,False,True,True,True,False,False,False,False,2025-03-31,INSTITUTION_LEVEL,MATCH_LEVEL_2,ROUTABLE_WITH_FINANCIAL_DATA_LIMITATION,Public Sector Bank governed by RBI Prompt Corrective Action framework. Partner-level live fund utilization and overdue status are not publicly verified.
ab2f472d-2b84-44ab-84ca-0b9dac3ca0ab,Punjab Gramin Bank,Punjab Gramin Bank,REGIONAL_RURAL_BANK,True,False,False,False,True,False,False,False,False,False,False,2024-03-31,INSTITUTION_LEVEL,MATCH_LEVEL_2,ROUTABLE_WITH_FINANCIAL_DATA_LIMITATION,Verified Net NPA satisfies applicable criteria. Live cumulative utilization and overdue status are managed internally in Ministry MIS.
7dece241-4db8-48de-9be3-5719921ebbf0,Punjab National Bank,Punjab National Bank,PUBLIC_SECTOR_BANK,True,True,False,False,True,True,True,False,False,False,False,2025-03-31,INSTITUTION_LEVEL,MATCH_LEVEL_2,ROUTABLE_WITH_FINANCIAL_DATA_LIMITATION,Public Sector Bank governed by RBI Prompt Corrective Action framework. Partner-level live fund utilization and overdue status are not publicly verified.
291c9ff8-4923-4674-a1ad-96fa10befc1e,Punjab National Bank (PNB) Corporate Head Office,Punjab National Bank,PUBLIC_SECTOR_BANK,True,True,False,False,True,True,True,False,False,False,False,2025-03-31,INSTITUTION_LEVEL,MATCH_LEVEL_3,ROUTABLE_WITH_FINANCIAL_DATA_LIMITATION,Public Sector Bank governed by RBI Prompt Corrective Action framework. Partner-level live fund utilization and overdue status are not publicly verified.
PARTNER-GKP-PNB-01,Punjab National Bank Circle Office & Branch Gorakhpur,Punjab National Bank,PUBLIC_SECTOR_BANK,True,True,False,False,True,True,True,False,False,False,False,2025-03-31,INSTITUTION_LEVEL,MATCH_LEVEL_3,ROUTABLE_WITH_FINANCIAL_DATA_LIMITATION,Public Sector Bank governed by RBI Prompt Corrective Action framework. Partner-level live fund utilization and overdue status are not publicly verified.
67dbdc37-f939-41a5-8a62-e8a38a5fc4c6,Punjab Punjab Scheduled Castes Land SCO No.101-102-103,Punjab Scheduled Castes Land Development and Finance Corporation,STATE_CHANNELIZING_AGENCY,True,False,False,False,True,False,False,False,False,False,True,2025-03-31,INSTITUTION_LEVEL,MATCH_LEVEL_4,ROUTABLE_WITH_FINANCIAL_DATA_LIMITATION,Statutory State Government Corporation with verified guarantee. Partner-level live fund utilization and overdue status are not publicly verified.
84279d00-97a4-4cba-b189-687bfb6848e6,Rajasthan Gramin Bank,Rajasthan Marudhara Gramin Bank,REGIONAL_RURAL_BANK,True,False,False,False,True,False,False,False,False,False,False,2024-03-31,INSTITUTION_LEVEL,MATCH_LEVEL_4,ROUTABLE_WITH_FINANCIAL_DATA_LIMITATION,Verified Net NPA satisfies applicable criteria. Live cumulative utilization and overdue status are managed internally in Ministry MIS.
7021766c-5197-48e4-86bc-492114f27ff7,Rajasthan Rajasthan SCs & STs Fin. & III Floor,Rajasthan SC and ST Finance and Development Cooperative Corporation,STATE_CHANNELIZING_AGENCY,True,False,False,False,True,False,False,False,False,False,True,2025-03-31,INSTITUTION_LEVEL,MATCH_LEVEL_4,ROUTABLE_WITH_FINANCIAL_DATA_LIMITATION,Statutory State Government Corporation with verified guarantee. Partner-level live fund utilization and overdue status are not publicly verified.
6b8dc71e-28b2-47a6-8b9e-02a4c3bc94d7,Rajendra Place,UNMATCHED,PUBLIC_SECTOR_BANK,True,False,False,False,False,False,False,False,False,False,False,NOT_AVAILABLE,NOT_AVAILABLE,UNMATCHED,ROUTABLE_WITH_FINANCIAL_DATA_LIMITATION,Statutory implementing partner. Canonical institutional entity match confidence is below safety threshold; zero official financial observations attached.
b42dba38-40a8-4665-8f50-eb44a8c91961,Ranchi- 834001,UNMATCHED,REGIONAL_RURAL_BANK,True,False,False,False,False,False,False,False,False,False,False,NOT_AVAILABLE,NOT_AVAILABLE,UNMATCHED,ROUTABLE_WITH_FINANCIAL_DATA_LIMITATION,Statutory implementing partner. Canonical institutional entity match confidence is below safety threshold; zero official financial observations attached.
36b0941b-de2b-4784-8f45-a833973a1818,SIDBI Small Industries Development Bank of India,Bank of India,PUBLIC_SECTOR_BANK,True,True,False,False,True,True,True,False,False,False,False,2025-03-31,INSTITUTION_LEVEL,MATCH_LEVEL_3,ROUTABLE_WITH_FINANCIAL_DATA_LIMITATION,Public Sector Bank governed by RBI Prompt Corrective Action framework. Partner-level live fund utilization and overdue status are not publicly verified.
013954b9-8a2e-4f74-a538-82b40b7ce251,Sarva Haryana Gramin Bank Head Office Rohtak,Sarva Haryana Gramin Bank,REGIONAL_RURAL_BANK,True,False,True,True,True,True,True,False,False,True,False,2025-03-31,INSTITUTION_LEVEL,MATCH_LEVEL_3,ROUTABLE_WITH_FINANCIAL_DATA_LIMITATION,Verified Net NPA satisfies applicable criteria. Live cumulative utilization and overdue status are managed internally in Ministry MIS.
efec3e19-1ab8-4be8-b910-80b3402706d3,Satin Creditcare Network Ltdl.,Satin Creditcare Network Ltd,NBFC_MFI,True,False,False,False,True,False,False,False,False,False,False,2024-03-31,INSTITUTION_LEVEL,MATCH_LEVEL_3,ROUTABLE_WITH_FINANCIAL_DATA_LIMITATION,Officially authorized implementing partner (Satin Creditcare Network Ltd). Detailed partner-level financial ledger not publicly available.
931413ae-84b2-451f-858d-600dbf3c2ef9,Saurashtra Gramin Bank Head Office Rajkot,Saurashtra Gramin Bank,REGIONAL_RURAL_BANK,True,False,True,True,True,True,True,False,False,True,False,2025-03-31,INSTITUTION_LEVEL,MATCH_LEVEL_3,ROUTABLE_WITH_FINANCIAL_DATA_LIMITATION,Verified Net NPA satisfies applicable criteria. Live cumulative utilization and overdue status are managed internally in Ministry MIS.
915f2d22-33f0-40ed-bdb3-e21b865d3fed,Shri Mahila Sewa Sahakari Bank Ltd,Shri Mahila Sewa Sahakari Bank Ltd,COOPERATIVE_BANK,True,False,False,False,True,False,False,False,False,False,False,2024-03-31,INSTITUTION_LEVEL,MATCH_LEVEL_2,ROUTABLE_WITH_FINANCIAL_DATA_LIMITATION,Officially authorized implementing partner (Shri Mahila Sewa Sahakari Bank Ltd). Detailed partner-level financial ledger not publicly available.
0a46cfdd-0140-4eeb-8794-91d667dcad40,Sikkim Sikkim Scheduled Castes Bhanupath,"Sikkim Scheduled Castes, Scheduled Tribes & Other Backward Classes Development Corporation",STATE_CHANNELIZING_AGENCY,True,False,False,False,True,False,False,False,False,False,True,2025-03-31,INSTITUTION_LEVEL,MATCH_LEVEL_4,ROUTABLE_WITH_FINANCIAL_DATA_LIMITATION,Statutory State Government Corporation with verified guarantee. Partner-level live fund utilization and overdue status are not publicly verified.
PARTNER-UP-LKO-SIDBI-01,Small Industries Development Bank of India (SIDBI) Head Office,Small Industries Development Bank of India (SIDBI),STATUTORY_FINANCIAL_CORPORATION,True,False,False,False,True,False,False,False,False,False,False,2024-03-31,INSTITUTION_LEVEL,MATCH_LEVEL_2,ROUTABLE_WITH_FINANCIAL_DATA_LIMITATION,Officially authorized implementing partner (Small Industries Development Bank of India (SIDBI)). Detailed partner-level financial ledger not publicly available.
a8acf321-79fc-4c4f-8625-f53474865bfc,State Bank of India (SBI) Corporate Centre,State Bank of India,PUBLIC_SECTOR_BANK,True,True,False,False,True,True,True,False,False,False,False,2025-03-31,INSTITUTION_LEVEL,MATCH_LEVEL_3,ROUTABLE_WITH_FINANCIAL_DATA_LIMITATION,Public Sector Bank governed by RBI Prompt Corrective Action framework. Partner-level live fund utilization and overdue status are not publicly verified.
bd179031-c8fc-4128-971f-1d1ca1ae4124,State Bank of India (SBI) Local Head Office New Delhi,State Bank of India,PUBLIC_SECTOR_BANK,True,True,False,False,True,True,True,False,False,False,False,2025-03-31,INSTITUTION_LEVEL,MATCH_LEVEL_3,ROUTABLE_WITH_FINANCIAL_DATA_LIMITATION,Public Sector Bank governed by RBI Prompt Corrective Action framework. Partner-level live fund utilization and overdue status are not publicly verified.
PARTNER-GKP-RSETI-01,State Bank of India Rural Self Employment Training Institute (SBI RSETI) Gorakhpur,State Bank of India,PUBLIC_SECTOR_BANK,True,True,False,False,True,True,True,False,False,False,False,2025-03-31,INSTITUTION_LEVEL,MATCH_LEVEL_5,ROUTABLE_WITH_FINANCIAL_DATA_LIMITATION,Public Sector Bank governed by RBI Prompt Corrective Action framework. Partner-level live fund utilization and overdue status are not publicly verified.
c30f1d8c-df01-4717-ae7f-a4727b503ff4,Streenidhi,Streenidhi Credit Cooperative Federation Ltd,COOPERATIVE_BANK,True,False,False,False,True,False,False,False,False,False,False,2024-03-31,INSTITUTION_LEVEL,MATCH_LEVEL_3,ROUTABLE_WITH_FINANCIAL_DATA_LIMITATION,Officially authorized implementing partner (Streenidhi Credit Cooperative Federation Ltd). Detailed partner-level financial ledger not publicly available.
86999842-c677-4406-a501-48eb9e76fabd,Streenidhi AP,Streenidhi Credit Cooperative Federation Ltd,COOPERATIVE_BANK,True,False,False,False,True,False,False,False,False,False,False,2024-03-31,INSTITUTION_LEVEL,MATCH_LEVEL_4,ROUTABLE_WITH_FINANCIAL_DATA_LIMITATION,Officially authorized implementing partner (Streenidhi Credit Cooperative Federation Ltd). Detailed partner-level financial ledger not publicly available.
b7733384-4a52-4b12-ba53-0181f8098fa6,Tamil Nadu Adi Dravidar Housing and Development Corporation (TAHDCO),Tamil Nadu Adi Dravidar Housing and Development Corporation (TAHDCO),STATE_CHANNELIZING_AGENCY,True,False,False,False,True,False,False,False,False,False,True,2025-03-31,INSTITUTION_LEVEL,MATCH_LEVEL_2,ROUTABLE_WITH_FINANCIAL_DATA_LIMITATION,Statutory State Government Corporation with verified guarantee. Partner-level live fund utilization and overdue status are not publicly verified.
5fbd0539-07aa-4ffb-83c3-cff7ede183b0,Tamil Nadu Grama Bank,Tamil Nadu Grama Bank,REGIONAL_RURAL_BANK,True,False,True,True,True,True,True,False,False,True,False,2025-03-31,INSTITUTION_LEVEL,MATCH_LEVEL_2,ROUTABLE_WITH_FINANCIAL_DATA_LIMITATION,Verified Net NPA satisfies applicable criteria. Live cumulative utilization and overdue status are managed internally in Ministry MIS.
953a6e5c-3ec7-4be6-aee7-94b24e212778,Tamil Nadu Grama Bank Head Office Salem,Tamil Nadu Grama Bank,REGIONAL_RURAL_BANK,True,False,True,True,True,True,True,False,False,True,False,2025-03-31,INSTITUTION_LEVEL,MATCH_LEVEL_3,ROUTABLE_WITH_FINANCIAL_DATA_LIMITATION,Verified Net NPA satisfies applicable criteria. Live cumulative utilization and overdue status are managed internally in Ministry MIS.
0c63b32c-1786-4832-8f35-c749ba391ba9,Tamil Nadu Tamil Nadu Adi Dravidar No.31,Tamil Nadu Adi Dravidar Housing and Development Corporation (TAHDCO),STATE_CHANNELIZING_AGENCY,True,False,False,False,True,False,False,False,False,False,True,2025-03-31,INSTITUTION_LEVEL,MATCH_LEVEL_4,ROUTABLE_WITH_FINANCIAL_DATA_LIMITATION,Statutory State Government Corporation with verified guarantee. Partner-level live fund utilization and overdue status are not publicly verified.
4aad9936-f656-41f2-8a4b-026dea48ac44,Telangana Grameena Bank,Telangana Grameena Bank,REGIONAL_RURAL_BANK,True,False,False,False,True,False,False,False,False,False,False,2024-03-31,INSTITUTION_LEVEL,MATCH_LEVEL_2,ROUTABLE_WITH_FINANCIAL_DATA_LIMITATION,Verified Net NPA satisfies applicable criteria. Live cumulative utilization and overdue status are managed internally in Ministry MIS.
83752b0f-14ca-4f50-86de-c8ca42c4e0e4,Tikiapara,UNMATCHED,REGIONAL_RURAL_BANK,True,False,False,False,False,False,False,False,False,False,False,NOT_AVAILABLE,NOT_AVAILABLE,UNMATCHED,ROUTABLE_WITH_FINANCIAL_DATA_LIMITATION,Statutory implementing partner. Canonical institutional entity match confidence is below safety threshold; zero official financial observations attached.
ea995f14-d3f4-44a2-9fa2-5a0c24a0631c,Tripura Gramin Bank,Tripura Gramin Bank,REGIONAL_RURAL_BANK,True,False,False,False,True,False,False,False,False,False,False,2024-03-31,INSTITUTION_LEVEL,MATCH_LEVEL_2,ROUTABLE_WITH_FINANCIAL_DATA_LIMITATION,Verified Net NPA satisfies applicable criteria. Live cumulative utilization and overdue status are managed internally in Ministry MIS.
53752b86-4597-4117-be7c-5a8b75325407,Tripura Tripura Scheduled Castes Krishna Nagar P.O. Lake Chomubani,Tripura Scheduled Castes Cooperative Development Corporation,STATE_CHANNELIZING_AGENCY,True,False,False,False,True,False,False,False,False,False,True,2025-03-31,INSTITUTION_LEVEL,MATCH_LEVEL_4,ROUTABLE_WITH_FINANCIAL_DATA_LIMITATION,Statutory State Government Corporation with verified guarantee. Partner-level live fund utilization and overdue status are not publicly verified.
9e0c0f81-a704-4a8c-9767-984568b82f9a,UCO Bank,UCO Bank,PUBLIC_SECTOR_BANK,True,True,False,False,True,True,True,False,False,False,False,2025-03-31,INSTITUTION_LEVEL,MATCH_LEVEL_2,ROUTABLE_WITH_FINANCIAL_DATA_LIMITATION,Public Sector Bank governed by RBI Prompt Corrective Action framework. Partner-level live fund utilization and overdue status are not publicly verified.
c0d66564-e402-4c27-8540-d5ac1a42a82a,UCO Bank Head Office Kolkata,UCO Bank,PUBLIC_SECTOR_BANK,True,True,False,False,True,True,True,False,False,False,False,2025-03-31,INSTITUTION_LEVEL,MATCH_LEVEL_3,ROUTABLE_WITH_FINANCIAL_DATA_LIMITATION,Public Sector Bank governed by RBI Prompt Corrective Action framework. Partner-level live fund utilization and overdue status are not publicly verified.
394c1244-ced5-4681-8195-47fc0f53d124,Ujjiwan Small Finance Bank Small Finance Bank- 02,Ujjivan Small Finance Bank,SMALL_FINANCE_BANK,True,False,False,False,True,False,False,False,False,False,False,2024-03-31,INSTITUTION_LEVEL,MATCH_LEVEL_4,ROUTABLE_WITH_FINANCIAL_DATA_LIMITATION,Officially authorized implementing partner (Ujjivan Small Finance Bank). Detailed partner-level financial ledger not publicly available.
498e27ae-2629-45bd-b50d-d44c27615b09,Union Bank of India,Union Bank of India,PUBLIC_SECTOR_BANK,True,True,False,False,True,True,True,False,False,False,False,2025-03-31,INSTITUTION_LEVEL,MATCH_LEVEL_2,ROUTABLE_WITH_FINANCIAL_DATA_LIMITATION,Public Sector Bank governed by RBI Prompt Corrective Action framework. Partner-level live fund utilization and overdue status are not publicly verified.
3f79f6a3-4910-4755-8a65-7e0300385eaf,Union Bank of India Corporate Head Office,Union Bank of India,PUBLIC_SECTOR_BANK,True,True,False,False,True,True,True,False,False,False,False,2025-03-31,INSTITUTION_LEVEL,MATCH_LEVEL_3,ROUTABLE_WITH_FINANCIAL_DATA_LIMITATION,Public Sector Bank governed by RBI Prompt Corrective Action framework. Partner-level live fund utilization and overdue status are not publicly verified.
PARTNER-UP-VNS-UBI-01,Union Bank of India MSME Branch Varanasi,Union Bank of India,PUBLIC_SECTOR_BANK,True,True,False,False,True,True,True,False,False,False,False,2025-03-31,INSTITUTION_LEVEL,MATCH_LEVEL_3,ROUTABLE_WITH_FINANCIAL_DATA_LIMITATION,Public Sector Bank governed by RBI Prompt Corrective Action framework. Partner-level live fund utilization and overdue status are not publicly verified.
PARTNER-GKP-UBI-01,Union Bank of India Regional Office & Branch Gorakhpur,Union Bank of India,PUBLIC_SECTOR_BANK,True,True,False,False,True,True,True,False,False,False,False,2025-03-31,INSTITUTION_LEVEL,MATCH_LEVEL_3,ROUTABLE_WITH_FINANCIAL_DATA_LIMITATION,Public Sector Bank governed by RBI Prompt Corrective Action framework. Partner-level live fund utilization and overdue status are not publicly verified.
e4f6f87a-8b1d-4eed-b184-2e55060a30fa,Uttar Pradesh Gramin Bank,Baroda U.P. Bank,REGIONAL_RURAL_BANK,True,False,True,True,True,True,True,False,False,True,False,2025-03-31,INSTITUTION_LEVEL,MATCH_LEVEL_4,ROUTABLE_WITH_FINANCIAL_DATA_LIMITATION,Verified Net NPA satisfies applicable criteria. Live cumulative utilization and overdue status are managed internally in Ministry MIS.
PARTNER-UP-DEO-UPSCFDC-01,Uttar Pradesh Scheduled Caste Finance and Development Corporation (UPSCFDC) Deoria,Uttar Pradesh Scheduled Caste Finance and Development Corporation (UPSCFDC),STATE_CHANNELIZING_AGENCY,True,False,False,False,True,False,False,False,False,False,True,2025-03-31,INSTITUTION_LEVEL,MATCH_LEVEL_3,ROUTABLE_WITH_FINANCIAL_DATA_LIMITATION,Statutory State Government Corporation with verified guarantee. Partner-level live fund utilization and overdue status are not publicly verified.
PARTNER-GKP-UPSCFDC-01,Uttar Pradesh Scheduled Caste Finance and Development Corporation (UPSCFDC) Gorakhpur,Uttar Pradesh Scheduled Caste Finance and Development Corporation (UPSCFDC),STATE_CHANNELIZING_AGENCY,True,False,False,False,True,False,False,False,False,False,True,2025-03-31,INSTITUTION_LEVEL,MATCH_LEVEL_3,ROUTABLE_WITH_FINANCIAL_DATA_LIMITATION,Statutory State Government Corporation with verified guarantee. Partner-level live fund utilization and overdue status are not publicly verified.
PARTNER-UP-LKO-UPSCFDC-01,Uttar Pradesh Scheduled Caste Finance and Development Corporation (UPSCFDC) Head Office,Uttar Pradesh Scheduled Caste Finance and Development Corporation (UPSCFDC),STATE_CHANNELIZING_AGENCY,True,False,False,False,True,False,False,False,False,False,True,2025-03-31,INSTITUTION_LEVEL,MATCH_LEVEL_2,ROUTABLE_WITH_FINANCIAL_DATA_LIMITATION,Statutory State Government Corporation with verified guarantee. Partner-level live fund utilization and overdue status are not publicly verified.
PARTNER-UP-VNS-UPSCFDC-01,Uttar Pradesh Scheduled Caste Finance and Development Corporation (UPSCFDC) Varanasi,Uttar Pradesh Scheduled Caste Finance and Development Corporation (UPSCFDC),STATE_CHANNELIZING_AGENCY,True,False,False,False,True,False,False,False,False,False,True,2025-03-31,INSTITUTION_LEVEL,MATCH_LEVEL_3,ROUTABLE_WITH_FINANCIAL_DATA_LIMITATION,Statutory State Government Corporation with verified guarantee. Partner-level live fund utilization and overdue status are not publicly verified.
98346956-4962-402c-b788-300f75c71dd2,Uttar Pradesh UP Sahkari Gram Vikas Bank 10,Uttar Pradesh Sahkari Gram Vikas Bank,STATE_CHANNELIZING_AGENCY,True,False,False,False,True,False,False,False,False,False,True,2025-03-31,INSTITUTION_LEVEL,MATCH_LEVEL_4,ROUTABLE_WITH_FINANCIAL_DATA_LIMITATION,Statutory State Government Corporation with verified guarantee. Partner-level live fund utilization and overdue status are not publicly verified.
3b1305ce-89dc-480b-a129-358964ccf9f5,Uttar Pradesh UP Scheduled Castes Finance & B-912,Uttar Pradesh Scheduled Caste Finance and Development Corporation (UPSCFDC),STATE_CHANNELIZING_AGENCY,True,False,False,False,True,False,False,False,False,False,True,2025-03-31,INSTITUTION_LEVEL,MATCH_LEVEL_4,ROUTABLE_WITH_FINANCIAL_DATA_LIMITATION,Statutory State Government Corporation with verified guarantee. Partner-level live fund utilization and overdue status are not publicly verified.
41804e4e-ea64-429a-8990-cf647fdde1af,Uttarakhand Gramin Bank,Uttarakhand Gramin Bank,REGIONAL_RURAL_BANK,True,False,True,True,True,True,True,False,False,True,False,2025-03-31,INSTITUTION_LEVEL,MATCH_LEVEL_2,ROUTABLE_WITH_FINANCIAL_DATA_LIMITATION,Verified Net NPA satisfies applicable criteria. Live cumulative utilization and overdue status are managed internally in Ministry MIS.
74de50cc-1bad-4e37-8bd7-a2e8b42d8d8f,Uttarakhand Gramin Bank Head Office Dehradun,Uttarakhand Gramin Bank,REGIONAL_RURAL_BANK,True,False,True,True,True,True,True,False,False,True,False,2025-03-31,INSTITUTION_LEVEL,MATCH_LEVEL_3,ROUTABLE_WITH_FINANCIAL_DATA_LIMITATION,Verified Net NPA satisfies applicable criteria. Live cumulative utilization and overdue status are managed internally in Ministry MIS.
61cb0b78-2ff9-45d2-9453-04be897ec89e,Uttarakhand Uttarakhand Bahu-udeshiya Vitta Janjati Directorate,Uttarakhand Bahu-uddeshiya Vitta Evam Vikas Nigam,STATE_CHANNELIZING_AGENCY,True,False,False,False,True,False,False,False,False,False,True,2025-03-31,INSTITUTION_LEVEL,MATCH_LEVEL_4,ROUTABLE_WITH_FINANCIAL_DATA_LIMITATION,Statutory State Government Corporation with verified guarantee. Partner-level live fund utilization and overdue status are not publicly verified.
9b05cbeb-1a9f-4f46-86d7-6ca2ff484d02,Vector Finance PVT LTD RO-K7/110,Vector Finance Pvt Ltd,NBFC_MFI,True,False,False,False,True,False,False,False,False,False,False,2024-03-31,INSTITUTION_LEVEL,MATCH_LEVEL_3,ROUTABLE_WITH_FINANCIAL_DATA_LIMITATION,Officially authorized implementing partner (Vector Finance Pvt Ltd). Detailed partner-level financial ledger not publicly available.
0ae9941f-fbf2-4efc-8faf-a137d091e4d0,West Bengal Gramin Bank No.441,Paschim Banga Gramin Bank,REGIONAL_RURAL_BANK,True,False,True,True,True,True,True,False,False,True,False,2025-03-31,INSTITUTION_LEVEL,MATCH_LEVEL_4,ROUTABLE_WITH_FINANCIAL_DATA_LIMITATION,Verified Net NPA satisfies applicable criteria. Live cumulative utilization and overdue status are managed internally in Ministry MIS.
594d516d-41d7-4435-9ff8-255c67d599f4,"West Bengal SC, ST & OBC Development & Finance Corporation","West Bengal SC, ST & OBC Development & Finance Corporation",STATE_CHANNELIZING_AGENCY,True,False,False,False,True,False,False,False,False,False,True,2025-03-31,INSTITUTION_LEVEL,MATCH_LEVEL_2,ROUTABLE_WITH_FINANCIAL_DATA_LIMITATION,Statutory State Government Corporation with verified guarantee. Partner-level live fund utilization and overdue status are not publicly verified.
f2c9e004-271c-4e0e-92a1-52c816fd2a14,West Bengal West Bengal SCs,"West Bengal SC, ST & OBC Development & Finance Corporation",STATE_CHANNELIZING_AGENCY,True,False,False,False,True,False,False,False,False,False,True,2025-03-31,INSTITUTION_LEVEL,MATCH_LEVEL_4,ROUTABLE_WITH_FINANCIAL_DATA_LIMITATION,Statutory State Government Corporation with verified guarantee. Partner-level live fund utilization and overdue status are not publicly verified.
f39947ab-d137-47f3-9917-cdc83f121fe6,e-Gram / CSC Citizen Facilitation Centre Ahmedabad,CSC e-Governance Services India Limited,COMMON_SERVICES_CENTRE,True,False,False,False,True,False,False,False,False,False,False,2024-03-31,INSTITUTION_LEVEL,MATCH_LEVEL_4,ROUTABLE_WITH_FINANCIAL_DATA_LIMITATION,Officially authorized implementing partner (CSC e-Governance Services India Limited). Detailed partner-level financial ledger not publicly available.
4c178627-5223-433c-8a2f-718c8b8e4620,th Floor,UNMATCHED,PUBLIC_SECTOR_BANK,True,False,False,False,False,False,False,False,False,False,False,NOT_AVAILABLE,NOT_AVAILABLE,UNMATCHED,ROUTABLE_WITH_FINANCIAL_DATA_LIMITATION,Statutory implementing partner. Canonical institutional entity match confidence is below safety threshold; zero official financial observations attached.
