partner_id,partner_name,institution_type,matched_entity,match_level,confidence,reason,financial_data_attached
d269101c-5073-4fcd-b4cb-fa5f182989f7,ASA International Microfinance Ltd.,MICRO_FINANCE_INSTITUTION,ASA International India Microfinance Ltd,MATCH_LEVEL_4,0.88,Official alias match 'ASA International Microfinance Ltd.' -> ASA International India Microfinance Ltd (Source: ROC_FILING),True
be4c480d-2aea-4e4b-b48b-a06fb425c677,AU small finance bank,FINANCIAL_INSTITUTION,AU Small Finance Bank,MATCH_LEVEL_2,0.98,Exact canonical name match: AU Small Finance Bank,True
afd49bd5-8539-4e70-9ce1-edffb55517a4,Andhra Pradesh Grameena Bank,REGIONAL_RURAL_BANK,Andhra Pradesh Grameena Vikas Bank,MATCH_LEVEL_4,0.88,Official alias match 'Andhra Pradesh Grameena Bank' -> Andhra Pradesh Grameena Vikas Bank (Source: GOVERNMENT_DIRECTORY),True
5e2320dc-c748-45c4-a96a-65de1b4fac5a,Andhra Pradesh Scheduled Castes Cooperative Finance Corporation Ltd (APSCCFC),STATE_CHANNELIZING_AGENCY,Andhra Pradesh Scheduled Castes Cooperative Finance Corporation Ltd (APSCCFC),MATCH_LEVEL_2,0.98,Exact canonical name match: Andhra Pradesh Scheduled Castes Cooperative Finance Corporation Ltd (APSCCFC),True
67f7f12b-bd81-4bb5-9622-0eb33b3d4728,Andhra Pradesh State Financial Corporation (APSFC),STATE_CHANNELIZING_AGENCY,Andhra Pradesh State Financial Corporation (APSFC),MATCH_LEVEL_2,0.98,Exact canonical name match: Andhra Pradesh State Financial Corporation (APSFC),True
ffd17427-6d9b-4b9c-aeb6-c12ef765dadc,Anik Financial Services Private Limited,MICRO_FINANCE_INSTITUTION,Anik Financial Services Pvt Ltd,MATCH_LEVEL_2,0.98,Exact canonical name match: Anik Financial Services Pvt Ltd,True
c50302f2-bbda-4b5c-836c-6d17002f14e3,Aryavart Bank Head Office Lucknow,RRB,Aryavart Bank,MATCH_LEVEL_3,0.92,"Normalized name match with Aryavart Bank (Type: REGIONAL_RURAL_BANK, State: Uttar Pradesh)",True
6f013d2e-1fe3-44e9-ae93-085861469e37,Assam Gramin Bank,REGIONAL_RURAL_BANK,Assam Gramin Vikash Bank,MATCH_LEVEL_4,0.88,Official alias match 'Assam Gramin Bank' -> Assam Gramin Vikash Bank (Source: GOVERNMENT_DIRECTORY),True
29590057-7353-4880-b74a-a985e2948dc6,Assam North Eastern Development Finance Corporation Ltd. (NEDFi),FINANCIAL_INSTITUTION,North Eastern Development Finance Corporation Ltd (NEDFi),MATCH_LEVEL_3,0.92,"Normalized name match with North Eastern Development Finance Corporation Ltd (NEDFi) (Type: STATE_CHANNELIZING_AGENCY, State: None)",True
e6764f2d-689d-45e8-b546-264c1d015b2d,Assam State Development Corporation for SCs Ltd (ASCDC),STATE_CHANNELIZING_AGENCY,Assam State Development Corporation for SCs Ltd (ASCDC),MATCH_LEVEL_2,0.98,Exact canonical name match: Assam State Development Corporation for SCs Ltd (ASCDC),True
5c244074-8ce0-4515-b50e-135c930bd688,Bank of Baroda,PUBLIC_SECTOR_BANK,Bank of Baroda,MATCH_LEVEL_2,0.98,Exact canonical name match: Bank of Baroda,True
8d5a93b3-8557-40fc-9273-7f45ed254db0,Bank of Baroda Head Office (Baroda Bhavan),PSB,Bank of Baroda,MATCH_LEVEL_3,0.92,"Normalized name match with Bank of Baroda (Type: PUBLIC_SECTOR_BANK, State: Gujarat)",True
PARTNER-GKP-BOB-01,Bank of Baroda MSME Branch Gorakhpur,PUBLIC_SECTOR_BANK,Bank of Baroda,MATCH_LEVEL_3,0.92,"Normalized name match with Bank of Baroda (Type: PUBLIC_SECTOR_BANK, State: Uttar Pradesh)",True
38554178-24fd-4b53-bc84-a1e24d50b093,Bank of India,PUBLIC_SECTOR_BANK,Bank of India,MATCH_LEVEL_2,0.98,Exact canonical name match: Bank of India,True
2f0a574e-acc7-4398-8247-8687e140db53,Bank of Maharashtra Central Office Pune,PSB,Bank of Maharashtra,MATCH_LEVEL_3,0.92,"Normalized name match with Bank of Maharashtra (Type: PUBLIC_SECTOR_BANK, State: Maharashtra)",True
38a644ee-3ee3-41dd-b8d9-710f4924635e,Bank of Maharashtra No.254-260,PUBLIC_SECTOR_BANK,Bank of Maharashtra,MATCH_LEVEL_3,0.92,"Normalized name match with Bank of Maharashtra (Type: PUBLIC_SECTOR_BANK, State: None)",True
a406c3cd-bc39-4e9f-8fe0-1da29749a481,Baroda Gujarat Gramin Bank Head Office Bharuch,RRB,Baroda Gujarat Gramin Bank,MATCH_LEVEL_3,0.92,"Normalized name match with Baroda Gujarat Gramin Bank (Type: REGIONAL_RURAL_BANK, State: Gujarat)",True
19fb0c28-2c97-4024-aca6-6e571161bc3d,Baroda U.P. Bank Head Office Gorakhpur,RRB,Baroda U.P. Bank,MATCH_LEVEL_3,0.92,"Normalized name match with Baroda U.P. Bank (Type: REGIONAL_RURAL_BANK, State: Uttar Pradesh)",True
176c9127-6440-40f2-9461-57d84448e38f,Bihar Gramin Bank,REGIONAL_RURAL_BANK,Bihar Gramin Bank,MATCH_LEVEL_2,0.98,Exact canonical name match: Bihar Gramin Bank,True
6f90ae66-6b82-49eb-841f-673d8d6b16f5,Bihar State SCs Co-operative Development Corporation Ltd (BSSCCDC),STATE_CHANNELIZING_AGENCY,Bihar State SCs Co-operative Development Corporation Ltd (BSSCCDC),MATCH_LEVEL_2,0.98,Exact canonical name match: Bihar State SCs Co-operative Development Corporation Ltd (BSSCCDC),True
2790fa95-688e-400f-a3d4-58f7a2225bee,Canara Bank,PUBLIC_SECTOR_BANK,Canara Bank,MATCH_LEVEL_2,0.98,Exact canonical name match: Canara Bank,True
6e673f7e-34db-4c33-9d25-1acc9131293e,Canara Bank Head Office Bengaluru,PSB,Canara Bank,MATCH_LEVEL_3,0.92,"Normalized name match with Canara Bank (Type: PUBLIC_SECTOR_BANK, State: Karnataka)",True
PARTNER-GKP-CNRB-01,Canara Bank MSME Sulabh Branch Gorakhpur,PUBLIC_SECTOR_BANK,Canara Bank,MATCH_LEVEL_3,0.92,"Normalized name match with Canara Bank (Type: PUBLIC_SECTOR_BANK, State: Uttar Pradesh)",True
d77b6201-e16c-48d4-8314-e34c700ebefa,Central Bank of India Corporate Office Mumbai,PSB,Central Bank of India,MATCH_LEVEL_3,0.92,"Normalized name match with Central Bank of India (Type: PUBLIC_SECTOR_BANK, State: Maharashtra)",True
PARTNER-GKP-CBI-01,Central Bank of India Main Branch Gorakhpur,PUBLIC_SECTOR_BANK,Central Bank of India,MATCH_LEVEL_3,0.92,"Normalized name match with Central Bank of India (Type: PUBLIC_SECTOR_BANK, State: Uttar Pradesh)",True
685d60bd-a6f8-49c2-8809-17a261eea094,Central bank Of India,PUBLIC_SECTOR_BANK,Central Bank of India,MATCH_LEVEL_2,0.98,Exact canonical name match: Central Bank of India,True
073c0a06-889f-4693-9213-751c6cdf7d38,"Chandigarh SCs, BCs & Minorities Financial & Development Corporation Ltd (CSCFDC)",STATE_CHANNELIZING_AGENCY,"Chandigarh SCs, BCs & Minorities Financial & Development Corporation Ltd (CSCFDC)",MATCH_LEVEL_2,0.98,"Exact canonical name match: Chandigarh SCs, BCs & Minorities Financial & Development Corporation Ltd (CSCFDC)",True
f662769c-9303-4a48-95df-8c3605a2b891,Chhattisgarh Gramin Bank,REGIONAL_RURAL_BANK,Chhattisgarh Rajya Gramin Bank,MATCH_LEVEL_4,0.88,Official alias match 'Chhattisgarh Gramin Bank' -> Chhattisgarh Rajya Gramin Bank (Source: GOVERNMENT_DIRECTORY),True
20ff119a-fcb6-407d-9c86-25e2670438d1,Chhattisgarh Rajya Antyavasayee Sahakari Vitta Evam Vikas Nigam,STATE_CHANNELIZING_AGENCY,NONE,UNMATCHED,0.00,No verified statutory entity could be matched with confidence >= 0.70 for 'Chhattisgarh Rajya Antyavasayee Sahakari Vitta Evam Vikas Nigam',False
9381f6c7-d2d8-435e-a320-731879b5590e,Complex,REGIONAL_RURAL_BANK,NONE,UNMATCHED,0.00,No verified statutory entity could be matched with confidence >= 0.70 for 'Complex',False
ac20c956-fb25-43bc-8f1d-44decf194c8d,Dadra & Nagar Haveli SC/ST/OBC Financial & Development Corporation,STATE_CHANNELIZING_AGENCY,NONE,UNMATCHED,0.00,No verified statutory entity could be matched with confidence >= 0.70 for 'Dadra & Nagar Haveli SC/ST/OBC Financial & Development Corporation',False
69c7275b-c894-41ac-af47-4dbb04a483e3,Dakshin Bihar Gramin Bank Head Office Patna,RRB,Dakshin Bihar Gramin Bank,MATCH_LEVEL_3,0.92,"Normalized name match with Dakshin Bihar Gramin Bank (Type: REGIONAL_RURAL_BANK, State: Bihar)",True
189b1288-c344-413b-9ba0-48286c277234,Delhi SC/ST/OBC/Minorities & Handicapped Financial & Development Corporation (DSFDC),STATE_CHANNELIZING_AGENCY,Delhi SC/ST/OBC/Minorities & Handicapped Financial & Development Corporation (DSFDC),MATCH_LEVEL_2,0.98,Exact canonical name match: Delhi SC/ST/OBC/Minorities & Handicapped Financial & Development Corporation (DSFDC),True
b0780f09-a418-4904-9f9d-9098d235e6ef,District Industries Centre (DIC) Ahmedabad,DISTRICT_INDUSTRIES_CENTRE,Directorate of Industries & Enterprise Promotion / District Industries Centre (DIC) Network,MATCH_LEVEL_4,0.88,Official alias match 'District Industries Centre' -> Directorate of Industries & Enterprise Promotion / District Industries Centre (DIC) Network (Source: MSME_DIRECTORY),True
39c193fc-57f1-441f-88d0-58ebd5f5dd22,District Industries Centre (DIC) Bhopal,DISTRICT_INDUSTRIES_CENTRE,Directorate of Industries & Enterprise Promotion / District Industries Centre (DIC) Network,MATCH_LEVEL_4,0.88,Official alias match 'District Industries Centre' -> Directorate of Industries & Enterprise Promotion / District Industries Centre (DIC) Network (Source: MSME_DIRECTORY),True
890133fd-5767-4f53-bba8-e75b7cdae649,District Industries Centre (DIC) Chennai,DISTRICT_INDUSTRIES_CENTRE,Directorate of Industries & Enterprise Promotion / District Industries Centre (DIC) Network,MATCH_LEVEL_4,0.88,Official alias match 'District Industries Centre' -> Directorate of Industries & Enterprise Promotion / District Industries Centre (DIC) Network (Source: MSME_DIRECTORY),True
c5ec7432-bce5-4554-9d92-285d1d08ccdc,District Industries Centre (DIC) Dehradun,DISTRICT_INDUSTRIES_CENTRE,Directorate of Industries & Enterprise Promotion / District Industries Centre (DIC) Network,MATCH_LEVEL_4,0.88,Official alias match 'District Industries Centre' -> Directorate of Industries & Enterprise Promotion / District Industries Centre (DIC) Network (Source: MSME_DIRECTORY),True
cc035016-31de-48f8-8c45-ab1b64b80fe4,District Industries Centre (DIC) Ernakulam,DISTRICT_INDUSTRIES_CENTRE,Directorate of Industries & Enterprise Promotion / District Industries Centre (DIC) Network,MATCH_LEVEL_4,0.88,Official alias match 'District Industries Centre' -> Directorate of Industries & Enterprise Promotion / District Industries Centre (DIC) Network (Source: MSME_DIRECTORY),True
83ad80b2-aa7f-4ff0-a8eb-c9ac15fbad07,District Industries Centre (DIC) Kolkata / Sub-Urban,DISTRICT_INDUSTRIES_CENTRE,Directorate of Industries & Enterprise Promotion / District Industries Centre (DIC) Network,MATCH_LEVEL_4,0.88,Official alias match 'District Industries Centre' -> Directorate of Industries & Enterprise Promotion / District Industries Centre (DIC) Network (Source: MSME_DIRECTORY),True
b7633fa6-9463-4167-b0d5-da1409d006eb,District Industries Centre (DIC) Pune,DISTRICT_INDUSTRIES_CENTRE,Directorate of Industries & Enterprise Promotion / District Industries Centre (DIC) Network,MATCH_LEVEL_4,0.88,Official alias match 'District Industries Centre' -> Directorate of Industries & Enterprise Promotion / District Industries Centre (DIC) Network (Source: MSME_DIRECTORY),True
e0b9d7a0-177e-49d4-aed9-135b67c61627,District Industries Centre (DIC) Surat,DISTRICT_INDUSTRIES_CENTRE,Directorate of Industries & Enterprise Promotion / District Industries Centre (DIC) Network,MATCH_LEVEL_4,0.88,Official alias match 'District Industries Centre' -> Directorate of Industries & Enterprise Promotion / District Industries Centre (DIC) Network (Source: MSME_DIRECTORY),True
PARTNER-UP-BST-DIC-01,District Industries and Enterprise Promotion Centre (DIC) Basti,DISTRICT_INDUSTRIES_CENTRE,Directorate of Industries & Enterprise Promotion / District Industries Centre (DIC) Network,MATCH_LEVEL_4,0.88,Official alias match 'District Industries and Enterprise Promotion Centre (DIC)' -> Directorate of Industries & Enterprise Promotion / District Industries Centre (DIC) Network (Source: MSME_DIRECTORY),True
PARTNER-UP-DEO-DIC-01,District Industries and Enterprise Promotion Centre (DIC) Deoria,DISTRICT_INDUSTRIES_CENTRE,Directorate of Industries & Enterprise Promotion / District Industries Centre (DIC) Network,MATCH_LEVEL_4,0.88,Official alias match 'District Industries and Enterprise Promotion Centre (DIC)' -> Directorate of Industries & Enterprise Promotion / District Industries Centre (DIC) Network (Source: MSME_DIRECTORY),True
PARTNER-GKP-DIC-01,District Industries and Enterprise Promotion Centre (DIC) Gorakhpur,DISTRICT_INDUSTRIES_CENTRE,Directorate of Industries & Enterprise Promotion / District Industries Centre (DIC) Network,MATCH_LEVEL_4,0.88,Official alias match 'District Industries and Enterprise Promotion Centre (DIC)' -> Directorate of Industries & Enterprise Promotion / District Industries Centre (DIC) Network (Source: MSME_DIRECTORY),True
PARTNER-UP-KNP-DIC-01,District Industries and Enterprise Promotion Centre (DIC) Kanpur Nagar,DISTRICT_INDUSTRIES_CENTRE,Directorate of Industries & Enterprise Promotion / District Industries Centre (DIC) Network,MATCH_LEVEL_4,0.88,Official alias match 'District Industries and Enterprise Promotion Centre (DIC)' -> Directorate of Industries & Enterprise Promotion / District Industries Centre (DIC) Network (Source: MSME_DIRECTORY),True
PARTNER-UP-KUS-DIC-01,District Industries and Enterprise Promotion Centre (DIC) Kushinagar,DISTRICT_INDUSTRIES_CENTRE,Directorate of Industries & Enterprise Promotion / District Industries Centre (DIC) Network,MATCH_LEVEL_4,0.88,Official alias match 'District Industries and Enterprise Promotion Centre (DIC)' -> Directorate of Industries & Enterprise Promotion / District Industries Centre (DIC) Network (Source: MSME_DIRECTORY),True
PARTNER-UP-LKO-DIC-01,District Industries and Enterprise Promotion Centre (DIC) Lucknow,DISTRICT_INDUSTRIES_CENTRE,Directorate of Industries & Enterprise Promotion / District Industries Centre (DIC) Network,MATCH_LEVEL_4,0.88,Official alias match 'District Industries and Enterprise Promotion Centre (DIC)' -> Directorate of Industries & Enterprise Promotion / District Industries Centre (DIC) Network (Source: MSME_DIRECTORY),True
PARTNER-UP-PRY-DIC-01,District Industries and Enterprise Promotion Centre (DIC) Prayagraj,DISTRICT_INDUSTRIES_CENTRE,Directorate of Industries & Enterprise Promotion / District Industries Centre (DIC) Network,MATCH_LEVEL_4,0.88,Official alias match 'District Industries and Enterprise Promotion Centre (DIC)' -> Directorate of Industries & Enterprise Promotion / District Industries Centre (DIC) Network (Source: MSME_DIRECTORY),True
PARTNER-UP-VNS-DIC-01,District Industries and Enterprise Promotion Centre (DIC) Varanasi,DISTRICT_INDUSTRIES_CENTRE,Directorate of Industries & Enterprise Promotion / District Industries Centre (DIC) Network,MATCH_LEVEL_4,0.88,Official alias match 'District Industries and Enterprise Promotion Centre (DIC)' -> Directorate of Industries & Enterprise Promotion / District Industries Centre (DIC) Network (Source: MSME_DIRECTORY),True
339d5f7b-21e0-4f73-9e2b-2270302ab714,District MSME Centre / DIC Gurugram,DISTRICT_INDUSTRIES_CENTRE,Directorate of Industries & Enterprise Promotion / District Industries Centre (DIC) Network,MATCH_LEVEL_4,0.88,Official alias match 'DIC' -> Directorate of Industries & Enterprise Promotion / District Industries Centre (DIC) Network (Source: MSME_DIRECTORY),True
83e1a44f-6b62-420f-b37e-71700e5f7a97,District e-Governance Society / CSC Kendra Lucknow,CSC,CSC e-Governance Services India Limited,MATCH_LEVEL_4,0.88,Official alias match 'CSC' -> CSC e-Governance Services India Limited (Source: MEITY_DIRECTORY),True
e9dc42d4-3261-483d-acb5-2cfee16da6b4,District e-Governance Society / CSC Kendriya Seva Kendra Gorakhpur,CSC,CSC e-Governance Services India Limited,MATCH_LEVEL_4,0.88,Official alias match 'CSC' -> CSC e-Governance Services India Limited (Source: MEITY_DIRECTORY),True
8614d134-c945-455f-a10f-52faaf4528d6,Goa State SCs & OBCs Finance & Development Corporation Ltd,STATE_CHANNELIZING_AGENCY,NONE,UNMATCHED,0.00,No verified statutory entity could be matched with confidence >= 0.70 for 'Goa State SCs & OBCs Finance & Development Corporation Ltd',False
86c52401-df0c-4361-8cff-e658db2a9c86,Grameen Development & Finance Regd.Office: ‘Sahyadri Building” Private Limited,MICRO_FINANCE_INSTITUTION,Grameen Development & Finance Pvt Ltd,MATCH_LEVEL_3,0.92,"Normalized name match with Grameen Development & Finance Pvt Ltd (Type: NBFC_MFI, State: None)",True
aab58822-6a2a-4e27-a6c5-17db9d5d9bf1,Gujarat Backward Classes Development Corporation (GBCC),STATE_CHANNELIZING_AGENCY,NONE,UNMATCHED,0.00,No verified statutory entity could be matched with confidence >= 0.70 for 'Gujarat Backward Classes Development Corporation (GBCC)',False
cb7c564b-c5ef-4fff-a75c-bfbc7983c361,Gujarat Dr. Ambedkar Antyodaya Vikas Nigam,STATE_CHANNELIZING_AGENCY,NONE,UNMATCHED,0.00,No verified statutory entity could be matched with confidence >= 0.70 for 'Gujarat Dr. Ambedkar Antyodaya Vikas Nigam',False
f47cb8f9-21b8-4d27-8491-1e24df1d7532,Gujarat Gramin Bank,REGIONAL_RURAL_BANK,Baroda Gujarat Gramin Bank,MATCH_LEVEL_3,0.92,"Normalized name match with Baroda Gujarat Gramin Bank (Type: REGIONAL_RURAL_BANK, State: Gujarat)",True
bf015c66-70cb-4897-a5f2-9edcf0d746a7,Gujarat Thakor and Koli Vikas Nigam,SCA,Gujarat Thakor and Koli Vikas Nigam,MATCH_LEVEL_2,0.98,Exact canonical name match: Gujarat Thakor and Koli Vikas Nigam,True
165c4ba3-2656-4780-818f-df61de0a4c53,Haryana Backward Classes and Economically Weaker Sections Kalyan Nigam (HBCKN),SCA,Haryana Backward Classes and Economically Weaker Sections Kalyan Nigam (HBCKN),MATCH_LEVEL_2,0.98,Exact canonical name match: Haryana Backward Classes and Economically Weaker Sections Kalyan Nigam (HBCKN),True
cc8d994c-c55f-4332-913b-d5f6572be3be,Haryana Gramin Bank,REGIONAL_RURAL_BANK,Sarva Haryana Gramin Bank,MATCH_LEVEL_3,0.92,"Normalized name match with Sarva Haryana Gramin Bank (Type: REGIONAL_RURAL_BANK, State: Haryana)",True
770c5734-6c1a-4bbb-8f19-8514566ca5d3,Haryana Scheduled Castes Finance & Development Corporation (HSCFDC),STATE_CHANNELIZING_AGENCY,NONE,UNMATCHED,0.00,No verified statutory entity could be matched with confidence >= 0.70 for 'Haryana Scheduled Castes Finance & Development Corporation (HSCFDC)',False
58487a38-6433-4c77-81c6-f8ab3b8ce1ac,Himachal Pradesh Gramin Bank,REGIONAL_RURAL_BANK,Himachal Pradesh Gramin Bank,MATCH_LEVEL_2,0.98,Exact canonical name match: Himachal Pradesh Gramin Bank,True
52e9ebf5-1da3-4d64-a4d4-dfe3172aa4c9,Himachal Pradesh SCs & STs Development Corporation,STATE_CHANNELIZING_AGENCY,NONE,UNMATCHED,0.00,No verified statutory entity could be matched with confidence >= 0.70 for 'Himachal Pradesh SCs & STs Development Corporation',False
55851068-928d-458d-a56e-3432a3a8e4e5,Indian Bank Corporate Head Office Chennai,PSB,Indian Bank,MATCH_LEVEL_3,0.92,"Normalized name match with Indian Bank (Type: PUBLIC_SECTOR_BANK, State: Tamil Nadu)",True
3414ceb1-e997-485e-843a-4d15ec6215f5,Indian Bank Corporate Office,PUBLIC_SECTOR_BANK,Indian Bank,MATCH_LEVEL_3,0.92,"Normalized name match with Indian Bank (Type: PUBLIC_SECTOR_BANK, State: None)",True
PARTNER-GKP-IB-01,Indian Bank Main Branch Gorakhpur,PUBLIC_SECTOR_BANK,Indian Bank,MATCH_LEVEL_3,0.92,"Normalized name match with Indian Bank (Type: PUBLIC_SECTOR_BANK, State: Uttar Pradesh)",True
87abb5d7-3ef5-4af8-b24e-0f53e22754ec,Indian Overseas Bank,PUBLIC_SECTOR_BANK,Indian Overseas Bank,MATCH_LEVEL_2,0.98,Exact canonical name match: Indian Overseas Bank,True
28f208ea-a70a-49dd-910e-4b9ea8d9e083,J&K Grameen Bank M.T.C Building,REGIONAL_RURAL_BANK,Jammu & Kashmir Grameen Bank,MATCH_LEVEL_4,0.88,Official alias match 'J&K Grameen Bank M.T.C Building' -> Jammu & Kashmir Grameen Bank (Source: GOVERNMENT_DIRECTORY),True
e1cc87cf-d86f-4e7d-80fa-385d728a5162,Jammu & J&K SCs,STATE_CHANNELIZING_AGENCY,NONE,UNMATCHED,0.00,No verified statutory entity could be matched with confidence >= 0.70 for 'Jammu & J&K SCs',False
e5ac60bc-a632-4eee-8aba-855547cd0822,Jharkhand Gramin Bank,REGIONAL_RURAL_BANK,Jharkhand Rajya Gramin Bank,MATCH_LEVEL_4,0.88,Official alias match 'Jharkhand Gramin Bank' -> Jharkhand Rajya Gramin Bank (Source: GOVERNMENT_DIRECTORY),True
b074d6cf-82f0-40e8-be0b-a669ca419b33,Jharkhand Jharkhand Silk Textile & Handicraft Development Corporation Ltd.,FINANCIAL_INSTITUTION,Jharkhand Silk Textile & Handicraft Development Corporation Ltd (JHARCRAFT),MATCH_LEVEL_4,0.88,Official alias match 'Jharkhand Jharkhand Silk Textile & Handicraft Development Corporation Ltd.' -> Jharkhand Silk Textile & Handicraft Development Corporation Ltd (JHARCRAFT) (Source: JH_GOVERNMENT_DIRECTORY),True
1ceb05db-1433-467a-b926-ec06038ad405,Jharkhand Jharkhand State Scheduled Kalyan Complex,STATE_CHANNELIZING_AGENCY,NONE,UNMATCHED,0.00,No verified statutory entity could be matched with confidence >= 0.70 for 'Jharkhand Jharkhand State Scheduled Kalyan Complex',False
98a9bb95-383b-4ecb-9aed-a019de786fee,Karnataka Dr B. R. Ambedkar Development 9th & 10th Floor,STATE_CHANNELIZING_AGENCY,NONE,UNMATCHED,0.00,No verified statutory entity could be matched with confidence >= 0.70 for 'Karnataka Dr B. R. Ambedkar Development 9th & 10th Floor',False
bb7c9f36-0a4c-4814-b3c1-0250b9366f85,Karnataka Grameena Bank,REGIONAL_RURAL_BANK,Karnataka Gramin Bank,MATCH_LEVEL_4,0.88,Official alias match 'Karnataka Grameena Bank' -> Karnataka Gramin Bank (Source: GOVERNMENT_DIRECTORY),True
91ad1e32-7789-4b22-a4f0-a9b834d56c3e,Karnataka Vikas Grameena Bank Head Office Dharwad,RRB,Karnataka Vikas Grameena Bank,MATCH_LEVEL_3,0.92,"Normalized name match with Karnataka Vikas Grameena Bank (Type: REGIONAL_RURAL_BANK, State: Karnataka)",True
50c70175-3553-445b-9578-6a680c67aff9,Kerala Grameena Bank,REGIONAL_RURAL_BANK,Kerala Gramin Bank,MATCH_LEVEL_4,0.88,Official alias match 'Kerala Grameena Bank' -> Kerala Gramin Bank (Source: GOVERNMENT_DIRECTORY),True
ab478a69-e0e5-4d92-ab29-61f91ec5eacd,Kerala Gramin Bank Head Office Malappuram,RRB,Kerala Gramin Bank,MATCH_LEVEL_3,0.92,"Normalized name match with Kerala Gramin Bank (Type: REGIONAL_RURAL_BANK, State: Kerala)",True
58bcc34e-99f9-41fe-9c7d-38b500334510,Kerala Kerala State Development Town Hall Road,STATE_CHANNELIZING_AGENCY,NONE,UNMATCHED,0.00,No verified statutory entity could be matched with confidence >= 0.70 for 'Kerala Kerala State Development Town Hall Road',False
2912fea1-7ade-4718-ae60-8fc9f81b4a1f,Kerala Kerala State Women's 1st Floor,STATE_CHANNELIZING_AGENCY,NONE,UNMATCHED,0.00,No verified statutory entity could be matched with confidence >= 0.70 for 'Kerala Kerala State Women's 1st Floor',False
3066c238-9e0d-4bc6-810b-2684b1d29755,Kerala State Backward Classes Development Corporation (KSBCDC),SCA,Kerala State Backward Classes Development Corporation (KSBCDC),MATCH_LEVEL_2,0.98,Exact canonical name match: Kerala State Backward Classes Development Corporation (KSBCDC),True
PARTNER-GKP-KVIC-01,Khadi and Village Industries Commission (KVIC) Divisional Office Gorakhpur,COMMISSION_OFFICE,Khadi and Village Industries Commission (KVIC),MATCH_LEVEL_3,0.92,"Normalized name match with Khadi and Village Industries Commission (KVIC) (Type: STATUTORY_COMMISSION, State: Uttar Pradesh)",True
PARTNER-UP-LKO-KVIC-01,Khadi and Village Industries Commission (KVIC) State Office Lucknow,COMMISSION_OFFICE,Khadi and Village Industries Commission (KVIC),MATCH_LEVEL_3,0.92,"Normalized name match with Khadi and Village Industries Commission (KVIC) (Type: STATUTORY_COMMISSION, State: Uttar Pradesh)",True
550a49a8-7745-4489-9ac9-f314c84d80ee,Konoklata mahila Urban Cooperative,FINANCIAL_INSTITUTION,Konoklata Mahila Urban Cooperative Bank,MATCH_LEVEL_3,0.92,"Normalized name match with Konoklata Mahila Urban Cooperative Bank (Type: COOPERATIVE_BANK, State: None)",True
75d188ef-e8b3-4e4b-b401-3a5da0a92fb0,MP Backward Classes and Minorities Finance & Development Corporation,SCA,MP Backward Classes and Minorities Finance & Development Corporation,MATCH_LEVEL_2,0.98,Exact canonical name match: MP Backward Classes and Minorities Finance & Development Corporation,True
2953dda3-091d-4cdd-adf3-a8e107a178b8,Madhaya Pradesh Gramin Bank,REGIONAL_RURAL_BANK,Madhya Pradesh Gramin Bank,MATCH_LEVEL_4,0.88,Official alias match 'Madhaya Pradesh Gramin Bank' -> Madhya Pradesh Gramin Bank (Source: GOVERNMENT_DIRECTORY),True
f60a9362-a7a0-41a7-9c4b-bd6df37ca45c,Madhya Pradesh Gramin Bank Head Office Indore,RRB,Madhya Pradesh Gramin Bank,MATCH_LEVEL_3,0.92,"Normalized name match with Madhya Pradesh Gramin Bank (Type: REGIONAL_RURAL_BANK, State: Madhya Pradesh)",True
54f6596e-69f1-41ca-8090-0e6c8692121c,Madhya Pradesh MP State Cooperative SC Rajiv Gandhi Bhawan,STATE_CHANNELIZING_AGENCY,NONE,UNMATCHED,0.00,No verified statutory entity could be matched with confidence >= 0.70 for 'Madhya Pradesh MP State Cooperative SC Rajiv Gandhi Bhawan',False
1e7f37a7-69fd-4606-8525-59838b47c79f,Maharashtra Gramin Bank,REGIONAL_RURAL_BANK,Maharashtra Gramin Bank,MATCH_LEVEL_2,0.98,Exact canonical name match: Maharashtra Gramin Bank,True
25ee9fd6-8642-43d4-a187-152a9c2b0c65,Maharashtra Gramin Bank Head Office Aurangabad,RRB,Maharashtra Gramin Bank,MATCH_LEVEL_3,0.92,"Normalized name match with Maharashtra Gramin Bank (Type: REGIONAL_RURAL_BANK, State: Maharashtra)",True
4ea26e3b-da54-48a3-b063-1619335523f3,Maharashtra Mahatma Phule BCs 1-N,STATE_CHANNELIZING_AGENCY,NONE,UNMATCHED,0.00,No verified statutory entity could be matched with confidence >= 0.70 for 'Maharashtra Mahatma Phule BCs 1-N',False
47750ff0-3233-49c9-af71-e35b5df6c19b,Maharashtra Sahityaratna Lokshahir New Administration Building No.2,STATE_CHANNELIZING_AGENCY,NONE,UNMATCHED,0.00,No verified statutory entity could be matched with confidence >= 0.70 for 'Maharashtra Sahityaratna Lokshahir New Administration Building No.2',False
5c1842c1-12b9-4ae2-82f9-588a7f7a5efb,Maharashtra Sant Rohidas Leather Industries Bombay Life Building,STATE_CHANNELIZING_AGENCY,NONE,UNMATCHED,0.00,No verified statutory entity could be matched with confidence >= 0.70 for 'Maharashtra Sant Rohidas Leather Industries Bombay Life Building',False
895ee555-d7d6-4528-baa3-f2f6e65a4971,Mahatma Phule Backward Class Development Corporation Ltd (MPBCDC),SCA,Mahatma Phule Backward Class Development Corporation Ltd (MPBCDC),MATCH_LEVEL_2,0.98,Exact canonical name match: Mahatma Phule Backward Class Development Corporation Ltd (MPBCDC),True
8c1e52d8-4794-4a67-bbe8-5491be1dba65,Manipur Manipur SCs & STs Co- Nambun Long,STATE_CHANNELIZING_AGENCY,NONE,UNMATCHED,0.00,No verified statutory entity could be matched with confidence >= 0.70 for 'Manipur Manipur SCs & STs Co- Nambun Long',False
7db7745d-c7ef-4a6a-b974-37cf81e3dcb0,Manipur Manipur Tribal Development Lamphelpat,STATE_CHANNELIZING_AGENCY,NONE,UNMATCHED,0.00,No verified statutory entity could be matched with confidence >= 0.70 for 'Manipur Manipur Tribal Development Lamphelpat',False
f5fbbb0c-4391-4d0d-9627-f8e0a3663099,Manipur Rural Bank,REGIONAL_RURAL_BANK,Manipur Rural Bank,MATCH_LEVEL_2,0.98,Exact canonical name match: Manipur Rural Bank,True
67c75e7a-ede3-4bdb-bd6e-34c9fd6e07e9,Meghalaya Meghalaya Cooperative Apex M.G. Road,STATE_CHANNELIZING_AGENCY,NONE,UNMATCHED,0.00,No verified statutory entity could be matched with confidence >= 0.70 for 'Meghalaya Meghalaya Cooperative Apex M.G. Road',False
553c210b-9d07-4f4b-9b06-9f441d31137f,Meghalaya Rural Bank,REGIONAL_RURAL_BANK,Meghalaya Rural Bank,MATCH_LEVEL_2,0.98,Exact canonical name match: Meghalaya Rural Bank,True
f372319a-aee2-4da8-84c3-8e33728dd2d5,Midland Microfin Ltd.,MICRO_FINANCE_INSTITUTION,Midland Microfin Ltd,MATCH_LEVEL_2,0.98,Exact canonical name match: Midland Microfin Ltd,True
db41c644-0f8b-498b-bb7a-6e34ece52c9e,Mizoram Mizoram Khadi & Village “Zorun” Zarkawt,STATE_CHANNELIZING_AGENCY,NONE,UNMATCHED,0.00,No verified statutory entity could be matched with confidence >= 0.70 for 'Mizoram Mizoram Khadi & Village “Zorun” Zarkawt',False
92aadc27-8e04-4a69-93dc-f4757630c217,Mizoram Mizoram Urban Cooperative Lawlsawmiliani Building (Top Development Bank,STATE_CHANNELIZING_AGENCY,NONE,UNMATCHED,0.00,No verified statutory entity could be matched with confidence >= 0.70 for 'Mizoram Mizoram Urban Cooperative Lawlsawmiliani Building (Top Development Bank',False
81510aa2-0a9a-455e-87d8-26dbbd5d4da2,Mizoram Rural Bank,REGIONAL_RURAL_BANK,Mizoram Rural Bank,MATCH_LEVEL_2,0.98,Exact canonical name match: Mizoram Rural Bank,True
12401b23-5a1c-4bd3-b854-07ca88dab8bb,Mumbai – 400 021,PUBLIC_SECTOR_BANK,NONE,UNMATCHED,0.00,No verified statutory entity could be matched with confidence >= 0.70 for 'Mumbai – 400 021',False
PARTNER-001,National SC/ST Hub Channelizing Agency,STATE_CHANNELIZING_AGENCY,NONE,UNMATCHED,0.00,No verified statutory entity could be matched with confidence >= 0.70 for 'National SC/ST Hub Channelizing Agency',False
fb35ad4b-04c8-493b-9577-5ce7cf565acf,Odisha Grameen Bank,REGIONAL_RURAL_BANK,Odisha Gramya Bank,MATCH_LEVEL_4,0.88,Official alias match 'Odisha Grameen Bank' -> Odisha Gramya Bank (Source: GOVERNMENT_DIRECTORY),True
df3569c4-dd81-48df-82e1-3fa9df8c5ebc,Odisha Odisha SCs & STs Dev. Finance Lewis Road,STATE_CHANNELIZING_AGENCY,NONE,UNMATCHED,0.00,No verified statutory entity could be matched with confidence >= 0.70 for 'Odisha Odisha SCs & STs Dev. Finance Lewis Road',False
d79ae139-660f-4f51-ad35-9a58282bffcb,Pahal Financial Services Pvt. Ltd.,MICRO_FINANCE_INSTITUTION,Pahal Financial Services Pvt Ltd,MATCH_LEVEL_2,0.98,Exact canonical name match: Pahal Financial Services Pvt Ltd,True
f026e577-0fe2-433e-ad3a-c2374014d1be,Paschim Banga Gramin Bank Head Office Howrah,RRB,Paschim Banga Gramin Bank,MATCH_LEVEL_3,0.92,"Normalized name match with Paschim Banga Gramin Bank (Type: REGIONAL_RURAL_BANK, State: West Bengal)",True
20071c36-2fb4-4cb9-be0e-9dd1e8259e0f,Plot No.-47,REGIONAL_RURAL_BANK,NONE,UNMATCHED,0.00,No verified statutory entity could be matched with confidence >= 0.70 for 'Plot No.-47',False
472a9928-aaf0-41bc-b9b6-9a5f5d9dfdc9,Prathama UP Gramin Bank Head Office Moradabad,RRB,Prathama U.P. Gramin Bank,MATCH_LEVEL_5,0.75,Conservative brand identifier match for 'PRATHAMA UP GRAMIN BANK' -> Prathama U.P. Gramin Bank,True
84f21b21-8040-4931-8c45-de280ae929f6,Puducherry Grama Bank,REGIONAL_RURAL_BANK,Puduvai Bharathiar Grama Bank,MATCH_LEVEL_4,0.88,Official alias match 'Puducherry Grama Bank' -> Puduvai Bharathiar Grama Bank (Source: GOVERNMENT_DIRECTORY),True
96fb9e7c-25b5-4b25-b204-e110f2787963,Puducherry Puducherry Adi Dravidar Dev. III Floor,STATE_CHANNELIZING_AGENCY,NONE,UNMATCHED,0.00,No verified statutory entity could be matched with confidence >= 0.70 for 'Puducherry Puducherry Adi Dravidar Dev. III Floor',False
ec68f3e7-43c5-4345-95a1-9e9cae1c08d9,Punjab & Sind Bank,PUBLIC_SECTOR_BANK,Punjab & Sind Bank,MATCH_LEVEL_2,0.98,Exact canonical name match: Punjab & Sind Bank,True
ab2f472d-2b84-44ab-84ca-0b9dac3ca0ab,Punjab Gramin Bank,REGIONAL_RURAL_BANK,Punjab Gramin Bank,MATCH_LEVEL_2,0.98,Exact canonical name match: Punjab Gramin Bank,True
7dece241-4db8-48de-9be3-5719921ebbf0,Punjab National Bank,PUBLIC_SECTOR_BANK,Punjab National Bank,MATCH_LEVEL_2,0.98,Exact canonical name match: Punjab National Bank,True
291c9ff8-4923-4674-a1ad-96fa10befc1e,Punjab National Bank (PNB) Corporate Head Office,PSB,Punjab National Bank,MATCH_LEVEL_3,0.92,"Normalized name match with Punjab National Bank (Type: PUBLIC_SECTOR_BANK, State: Delhi)",True
PARTNER-GKP-PNB-01,Punjab National Bank Circle Office & Branch Gorakhpur,PUBLIC_SECTOR_BANK,Punjab National Bank,MATCH_LEVEL_3,0.92,"Normalized name match with Punjab National Bank (Type: PUBLIC_SECTOR_BANK, State: Uttar Pradesh)",True
67dbdc37-f939-41a5-8a62-e8a38a5fc4c6,Punjab Punjab Scheduled Castes Land SCO No.101-102-103,STATE_CHANNELIZING_AGENCY,Punjab Scheduled Castes Land Development and Finance Corporation,MATCH_LEVEL_4,0.88,Official alias match 'Punjab Punjab Scheduled Castes Land SCO No.101-102-103' -> Punjab Scheduled Castes Land Development and Finance Corporation (Source: PB_GOVERNMENT_DIRECTORY),True
84279d00-97a4-4cba-b189-687bfb6848e6,Rajasthan Gramin Bank,REGIONAL_RURAL_BANK,Rajasthan Marudhara Gramin Bank,MATCH_LEVEL_4,0.88,Official alias match 'Rajasthan Gramin Bank' -> Rajasthan Marudhara Gramin Bank (Source: GOVERNMENT_DIRECTORY),True
7021766c-5197-48e4-86bc-492114f27ff7,Rajasthan Rajasthan SCs & STs Fin. & III Floor,STATE_CHANNELIZING_AGENCY,Rajasthan SC and ST Finance and Development Cooperative Corporation,MATCH_LEVEL_4,0.88,Official alias match 'Rajasthan Rajasthan SCs & STs Fin. & III Floor' -> Rajasthan SC and ST Finance and Development Cooperative Corporation (Source: RJ_GOVERNMENT_DIRECTORY),True
6b8dc71e-28b2-47a6-8b9e-02a4c3bc94d7,Punjab & Sind Bank,PUBLIC_SECTOR_BANK,Punjab & Sind Bank,MATCH_LEVEL_2,0.98,"Exact canonical legal name match: Punjab & Sind Bank (Branch: 5th Floor, 21 Rajendra Place, New Delhi)",True
b42dba38-40a8-4665-8f50-eb44a8c91961,Ranchi- 834001,REGIONAL_RURAL_BANK,NONE,UNMATCHED,0.00,No verified statutory entity could be matched with confidence >= 0.70 for 'Ranchi- 834001',False
36b0941b-de2b-4784-8f45-a833973a1818,SIDBI Small Industries Development Bank of India,FINANCIAL_INSTITUTION,Bank of India,MATCH_LEVEL_3,0.92,"Normalized name match with Bank of India (Type: PUBLIC_SECTOR_BANK, State: None)",True
013954b9-8a2e-4f74-a538-82b40b7ce251,Sarva Haryana Gramin Bank Head Office Rohtak,RRB,Sarva Haryana Gramin Bank,MATCH_LEVEL_3,0.92,"Normalized name match with Sarva Haryana Gramin Bank (Type: REGIONAL_RURAL_BANK, State: Haryana)",True
efec3e19-1ab8-4be8-b910-80b3402706d3,Satin Creditcare Network Ltdl.,MICRO_FINANCE_INSTITUTION,Satin Creditcare Network Ltd,MATCH_LEVEL_3,0.92,"Normalized name match with Satin Creditcare Network Ltd (Type: NBFC_MFI, State: None)",True
931413ae-84b2-451f-858d-600dbf3c2ef9,Saurashtra Gramin Bank Head Office Rajkot,RRB,Saurashtra Gramin Bank,MATCH_LEVEL_3,0.92,"Normalized name match with Saurashtra Gramin Bank (Type: REGIONAL_RURAL_BANK, State: Gujarat)",True
915f2d22-33f0-40ed-bdb3-e21b865d3fed,Shri Mahila Sewa Sahakari Bank Ltd,FINANCIAL_INSTITUTION,Shri Mahila Sewa Sahakari Bank Ltd,MATCH_LEVEL_2,0.98,Exact canonical name match: Shri Mahila Sewa Sahakari Bank Ltd,True
0a46cfdd-0140-4eeb-8794-91d667dcad40,Sikkim Sikkim Scheduled Castes Bhanupath,STATE_CHANNELIZING_AGENCY,"Sikkim Scheduled Castes, Scheduled Tribes & Other Backward Classes Development Corporation",MATCH_LEVEL_4,0.88,"Official alias match 'Sikkim Sikkim Scheduled Castes Bhanupath' -> Sikkim Scheduled Castes, Scheduled Tribes & Other Backward Classes Development Corporation (Source: SK_GOVERNMENT_DIRECTORY)",True
PARTNER-UP-LKO-SIDBI-01,Small Industries Development Bank of India (SIDBI) Head Office,STATUTORY_FINANCIAL_CORPORATION,Small Industries Development Bank of India (SIDBI),MATCH_LEVEL_2,0.98,Exact canonical name match: Small Industries Development Bank of India (SIDBI),True
a8acf321-79fc-4c4f-8625-f53474865bfc,State Bank of India (SBI) Corporate Centre,PSB,State Bank of India,MATCH_LEVEL_3,0.92,"Normalized name match with State Bank of India (Type: PUBLIC_SECTOR_BANK, State: Maharashtra)",True
bd179031-c8fc-4128-971f-1d1ca1ae4124,State Bank of India (SBI) Local Head Office New Delhi,PSB,State Bank of India,MATCH_LEVEL_3,0.92,"Normalized name match with State Bank of India (Type: PUBLIC_SECTOR_BANK, State: Delhi)",True
PARTNER-GKP-RSETI-01,State Bank of India Rural Self Employment Training Institute (SBI RSETI) Gorakhpur,RSETI_TRAINING_INSTITUTE,State Bank of India,MATCH_LEVEL_5,0.75,Conservative brand identifier match for 'STATE BANK OF INDIA' -> State Bank of India,True
c30f1d8c-df01-4717-ae7f-a4727b503ff4,Streenidhi,FINANCIAL_INSTITUTION,Streenidhi Credit Cooperative Federation Ltd,MATCH_LEVEL_3,0.92,"Normalized name match with Streenidhi Credit Cooperative Federation Ltd (Type: COOPERATIVE_BANK, State: None)",True
86999842-c677-4406-a501-48eb9e76fabd,Streenidhi AP,FINANCIAL_INSTITUTION,Streenidhi Credit Cooperative Federation Ltd,MATCH_LEVEL_4,0.88,Official alias match 'Streenidhi' -> Streenidhi Credit Cooperative Federation Ltd (Source: COOPERATIVE_REGISTRAR),True
b7733384-4a52-4b12-ba53-0181f8098fa6,Tamil Nadu Adi Dravidar Housing and Development Corporation (TAHDCO),SCA,Tamil Nadu Adi Dravidar Housing and Development Corporation (TAHDCO),MATCH_LEVEL_2,0.98,Exact canonical name match: Tamil Nadu Adi Dravidar Housing and Development Corporation (TAHDCO),True
5fbd0539-07aa-4ffb-83c3-cff7ede183b0,Tamil Nadu Grama Bank,REGIONAL_RURAL_BANK,Tamil Nadu Grama Bank,MATCH_LEVEL_2,0.98,Exact canonical name match: Tamil Nadu Grama Bank,True
953a6e5c-3ec7-4be6-aee7-94b24e212778,Tamil Nadu Grama Bank Head Office Salem,RRB,Tamil Nadu Grama Bank,MATCH_LEVEL_3,0.92,"Normalized name match with Tamil Nadu Grama Bank (Type: REGIONAL_RURAL_BANK, State: Tamil Nadu)",True
0c63b32c-1786-4832-8f35-c749ba391ba9,Tamil Nadu Tamil Nadu Adi Dravidar No.31,STATE_CHANNELIZING_AGENCY,Tamil Nadu Adi Dravidar Housing and Development Corporation (TAHDCO),MATCH_LEVEL_4,0.88,Official alias match 'Tamil Nadu Tamil Nadu Adi Dravidar No.31' -> Tamil Nadu Adi Dravidar Housing and Development Corporation (TAHDCO) (Source: TN_GOVERNMENT_DIRECTORY),True
4aad9936-f656-41f2-8a4b-026dea48ac44,Telangana Grameena Bank,REGIONAL_RURAL_BANK,Telangana Grameena Bank,MATCH_LEVEL_2,0.98,Exact canonical name match: Telangana Grameena Bank,True
83752b0f-14ca-4f50-86de-c8ca42c4e0e4,Tikiapara,REGIONAL_RURAL_BANK,NONE,UNMATCHED,0.00,No verified statutory entity could be matched with confidence >= 0.70 for 'Tikiapara',False
ea995f14-d3f4-44a2-9fa2-5a0c24a0631c,Tripura Gramin Bank,REGIONAL_RURAL_BANK,Tripura Gramin Bank,MATCH_LEVEL_2,0.98,Exact canonical name match: Tripura Gramin Bank,True
53752b86-4597-4117-be7c-5a8b75325407,Tripura Tripura Scheduled Castes Krishna Nagar P.O. Lake Chomubani,STATE_CHANNELIZING_AGENCY,Tripura Scheduled Castes Cooperative Development Corporation,MATCH_LEVEL_4,0.88,Official alias match 'Tripura Tripura Scheduled Castes Krishna Nagar P.O. Lake Chomubani' -> Tripura Scheduled Castes Cooperative Development Corporation (Source: TR_GOVERNMENT_DIRECTORY),True
9e0c0f81-a704-4a8c-9767-984568b82f9a,UCO Bank,PUBLIC_SECTOR_BANK,UCO Bank,MATCH_LEVEL_2,0.98,Exact canonical name match: UCO Bank,True
c0d66564-e402-4c27-8540-d5ac1a42a82a,UCO Bank Head Office Kolkata,PSB,UCO Bank,MATCH_LEVEL_3,0.92,"Normalized name match with UCO Bank (Type: PUBLIC_SECTOR_BANK, State: West Bengal)",True
394c1244-ced5-4681-8195-47fc0f53d124,Ujjiwan Small Finance Bank Small Finance Bank- 02,FINANCIAL_INSTITUTION,Ujjivan Small Finance Bank,MATCH_LEVEL_4,0.88,Official alias match 'Ujjiwan Small Finance Bank Small Finance Bank- 02' -> Ujjivan Small Finance Bank (Source: RBI_DIRECTORY),True
498e27ae-2629-45bd-b50d-d44c27615b09,Union Bank of India,PUBLIC_SECTOR_BANK,Union Bank of India,MATCH_LEVEL_2,0.98,Exact canonical name match: Union Bank of India,True
3f79f6a3-4910-4755-8a65-7e0300385eaf,Union Bank of India Corporate Head Office,PSB,Union Bank of India,MATCH_LEVEL_3,0.92,"Normalized name match with Union Bank of India (Type: PUBLIC_SECTOR_BANK, State: Maharashtra)",True
PARTNER-UP-VNS-UBI-01,Union Bank of India MSME Branch Varanasi,PUBLIC_SECTOR_BANK,Union Bank of India,MATCH_LEVEL_3,0.92,"Normalized name match with Union Bank of India (Type: PUBLIC_SECTOR_BANK, State: Uttar Pradesh)",True
PARTNER-GKP-UBI-01,Union Bank of India Regional Office & Branch Gorakhpur,PUBLIC_SECTOR_BANK,Union Bank of India,MATCH_LEVEL_3,0.92,"Normalized name match with Union Bank of India (Type: PUBLIC_SECTOR_BANK, State: Uttar Pradesh)",True
e4f6f87a-8b1d-4eed-b184-2e55060a30fa,Uttar Pradesh Gramin Bank,REGIONAL_RURAL_BANK,Baroda U.P. Bank,MATCH_LEVEL_4,0.88,Official alias match 'Baroda Uttar Pradesh Gramin Bank' -> Baroda U.P. Bank (Source: DFS_RRB_AMALGAMATION_2020),True
PARTNER-UP-DEO-UPSCFDC-01,Uttar Pradesh Scheduled Caste Finance and Development Corporation (UPSCFDC) Deoria,STATE_CHANNELIZING_AGENCY,Uttar Pradesh Scheduled Caste Finance and Development Corporation (UPSCFDC),MATCH_LEVEL_3,0.92,"Normalized name match with Uttar Pradesh Scheduled Caste Finance and Development Corporation (UPSCFDC) (Type: STATE_CHANNELIZING_AGENCY, State: Uttar Pradesh)",True
PARTNER-GKP-UPSCFDC-01,Uttar Pradesh Scheduled Caste Finance and Development Corporation (UPSCFDC) Gorakhpur,STATE_CHANNELIZING_AGENCY,Uttar Pradesh Scheduled Caste Finance and Development Corporation (UPSCFDC),MATCH_LEVEL_3,0.92,"Normalized name match with Uttar Pradesh Scheduled Caste Finance and Development Corporation (UPSCFDC) (Type: STATE_CHANNELIZING_AGENCY, State: Uttar Pradesh)",True
PARTNER-UP-LKO-UPSCFDC-01,Uttar Pradesh Scheduled Caste Finance and Development Corporation (UPSCFDC) Head Office,STATE_CHANNELIZING_AGENCY,Uttar Pradesh Scheduled Caste Finance and Development Corporation (UPSCFDC),MATCH_LEVEL_2,0.98,Exact canonical name match: Uttar Pradesh Scheduled Caste Finance and Development Corporation (UPSCFDC),True
PARTNER-UP-VNS-UPSCFDC-01,Uttar Pradesh Scheduled Caste Finance and Development Corporation (UPSCFDC) Varanasi,STATE_CHANNELIZING_AGENCY,Uttar Pradesh Scheduled Caste Finance and Development Corporation (UPSCFDC),MATCH_LEVEL_3,0.92,"Normalized name match with Uttar Pradesh Scheduled Caste Finance and Development Corporation (UPSCFDC) (Type: STATE_CHANNELIZING_AGENCY, State: Uttar Pradesh)",True
98346956-4962-402c-b788-300f75c71dd2,Uttar Pradesh UP Sahkari Gram Vikas Bank 10,STATE_CHANNELIZING_AGENCY,Uttar Pradesh Sahkari Gram Vikas Bank,MATCH_LEVEL_4,0.88,Official alias match 'UP Sahkari Gram Vikas Bank 10' -> Uttar Pradesh Sahkari Gram Vikas Bank (Source: UP_GOVERNMENT_DIRECTORY),True
3b1305ce-89dc-480b-a129-358964ccf9f5,Uttar Pradesh UP Scheduled Castes Finance & B-912,STATE_CHANNELIZING_AGENCY,Uttar Pradesh Scheduled Caste Finance and Development Corporation (UPSCFDC),MATCH_LEVEL_4,0.88,Official alias match 'Uttar Pradesh UP Scheduled Castes Finance & B-912' -> Uttar Pradesh Scheduled Caste Finance and Development Corporation (UPSCFDC) (Source: UP_GOVERNMENT_DIRECTORY),True
41804e4e-ea64-429a-8990-cf647fdde1af,Uttarakhand Gramin Bank,REGIONAL_RURAL_BANK,Uttarakhand Gramin Bank,MATCH_LEVEL_2,0.98,Exact canonical name match: Uttarakhand Gramin Bank,True
74de50cc-1bad-4e37-8bd7-a2e8b42d8d8f,Uttarakhand Gramin Bank Head Office Dehradun,RRB,Uttarakhand Gramin Bank,MATCH_LEVEL_3,0.92,"Normalized name match with Uttarakhand Gramin Bank (Type: REGIONAL_RURAL_BANK, State: Uttarakhand)",True
61cb0b78-2ff9-45d2-9453-04be897ec89e,Uttarakhand Uttarakhand Bahu-udeshiya Vitta Janjati Directorate,STATE_CHANNELIZING_AGENCY,Uttarakhand Bahu-uddeshiya Vitta Evam Vikas Nigam,MATCH_LEVEL_4,0.88,Official alias match 'Uttarakhand Uttarakhand Bahu-udeshiya Vitta Janjati Directorate' -> Uttarakhand Bahu-uddeshiya Vitta Evam Vikas Nigam (Source: UK_GOVERNMENT_DIRECTORY),True
9b05cbeb-1a9f-4f46-86d7-6ca2ff484d02,Vector Finance PVT LTD RO-K7/110,MICRO_FINANCE_INSTITUTION,Vector Finance Pvt Ltd,MATCH_LEVEL_3,0.92,"Normalized name match with Vector Finance Pvt Ltd (Type: NBFC_MFI, State: None)",True
0ae9941f-fbf2-4efc-8faf-a137d091e4d0,West Bengal Gramin Bank No.441,REGIONAL_RURAL_BANK,Paschim Banga Gramin Bank,MATCH_LEVEL_4,0.88,Official alias match 'West Bengal Gramin Bank No.441' -> Paschim Banga Gramin Bank (Source: GOVERNMENT_DIRECTORY),True
594d516d-41d7-4435-9ff8-255c67d599f4,"West Bengal SC, ST & OBC Development & Finance Corporation",SCA,"West Bengal SC, ST & OBC Development & Finance Corporation",MATCH_LEVEL_2,0.98,"Exact canonical name match: West Bengal SC, ST & OBC Development & Finance Corporation",True
f2c9e004-271c-4e0e-92a1-52c816fd2a14,West Bengal West Bengal SCs,STATE_CHANNELIZING_AGENCY,"West Bengal SC, ST & OBC Development & Finance Corporation",MATCH_LEVEL_4,0.88,"Official alias match 'West Bengal West Bengal SCs' -> West Bengal SC, ST & OBC Development & Finance Corporation (Source: WB_GOVERNMENT_DIRECTORY)",True
f39947ab-d137-47f3-9917-cdc83f121fe6,e-Gram / CSC Citizen Facilitation Centre Ahmedabad,CSC,CSC e-Governance Services India Limited,MATCH_LEVEL_4,0.88,Official alias match 'CSC' -> CSC e-Governance Services India Limited (Source: MEITY_DIRECTORY),True
4c178627-5223-433c-8a2f-718c8b8e4620,th Floor,PUBLIC_SECTOR_BANK,NONE,UNMATCHED,0.00,No verified statutory entity could be matched with confidence >= 0.70 for 'th Floor',False
